# ProBuilder 6.0.4
# https://unity3d.com/unity/features/worldbuilding/probuilder
# 3/22/2025 7:09:42 PM

mtllib ./Wall_16.mtl
o Wall_16

g Wall_16
v 6 1.840792 2.003402
v 6.152016 1.847437 2.212807
v 6 1.823302 2.197012
v 6.211584 1.850618 2.157364
v 6.211584 1.798502 2.195296
v 6.211835 1.606668 1.52665
v 6.211835 1.616071 1.561795
v 6.183104 1.632854 1.538475
v 6.213787 0.8687898 2.328018
v 6.21356 0.8982747 2.354545
v 6.184984 0.8982747 2.327189
v 6.152325 0.3314418 2.568351
v 6.19672 0.3758367 2.568351
v 6.19672 0.3287702 2.524036
v 6.19672 0.8986819 1.539889
v 6.19672 0.8986819 1.434675
v 6 0.8986819 1.434675
v 5.80328 0.8986819 1.539889
v 5.80328 0.8986819 1.434675
v 6.025484 0.5211049 1.814088
v 6.025484 0.5211049 1.742449
v 5.974517 0.5211049 1.742449
v 6.025484 1.587983 1.742449
v 6.025485 1.587983 1.814088
v 5.974518 1.587983 1.814088
v 6.015339 1.403878 2.365491
v 6.015339 1.332238 2.365491
v 5.984663 1.332238 2.365491
v 6.015339 1.188959 2.365491
v 6.015339 1.11732 2.365491
v 5.984663 1.11732 2.365491
v 5.847986 1.847437 2.212807
v 5.788418 1.850618 2.157364
v 5.788418 1.798502 2.195296
v 5.788166 1.606668 1.52665
v 5.816898 1.632854 1.538475
v 5.788166 1.616071 1.561795
v 5.786214 0.8687898 2.328019
v 5.815017 0.8982747 2.327189
v 5.786441 0.8982747 2.354545
v 5.847676 0.3314418 2.568351
v 5.803281 0.3287704 2.524036
v 5.803281 0.375837 2.568351
v 5.974517 0.5211049 1.814088
v 5.974517 1.587983 1.742449
v 5.984662 1.403878 2.365491
v 5.984662 1.188959 2.365491
v 6.08859 2.478892 3.555619
v 6.000001 2.303834 3.6
v 6.000001 2.504 3.580363
v 6.098937 2.083001 1.745831
v 6.000001 2.104 2.060145
v 6.000001 2.100916 1.67307
v 6.04706 1.28815 3.160991
v 6 1.106637 3.190772
v 6 1.304 3.189991
v 6.151527 3.183458 2.03885
v 6.000001 3.105756 2
v 6.119256 3.105553 2.023061
v 6.090518 1.504 1.230546
v 6.108956 1.499343 1.6
v 6.108914 1.687681 1.639119
v 6.119256 3.225018 0.4834308
v 6.000001 3.105756 0.4
v 6.119256 3.105549 0.4337569
v 6.119255 1.573063 0.4606626
v 6 1.504 0.4175151
v 6.119255 1.513313 0.4401689
v 6.098937 3.333348 0.03687727
v 6.098938 3.504 0.01835584
v 6.000001 3.504 -2.384187E-07
v 6.098938 3.671693 3.969785
v 6.000001 3.704 4
v 6.000001 3.704 3.6
v 6.098938 3.504 3.982421
v 6.000001 3.504 4
v 6.121746 2.926785 0.3772145
v 6.121746 2.926785 -2.529318E-07
v 6.000001 2.910038 -2.384187E-07
v 6.122434 2.087995 3.978909
v 6.122433 1.904024 3.990564
v 6.000001 1.904 4
v 6.098936 1.263508 3.961673
v 6.098936 1.104 3.981644
v 6 1.104 4
v 6.156777 0.485907 3.978627
v 6.156777 0.3039998 3.995067
v 6 0.3039998 4
v 6.098935 0.2925065 0.03569268
v 6.098935 0.304 0.01835584
v 6 0.304 -2.384186E-07
v 6.098935 0.9305975 0.03690516
v 6.098935 1.104 0.01835584
v 6 1.104 -2.384186E-07
v 6.141329 2.533635 0.04297267
v 6.141329 2.704 0.01835583
v 6.000001 2.704 -2.384187E-07
v 6.098936 0.9325464 3.963104
v 6.098936 0.9223559 3.6
v 6 0.9039998 3.594386
v 6.000001 1.304 4
v 6 1.304 3.588769
v 6.122433 1.731985 3.97672
v 6.122433 1.718134 3.6
v 6.000001 1.704 3.588769
v 6.098935 0.922356 0.798822
v 6.098935 0.9416735 0.4120732
v 6 0.9131515 0.4057196
v 6.098936 1.295075 0.8001693
v 6 1.304 0.8280472
v 6 1.304 0.4175151
v 6.098595 1.72602 2.257074
v 6.098599 1.744897 2.000473
v 6 1.716001 1.990305
v 6.098937 2.034365 2.30972
v 6.000001 2.098267 2.359761
v 6.000001 2.917926 0.4162691
v 6.09545 2.883472 0.8205283
v 6.09545 2.895102 1.2
v 6.000001 2.910517 1.2
v 6.122433 1.727936 3.22707
v 6.122433 1.904024 3.209436
v 6.000001 1.904 3.2
v 6.098936 1.904 2.302116
v 6.000001 1.904 2.320472
v 6.098935 1.104 0.8058959
v 6 1.104 0.8242521
v 6.156777 0.279152 3.22832
v 6.156777 0.3039998 3.204933
v 6 0.3039998 3.2
v 6.098935 0.293665 1.61967
v 6.098969 0.3249971 1.620956
v 6 0.3291446 1.611279
v 6.098935 0.4856158 0.7725676
v 6.098968 0.304 0.787066
v 6 0.304 0.8054832
v 6.098938 3.319208 3.233759
v 6.098938 3.504 3.21758
v 6.000001 3.504 3.2
v 6.098938 3.685644 2.364953
v 6.098938 3.504 2.381644
v 6.000001 3.504 2.4
v 6.098938 3.322356 1.590969
v 6.098938 3.504 1.581493
v 6.000001 3.504 1.563137
v 6.098938 3.685644 0.774314
v 6.098938 3.504 0.7816438
v 6.000001 3.504 0.7999998
v 6.098936 0.9372014 3.202121
v 6 0.9095875 3.170435
v 6 0.9039998 4
v 6.000001 1.704 3.2
v 6.000001 1.704 4
v 6.098937 2.706794 3.212122
v 6.098937 2.884339 3.248607
v 6.000001 2.905818 3.184464
v 6.098936 1.722356 1.681728
v 6 1.710467 1.663372
v 6.141329 2.537576 1.987215
v 6.141329 2.526593 1.653941
v 6.000001 2.507915 1.635608
v 6.141329 2.882694 1.675671
v 6.000001 2.906103 1.634823
v 6.000001 2.705606 1.634321
v 6.000001 3.304 1.561265
v 6.000001 3.297583 2.00813
v 6.098938 3.655456 0.03122067
v 6.098938 3.685644 0.4
v 6.000001 3.704 0.4
v 6 0.267185 -2.384186E-07
v 6 0.267185 0.4
v 6.098936 2.060679 0.04964184
v 6.098936 2.085644 0.4
v 6 2.104 0.4
v 6 2.504 -2.384187E-07
v 6.000001 2.504 0.4
v 6.000001 3.304 -2.384187E-07
v 6.000001 3.308041 0.4162691
v 6.110874 0.474179 3.150839
v 6 0.5039998 3.179511
v 6 0.5147538 2.787446
v 6.101522 0.9245211 1.565569
v 6.101522 0.9144707 1.210058
v 6 0.8957299 1.20827
v 6 0.904 1.598399
v 6.101522 1.288128 1.565561
v 6 1.313313 1.598399
v 6 1.304 1.2
v 6.101522 1.278317 0.8767549
v 6.101523 2.083472 1.620058
v 6 2.119085 1.191036
v 6.101524 3.404474 1.52537
v 6.101524 3.504 1.542608
v 6.101524 3.321693 3.168165
v 6.101524 3.31105 2.8
v 6.000001 3.282591 2.846756
v 6.143924 2.53212 2.432625
v 6.143924 2.709996 2.421933
v 6.000001 2.711277 2.405229
v 6.101523 1.904 1.651047
v 6 1.904 1.671575
v 6.107215 0.9274342 2.444291
v 6.107215 1.105637 2.416685
v 6 1.105409 2.391265
v 6.101522 1.108656 1.579471
v 6 1.104 1.6
v 6.101522 0.9243516 0.8558265
v 6.101522 1.108656 0.8447803
v 6.110874 0.3039998 3.185851
v 6.110873 0.2922156 2.405377
v 6.110873 0.3039998 2.41415
v 6 0.3039998 2.4
v 6.124314 0.304 0.8353376
v 6 0.2698478 0.8198289
v 6.101525 3.690003 3.168165
v 6.101524 3.507234 3.186445
v 6.101524 3.319045 2.422942
v 6.101524 3.507234 2.413555
v 6.101524 3.683472 1.531261
v 6.101524 3.324528 0.8259795
v 6.101524 3.504 0.8205283
v 6 0.914698 2.404209
v 6 0.8962864 2.77269
v 6.121746 2.928047 2.822629
v 6.121747 3.103687 2.815801
v 6.000001 3.100374 2.8
v 6.000001 3.307409 2.392696
v 6.101523 1.724528 0.8205283
v 6 1.704 0.7999998
v 6 1.710467 1.2
v 6.121744 0.5266973 2.822902
v 6.121787 1.339512 2.829936
v 6 1.504 2.807139
v 6 1.300558 2.798301
v 6.12163 2.122296 1.241239
v 6.095458 2.880776 1.596692
v 6.095458 2.705792 1.613088
v 6.121744 0.5457218 3.556722
v 6.121744 0.5267851 3.2
v 6.121746 2.932807 3.558457
v 6.000001 2.907187 3.597821
v 6.000001 3.102824 3.6
v 6.121747 3.279801 3.531018
v 6.121747 3.102321 3.577215
v 6.121746 2.122128 2.8425
v 6.121746 2.310905 2.832638
v 6.000001 2.303834 2.808982
v 6.119256 2.939143 2.757538
v 6.000001 2.907166 2.796666
v 6.112151 2.492638 2.003074
v 6.000001 2.508561 2.081502
v 6.121746 3.276038 1.957577
v 6.121745 3.105555 1.986402
v 6.135045 0.5213678 1.229133
v 6.135293 0.7001715 1.208547
v 6 0.7008837 1.203116
v 6.121631 2.294675 1.233285
v 6.000001 2.303835 1.2
v 6.121745 1.320048 0.3960774
v 6.121744 1.326785 -2.529317E-07
v 6 1.304 -2.384186E-07
v 6.040041 0.8937914 3.584178
v 6.124468 2.060583 3.136014
v 6.000001 2.099343 3.2
v 6.000001 2.099343 2.795248
v 6.124468 1.906544 3.172973
v 6.098937 2.870793 3.966582
v 6.000001 2.903996 4
v 6.119254 0.5203238 0.417671
v 6 0.5039999 0.4
v 6 0.5039999 0.8145031
v 6.095117 2.127061 2.083206
v 6.119315 2.931801 2.031595
v 6.119256 3.26583 2.132818
v 6.119256 2.932101 0.4500265
v 6.000001 2.907838 0.7999998
v 6.119255 0.8789662 2.748921
v 6.119255 0.6986688 2.769722
v 6 0.7000576 2.805256
v 6.116045 2.481103 2.763591
v 6.116045 2.303854 2.785922
v 6.119257 3.267169 2.769041
v 6.119256 3.099473 2.779268
v 6.119255 1.66022 1.162178
v 6.119255 1.650491 0.551586
v 6 1.704 0.4175151
v 6.119256 3.275979 1.155187
v 6.000001 3.296579 1.186594
v 6.000001 3.308041 0.7981216
v 6.119255 0.8805104 1.196113
v 6.119255 0.7090807 1.181171
v 6.119255 1.513313 1.186771
v 6 1.504 1.20776
v 6.141329 2.885644 0.7816438
v 6.119255 1.322445 0.4307437
v 6.101524 3.683472 0.8259795
v 6.000001 3.704 0.7981216
v 6.101525 3.690003 2.422942
v 6.000001 3.704 2.392696
v 6.000001 3.301068 3.1979
v 6.000001 3.704 3.1979
v 6.098937 3.326398 0.774314
v 6.098938 3.685644 1.590969
v 6.000001 3.704 1.561265
v 6.098938 3.337147 2.359271
v 6.098938 3.686013 3.233759
v 6.098938 3.336769 3.961871
v 6.000001 3.304 4
v 6.000001 3.704 -2.384187E-07
v 6.101524 3.334544 1.44797
v 6.119257 3.278146 3.626363
v 6.000001 3.301171 3.597842
v 6.119256 2.924268 3.626363
v 6.119257 3.10276 3.623061
v 6.121746 3.288803 1.206493
v 6.000001 3.105756 1.2
v 6.143924 2.888375 2.43345
v 6.000001 2.912976 2.401251
v 6.000001 2.51392 2.405284
v 6.121747 3.268251 2.872783
v 6.095458 2.528341 1.609236
v 6.143916 2.527322 3.144355
v 6.000001 2.511261 3.173651
v 6.000001 2.706331 3.194733
v 6.141329 2.530586 2.384344
v 6.141329 2.838389 2.382796
v 6.061736 2.897882 2.392803
v 6.098937 2.530014 3.971992
v 6.000001 2.504 4
v 6.000001 2.703999 4
v 6.116045 2.488065 2.115806
v 6.000001 2.31146 2.04642
v 6.116045 2.12706 2.761455
v 6.119256 2.480939 3.623061
v 6.121746 2.488717 2.849229
v 6.000001 2.504144 2.79712
v 6.116045 2.121328 2.338366
v 6.116045 2.305749 2.402842
v 6.101523 2.101491 0.8195544
v 6 2.114879 0.7749428
v 6 1.904 0.7922392
v 6 1.705953 2.297133
v 6 2.104 -2.384187E-07
v 6 1.904 -2.384187E-07
v 6.000001 2.103999 4
v 6.119255 1.322445 1.186771
v 6.119256 1.680939 3.623061
v 6.000001 1.504 3.6
v 6.108914 1.687681 1.222785
v 6.121787 1.684212 2.829936
v 6.000001 1.705825 2.798301
v 6.121745 1.339369 3.546872
v 6.090518 1.331442 1.6
v 6.106927 1.280042 2.424824
v 6 1.312503 2.38717
v 6 0.904 0.8280472
v 6.098936 1.285643 3.218356
v 6.098935 1.277639 0.0406022
v 6 0.904 -2.384186E-07
v 6.107053 0.8850883 0.4415001
v 6 0.704 0.4
v 6.119255 0.5390905 2.737824
v 6.135293 0.872456 1.234646
v 6 0.5012582 1.2
v 6.121744 0.8714576 2.835795
v 6 0.5039998 3.594386
v 6 0.7039998 3.594386
v 6.115301 0.3234576 1.577634
v 6.124314 0.3088039 1.558081
v 6 0.2790431 1.597649
v 6.110874 0.295413 3.172709
v 6 0.2671849 3.223388
v 6.098968 0.2878945 0.7779234
v 6.121346 0.2904628 2.378553
v 6 0.275269 2.390569
v 6.156777 0.4880152 3.221341
v 6.098935 0.4772332 0.03201317
v 6 0.5039999 -2.384186E-07
v 6.156777 0.2916225 3.976327
v 6 0.2671849 4
v 6 0.5039998 4
v 6.1153 0.304 1.2
v 6.121745 0.8812287 3.553016
v 6.121745 0.8570656 3.571601
v 6.121785 1.323915 2.845659
v 6.105021 1.315573 2.821784
v 6.14133 2.891108 2.32596
v 6.038452 2.097337 1.676649
v 6.098936 2.027846 1.690968
v 6.042668 0.5096465 1.597642
v 6.098969 0.4449933 1.616381
v 6.101911 0.4949582 1.666563
v 6.085592 1.687981 3.57275
v 6.121745 1.681214 3.541114
v 6.121745 1.656395 3.567557
v 6.121746 2.470411 3.521529
v 6.121746 2.445107 3.5511
v 6.072058 2.868735 3.170344
v 6.143917 2.85692 3.08003
v 6.143917 2.795808 3.153622
v 6.143917 2.880764 2.797672
v 6.107164 1.269499 3.06699
v 6.107215 1.212766 3.13824
v 6.056828 2.088342 3.21256
v 6.122433 2.029983 3.222372
v 6.122433 2.076811 3.272944
v 6.046247 3.286247 2.022267
v 6.119256 3.260944 0.5333741
v 6.083776 3.27317 0.4731987
v 6.098936 2.082119 0.6572817
v 6.098936 2.017631 0.7415441
v 6.050053 1.676601 0.4450753
v 6.042857 0.8940036 0.3819914
v 6.121744 0.8637398 0.2632535
v 6.121744 0.7858413 0.3568085
v 6.121744 0.7044022 0.3774658
v 6.121746 2.310838 3.577215
v 6.098937 2.098052 2.01389
v 6 0.5134628 1.592502
v 6.107215 1.106012 3.165976
v 6.143917 2.706639 3.178206
v 6.141329 2.710517 2.392419
v 6.000001 2.915311 1.997904
v 6.098936 1.904202 0.7739168
v 6 0.2671849 3.6
v 6.098936 1.285643 3.6
v 6.141329 2.706828 1.651142
v 6.141329 2.871068 0.02768062
v 6 0.2699267 1.18902
v 6.110873 0.2846965 2.8
v 6.110874 0.4972423 2.8
v 6.101523 2.104378 1.2
v 6.124314 0.2947174 0.8501056
v 6.107215 0.9178478 2.81295
v 6.119255 1.322445 0.7999998
v 6.121746 3.281214 0.3772145
v 6.124467 1.731451 3.172973
v 6.119255 1.32706 3.623061
v 6.119256 2.12706 3.623061
v 6.000001 2.099343 3.580363
v 6.119255 1.694867 0.8094249
v 6.119256 2.137808 0.7996145
v 6.119256 2.122175 1.176253
v 6.119256 3.279906 0.8023061
v 6.101524 3.317107 1.2
v 6.121746 2.91906 1.206493
v 6.000001 2.910054 1.186556
v 6.098937 2.703999 3.981644
v 6.116045 2.310052 2.072048
v 6.101523 1.904354 0.8138505
v 6.098936 1.902054 0.03018855
v 6.121745 1.504 3.577215
v 6.090518 1.326785 1.222785
v 6.107053 0.7046959 0.4181059
v 6.121744 0.7039998 3.571601
v 6.121346 0.3040039 2.387571
v 5.843224 0.2916225 3.976327
v 5.843224 0.3039998 3.995068
v 6.119256 3.284343 2.402328
v 6.121744 0.8812147 -2.529316E-07
v 5.911413 2.478892 3.555619
v 5.901065 2.083001 1.745831
v 5.952941 1.28815 3.160991
v 5.848475 3.183458 2.03885
v 5.880746 3.105553 2.023061
v 5.909483 1.504 1.230546
v 5.891087 1.687681 1.639119
v 5.891045 1.499343 1.6
v 5.880745 3.225018 0.4834308
v 5.880745 3.105549 0.4337569
v 5.880746 1.573063 0.4606627
v 5.880746 1.513313 0.4401689
v 5.901065 3.333348 0.03687729
v 5.901065 3.504 0.01835586
v 5.901065 3.671693 3.969785
v 5.901065 3.504 3.982421
v 5.878256 2.926785 0.3772145
v 5.878256 2.926785 -2.239056E-07
v 5.877569 2.087995 3.978909
v 5.877569 1.904024 3.990565
v 5.901066 1.263508 3.961673
v 5.901066 1.104 3.981644
v 5.843224 0.485907 3.978627
v 5.901065 0.2925065 0.03569271
v 5.901065 0.304 0.01835586
v 5.901065 0.9305975 0.03690518
v 5.901065 1.104 0.01835586
v 5.858673 2.533635 0.04297271
v 5.858672 2.704 0.01835587
v 5.901066 0.9325464 3.963104
v 5.901066 0.9223559 3.6
v 5.877569 1.731985 3.97672
v 5.877569 1.718134 3.6
v 5.901065 0.922356 0.798822
v 5.901065 0.9416735 0.4120732
v 5.901065 1.295075 0.8001693
v 5.901406 1.72602 2.257074
v 5.901402 1.744897 2.000473
v 5.901065 2.034365 2.30972
v 5.904552 2.883472 0.8205284
v 5.904552 2.895102 1.2
v 5.877569 1.727936 3.22707
v 5.877568 1.904024 3.209436
v 5.901065 1.904 2.302116
v 5.901065 1.104 0.8058959
v 5.843224 0.279152 3.22832
v 5.843224 0.3039998 3.204933
v 5.901065 0.293665 1.61967
v 5.901031 0.3249971 1.620956
v 5.901065 0.4856158 0.7725676
v 5.901032 0.304 0.7870661
v 5.901065 3.319208 3.233759
v 5.901065 3.504 3.21758
v 5.901065 3.685644 2.364953
v 5.901065 3.504 2.381644
v 5.901065 3.322356 1.590969
v 5.901065 3.504 1.581493
v 5.901065 3.685644 0.774314
v 5.901065 3.504 0.7816439
v 5.901066 0.9372014 3.202121
v 5.901065 2.706794 3.212122
v 5.901065 2.884339 3.248607
v 5.901065 1.722356 1.681728
v 5.858673 2.537576 1.987215
v 5.858673 2.526593 1.653941
v 5.858673 2.882694 1.675671
v 5.901065 3.655456 0.03122069
v 5.901065 3.685644 0.4
v 5.901065 2.060679 0.04964187
v 5.901065 2.085644 0.4
v 5.889127 0.474179 3.150839
v 5.898479 0.9245211 1.565569
v 5.898479 0.9144707 1.210058
v 5.898479 1.288128 1.565561
v 5.898479 1.278317 0.8767549
v 5.898479 2.083472 1.620058
v 5.898478 3.404474 1.52537
v 5.898478 3.504 1.542608
v 5.898478 3.321693 3.168165
v 5.898478 3.31105 2.8
v 5.856078 2.53212 2.432625
v 5.856078 2.709996 2.421933
v 5.898479 1.904 1.651047
v 5.892786 0.9274342 2.444291
v 5.892786 1.105637 2.416685
v 5.898479 1.108656 1.579472
v 5.898479 0.9243516 0.8558265
v 5.898479 1.108656 0.8447803
v 5.889127 0.3039998 3.185851
v 5.889127 0.2922156 2.405377
v 5.889127 0.3039998 2.41415
v 5.875686 0.304 0.8353376
v 5.898478 3.690003 3.168165
v 5.898478 3.507234 3.186445
v 5.898478 3.319045 2.422942
v 5.898478 3.507234 2.413555
v 5.898478 3.683472 1.531261
v 5.898478 3.324528 0.8259796
v 5.898478 3.504 0.8205284
v 5.878256 2.928047 2.822629
v 5.878256 3.103687 2.815801
v 5.898479 1.724528 0.8205284
v 5.878257 0.5266973 2.822902
v 5.878214 1.339512 2.829936
v 5.878371 2.122296 1.241239
v 5.904544 2.880776 1.596692
v 5.904544 2.705792 1.613088
v 5.878257 0.5457218 3.556722
v 5.878257 0.5267851 3.2
v 5.878256 2.932807 3.558457
v 5.878256 3.279801 3.531018
v 5.878256 3.102321 3.577215
v 5.878256 2.122128 2.8425
v 5.878256 2.310905 2.832638
v 5.880746 2.939143 2.757538
v 5.887851 2.492638 2.003074
v 5.878257 3.276038 1.957577
v 5.878257 3.105555 1.986402
v 5.864955 0.5213678 1.229133
v 5.864707 0.7001715 1.208547
v 5.878371 2.294675 1.233285
v 5.878256 1.320048 0.3960775
v 5.878256 1.326785 -2.239056E-07
v 5.95996 0.8937914 3.584178
v 5.875534 2.060583 3.136014
v 5.875534 1.906544 3.172973
v 5.901065 2.870793 3.966582
v 5.880746 0.5203238 0.417671
v 5.904885 2.127061 2.083206
v 5.880687 2.931801 2.031595
v 5.880746 3.26583 2.132818
v 5.880745 2.932101 0.4500266
v 5.880746 0.8789662 2.748921
v 5.880746 0.6986688 2.769722
v 5.883957 2.481103 2.763591
v 5.883957 2.303854 2.785922
v 5.880746 3.267169 2.769041
v 5.880746 3.099473 2.779268
v 5.880746 1.66022 1.162178
v 5.880746 1.650491 0.551586
v 5.880745 3.275979 1.155187
v 5.880746 0.8805104 1.196113
v 5.880746 0.7090807 1.181171
v 5.880746 1.513313 1.186771
v 5.858673 2.885644 0.7816439
v 5.880746 1.322445 0.4307438
v 5.898478 3.683472 0.8259796
v 5.898478 3.690003 2.422942
v 5.901065 3.326398 0.774314
v 5.901065 3.685644 1.590969
v 5.901065 3.337147 2.359271
v 5.901065 3.686013 3.233759
v 5.901065 3.336769 3.961871
v 5.898478 3.334544 1.44797
v 5.880746 3.278146 3.626363
v 5.880746 2.924268 3.626363
v 5.880746 3.10276 3.623061
v 5.878256 3.288803 1.206493
v 5.856078 2.888375 2.43345
v 5.878256 3.268251 2.872783
v 5.904544 2.528341 1.609236
v 5.856086 2.527322 3.144355
v 5.858673 2.530586 2.384344
v 5.858673 2.838389 2.382796
v 5.938267 2.897882 2.392803
v 5.901065 2.530014 3.971992
v 5.883957 2.488065 2.115806
v 5.883957 2.12706 2.761455
v 5.880746 2.480939 3.623061
v 5.878256 2.488717 2.849229
v 5.883957 2.305749 2.402842
v 5.883957 2.121328 2.338366
v 5.898478 2.101491 0.8195544
v 5.880746 1.322445 1.186771
v 5.880746 1.680939 3.623061
v 5.891087 1.687681 1.222785
v 5.878214 1.684212 2.829936
v 5.878257 1.339369 3.546872
v 5.909483 1.331442 1.6
v 5.893074 1.280042 2.424824
v 5.901065 1.285643 3.218356
v 5.901065 1.277639 0.04060222
v 5.892947 0.8850883 0.4415001
v 5.880746 0.5390905 2.737824
v 5.864707 0.872456 1.234646
v 5.878257 0.8714576 2.835795
v 5.8847 0.3234576 1.577634
v 5.875686 0.3088039 1.558081
v 5.889127 0.295413 3.172709
v 5.901032 0.2878945 0.7779235
v 5.878654 0.2904628 2.378553
v 5.843224 0.4880152 3.221341
v 5.901065 0.4772332 0.03201319
v 5.8847 0.304 1.2
v 5.878257 0.8570656 3.571601
v 5.878257 0.8812287 3.553016
v 5.878216 1.323915 2.845659
v 5.89498 1.315573 2.821784
v 5.858673 2.891108 2.32596
v 5.96155 2.097337 1.676649
v 5.901065 2.027846 1.690968
v 5.957332 0.5096465 1.597642
v 5.898089 0.4949582 1.666563
v 5.901031 0.4449933 1.616381
v 5.91441 1.687981 3.57275
v 5.878256 1.656395 3.567557
v 5.878256 1.681214 3.541114
v 5.878256 2.445107 3.5511
v 5.878256 2.470411 3.521529
v 5.927944 2.868735 3.170344
v 5.856086 2.795808 3.153622
v 5.856086 2.85692 3.08003
v 5.856086 2.880764 2.797672
v 5.892786 1.212766 3.13824
v 5.892837 1.269499 3.06699
v 5.943173 2.088342 3.21256
v 5.877568 2.076811 3.272944
v 5.877568 2.029983 3.222372
v 5.953755 3.286247 2.022267
v 5.880745 3.260944 0.5333741
v 5.916227 3.27317 0.4731987
v 5.901065 2.017631 0.7415441
v 5.901065 2.082119 0.6572818
v 5.949948 1.676601 0.4450753
v 5.957144 0.8940036 0.3819914
v 5.878256 0.7858413 0.3568085
v 5.878256 0.8637398 0.2632535
v 5.878256 0.7044022 0.3774658
v 5.878256 2.310838 3.577215
v 5.901065 2.098052 2.01389
v 5.892786 1.106012 3.165976
v 5.856086 2.706639 3.178206
v 5.858673 2.710517 2.392419
v 5.901065 1.904202 0.7739168
v 5.901066 1.285643 3.6
v 5.858673 2.706828 1.651142
v 5.858672 2.871068 0.02768066
v 5.889127 0.2846965 2.8
v 5.889127 0.4972423 2.8
v 5.898479 2.104378 1.2
v 5.875686 0.2947174 0.8501056
v 5.892786 0.9178478 2.81295
v 5.880746 1.322445 0.7999998
v 5.878256 3.281214 0.3772145
v 5.875534 1.731451 3.172973
v 5.880746 1.32706 3.623061
v 5.880746 2.12706 3.623061
v 5.880746 1.694867 0.809425
v 5.880746 2.137808 0.7996145
v 5.880746 2.122175 1.176253
v 5.880745 3.279906 0.8023062
v 5.898478 3.317107 1.2
v 5.878256 2.91906 1.206493
v 5.901065 2.703999 3.981644
v 5.883957 2.310052 2.072048
v 5.898479 1.904354 0.8138505
v 5.901065 1.902054 0.03018858
v 5.878256 1.504 3.577215
v 5.909483 1.326785 1.222785
v 5.858335 1.505301 2.391686
v 5.858335 1.687746 2.275738
v 5.892947 0.7046959 0.4181059
v 5.878257 0.7039998 3.571601
v 5.878654 0.3040039 2.387571
v 6.141666 1.505301 2.391686
v 6.141666 1.687746 2.275738
v 5.880746 3.284343 2.402328
v 5.878256 0.8812147 -2.239057E-07
v 5.858335 1.328766 2.380599
v 6.141666 1.328766 2.380599
v 5.880746 0.5247809 2.4
v 6 0.5039999 2.4
v 5.880746 0.7039998 2.4
v 6.119255 0.7039998 2.4
v 6.119255 0.5247809 2.4
v 6 0.3207172 2.390441
v 6.19672 0.3207169 2.390441
v 5.803281 0.3207172 2.390441
v 6 0.3314418 2.568351
v 6.156777 0.279152 3.6
v 6.156777 0.4920326 3.6
v 6.122434 2.085148 3.6
v 6.098937 2.522356 3.593016
v 6.098938 3.319248 3.6
v 6.098935 0.4856438 0.4
v 6.121346 0.4800782 2.011194
v 6.121346 0.4884598 2.387571
v 6 0.497247 1.992354
v 6.000001 2.504 1.188902
v 6.095449 2.524529 1.2
v 6.095449 2.524529 0.8205283
v 6.000001 2.504 0.7999998
v 6.098938 3.322356 2
v 6 0.267185 1.991618
v 6.121346 0.2826913 1.993096
v 6.124314 0.2947174 1.2
v 6 0.2671849 2.740493
v 6.10693 1.276867 2.806461
v 6.143916 2.524805 2.801276
v 6.101522 1.288034 1.200094
v 6.119316 2.931864 2.403491
v 6.141329 2.885644 0.4
v 6.135044 0.5279689 1.599517
v 6.135293 0.8839641 1.600027
v 6.121746 3.288803 1.600006
v 6.121747 3.282637 3.193016
v 6.121745 1.326785 3.2
v 6.124393 1.721812 2.804211
v 6.121747 2.12706 4
v 6.107053 0.8902524 0.7999998
v 6.119255 0.893917 2.4
v 6.116045 2.489331 2.407834
v 6.000001 2.704 0.7999998
v 6.121815 2.918853 1.60661
v 6.121814 2.924001 1.982865
v 6.14133 2.891108 2.006984
v 6.098938 3.686013 3.6
v 6.098935 0.2855411 0.4
v 6.141329 2.522356 0.4
v 6.098937 3.326398 0.4
v 6.098937 2.882911 3.593016
v 6.12163 2.122296 2.026287
v 6.124468 2.07698 2.79788
v 6.124468 2.081637 2.382548
v 6.119254 0.5270605 0.7999998
v 6.121745 0.8854427 3.185202
v 5.843224 0.279152 3.6
v 5.843224 0.4920326 3.6
v 5.877569 2.085148 3.6
v 5.901065 2.522356 3.593016
v 5.901065 3.319248 3.6
v 5.901065 0.4856438 0.4
v 5.878654 0.4800782 2.011194
v 5.878654 0.4884598 2.387571
v 5.904552 2.524529 1.2
v 5.904552 2.524529 0.8205284
v 5.901065 3.322356 2
v 5.878654 0.2826913 1.993096
v 5.875686 0.2947174 1.2
v 5.893072 1.276867 2.806461
v 5.856086 2.524805 2.801276
v 5.898479 1.288034 1.200094
v 5.880687 2.931864 2.403491
v 5.858672 2.885644 0.4
v 5.864957 0.5279689 1.599517
v 5.864707 0.8839641 1.600027
v 5.878256 3.288803 1.600006
v 5.878256 3.282637 3.193016
v 5.878256 1.326785 3.2
v 5.875609 1.721812 2.804211
v 5.878256 2.12706 4
v 5.892948 0.8902524 0.7999998
v 5.880746 0.893917 2.4
v 5.883957 2.489331 2.407834
v 5.878188 2.918853 1.60661
v 5.878189 2.924001 1.982865
v 5.858673 2.891108 2.006985
v 5.901065 3.686013 3.6
v 5.901065 0.2855411 0.4
v 5.858673 2.522356 0.4
v 5.901065 3.326398 0.4
v 5.901065 2.882911 3.593016
v 5.878371 2.122296 2.026288
v 5.875534 2.07698 2.79788
v 5.875534 2.081637 2.382548
v 5.880746 0.5270605 0.7999998
v 5.878257 0.8854427 3.185202
v 6 1.559739 1.640074
v 6.19672 0.8987311 2.462946
v 6.19672 0.8987311 2.357732
v 6 0.8987311 2.357732
v 5.803281 0.8987311 2.462946
v 5.803281 0.8987311 2.357732
v 6.19672 0.8987311 2.56816
v 6 0.8987311 2.462946
v 5.803281 0.8987311 2.56816
v 6 0.8987311 2.56816
v 6.209225 0.3189365 2.211604
v 6 0.3189367 2.211604
v 6.209225 0.4366555 2.211604
v 5.790776 0.3189367 2.211604
v 5.790776 0.4366557 2.211604
v 6 0.4366557 2.211604
v 6.209225 0.5543745 2.211604
v 5.790776 0.5543746 2.211604
v 6 0.5543746 2.211604
v 6.098937 1.904 1.689931
v 5.901065 1.904 1.689931
v 6.210093 1.485529 2.260466
v 6 1.485529 2.260466
v 6.210093 1.352907 2.303558
v 6 1.352907 2.303558
v 6.210093 1.220285 2.346649
v 6 1.220285 2.346649
v 5.789909 1.220285 2.346649
v 5.789909 1.352907 2.303558
v 5.789909 1.485529 2.260466
v 6.210093 1.557682 2.36073
v 6 1.557682 2.36073
v 6.210093 1.629836 2.460993
v 6 1.629836 2.460993
v 5.789909 1.629836 2.460993
v 5.789909 1.557682 2.36073
v 6.210093 1.454392 2.537347
v 6.210093 1.25932 2.581381
v 6 1.454392 2.537347
v 6 1.25932 2.581381
v 5.789909 1.25932 2.581381
v 5.789909 1.454392 2.537347
v 6.210093 1.239803 2.464015
v 6 1.239803 2.464015
v 5.789909 1.239803 2.464015
v 6.210093 1.398743 2.412372
v 6.196462 1.476963 1.722802
v 6 1.476963 1.722802
v 6.196462 1.533389 1.814046
v 6 1.533389 1.814046
v 5.803539 1.533389 1.814046
v 5.803539 1.476963 1.722802
v 6.196462 1.541597 1.632987
v 6 1.541597 1.632987
v 6.196462 1.606232 1.543172
v 6 1.606232 1.543172
v 5.803539 1.606232 1.543172
v 5.803539 1.541597 1.632987
v 6.196462 1.601432 1.89412
v 6 1.601432 1.89412
v 5.803539 1.601432 1.89412
v 6.196462 1.724424 1.671571
v 6.196462 1.81136 1.825507
v 6 1.724424 1.671571
v 6 1.81136 1.825507
v 5.803539 1.81136 1.825507
v 5.803539 1.724424 1.671571
v 6.196462 1.623997 1.7464
v 6.196462 1.706396 1.859813
v 6 1.706396 1.859813
v 5.803539 1.706396 1.859813
v 6.211584 1.586281 1.880455
v 6 1.586281 1.880455
v 6.211584 1.574415 2
v 6 1.574415 2
v 5.788418 1.574415 2
v 5.788417 1.586281 1.880455
v 6.211584 1.704792 1.841722
v 6 1.704792 1.841722
v 6.211584 1.823302 1.802988
v 6 1.823302 1.802988
v 5.788418 1.823302 1.802988
v 5.788418 1.704792 1.841722
v 6.211584 1.586281 2.119545
v 6 1.586281 2.119545
v 5.788418 1.586281 2.119545
v 6.211584 1.704792 2.158278
v 6.211584 1.840792 2.003402
v 5.788418 1.840792 2.003402
v 6.211584 1.704792 2
v 6.196462 1.601432 2.10588
v 6 1.601432 2.10588
v 6.196462 1.539197 2.191539
v 6 1.539197 2.191539
v 6.196462 1.476962 2.277198
v 6 1.476962 2.277198
v 5.803539 1.476962 2.277198
v 5.803539 1.539197 2.191539
v 5.803539 1.601432 2.10588
v 6.196462 1.706396 2.140187
v 6 1.706396 2.140187
v 6.196462 1.81136 2.174493
v 6 1.81136 2.174493
v 5.803539 1.81136 2.174493
v 5.803539 1.706396 2.140187
v 6.196462 1.717196 2.325064
v 6.196462 1.606231 2.456828
v 6 1.717196 2.325064
v 6 1.606231 2.456828
v 5.803539 1.606231 2.456828
v 5.803539 1.717196 2.325064
v 6.196462 1.623996 2.2536
v 6.196462 1.541597 2.367013
v 6 1.541597 2.367013
v 5.803539 1.541597 2.367013
v 6.211835 1.257401 1.416483
v 6.211835 1.456072 1.458643
v 6 1.257401 1.416483
v 6 1.456072 1.458643
v 5.788166 1.456072 1.458643
v 5.788166 1.257401 1.416483
v 6 1.632854 1.538475
v 6 1.217846 1.654342
v 6.211835 1.217846 1.654342
v 6.211835 1.237624 1.535412
v 6 1.237624 1.535412
v 5.788166 1.237624 1.535412
v 5.788166 1.217846 1.654342
v 6.211835 1.352235 1.698007
v 6 1.352235 1.698008
v 6.211835 1.486624 1.741673
v 6 1.486624 1.741673
v 5.788166 1.486624 1.741673
v 5.788166 1.352235 1.698008
v 6.211835 1.559739 1.640074
v 6.211835 1.398682 1.587743
v 6.196721 1.273598 2.56816
v 6.19672 1.090468 2.577946
v 6 1.090468 2.577946
v 6 1.273598 2.56816
v 5.803281 1.273598 2.56816
v 5.803281 1.090468 2.577946
v 6.196721 1.273598 2.462946
v 6 1.273598 2.462946
v 6.196721 1.273598 2.357732
v 6 1.273598 2.357732
v 5.803281 1.273598 2.357732
v 5.803281 1.273598 2.462946
v 6.19672 1.087512 2.342787
v 6 1.087512 2.342787
v 5.803281 1.087512 2.342787
v 6.209922 0.8982747 2.582187
v 6.209922 0.7205003 2.588338
v 6 0.7205003 2.588338
v 6 0.8982747 2.582187
v 5.790079 0.8982747 2.582187
v 5.790079 0.7205003 2.588338
v 6.209922 0.8982747 2.462946
v 6 0.8982747 2.462946
v 5.790079 0.8982747 2.462946
v 6 0.8982747 2.343705
v 6.209922 0.7203645 2.343705
v 6.209922 0.7203645 2.462946
v 6.209922 0.5424539 2.343705
v 6.209922 0.5424539 2.462946
v 6.209922 0.5424539 2.582187
v 6 0.5424542 2.343705
v 6 0.5424542 2.462946
v 6 0.5424542 2.582187
v 5.790079 0.5424542 2.582187
v 5.790079 0.5424542 2.462946
v 5.790079 0.5424542 2.343705
v 6.19672 0.4366554 2.568351
v 6.19672 0.5418693 2.568351
v 6.19672 0.5418693 2.390441
v 6.19672 0.4366554 2.390441
v 6.19672 0.5418693 2.212531
v 6.19672 0.4366554 2.212531
v 6.19672 0.3314415 2.212531
v 6 0.5418695 2.390441
v 6 0.5418695 2.212531
v 5.803281 0.5418695 2.212531
v 5.803281 0.5418695 2.390441
v 6 0.3314418 2.212531
v 5.803281 0.3314418 2.212531
v 6.209225 0.314108 2.0177
v 6 0.3141082 2.0177
v 5.790775 0.3141082 2.0177
v 6.209225 0.5543745 1.823796
v 6.209225 0.5609544 2.0177
v 6 0.5609547 2.0177
v 6 0.5543746 1.823796
v 5.790775 0.5543746 1.823796
v 5.790775 0.5609547 2.0177
v 6.209225 0.3189365 1.823796
v 6 0.3189367 1.823796
v 5.790775 0.3189367 1.823796
v 6.209225 0.4366555 1.823796
v 6 0.4366557 1.823796
v 5.790775 0.4366557 1.823796
v 6.19672 0.3314415 1.822627
v 6 0.3314418 1.822627
v 6.19672 0.4366554 1.822627
v 6 0.4366556 1.822627
v 6.19672 0.5418693 1.822627
v 6 0.5418695 1.822627
v 5.803281 0.5418695 1.822627
v 5.803281 0.4366556 1.822627
v 5.803281 0.3314418 1.822627
v 6.19672 0.5418693 1.434552
v 6.19672 0.5473942 1.628589
v 6 0.5473944 1.628589
v 6 0.5418695 1.434552
v 5.80328 0.5418695 1.434552
v 5.803281 0.5473944 1.628589
v 6.19672 0.3314415 1.628589
v 6.19672 0.3314415 1.434552
v 6 0.3314418 1.434552
v 6 0.3314418 1.628589
v 5.803281 0.3314418 1.628589
v 5.80328 0.3314418 1.434552
v 6.19672 0.4366554 1.434552
v 6.19672 0.4366554 1.628589
v 6 0.4366556 1.434552
v 5.80328 0.4366556 1.434552
v 6.19672 1.254502 1.645103
v 6.19672 1.076604 1.654881
v 6 1.076604 1.654881
v 6 1.254502 1.645103
v 5.803281 1.254502 1.645103
v 5.803281 1.076604 1.654881
v 6.19672 1.254502 1.539889
v 6 1.254502 1.539889
v 6.19672 1.254502 1.434675
v 6 1.254502 1.434675
v 5.80328 1.254502 1.434675
v 5.80328 1.254502 1.539889
v 6.19672 1.079922 1.421712
v 6 1.079922 1.421712
v 5.80328 1.079922 1.421712
v 6 0.8986819 1.645103
v 6.19672 0.8986819 1.645103
v 6 0.8986819 1.539889
v 5.803281 0.8986819 1.645103
v 6.21243 0.8980932 1.653141
v 6.21243 0.7217728 1.661915
v 6 0.7217728 1.661915
v 6 0.8980932 1.653141
v 5.78757 0.8980932 1.653141
v 5.78757 0.7217728 1.661915
v 6.21243 0.8980932 1.539889
v 6 0.8980932 1.539889
v 6.21243 0.8980932 1.426637
v 6 0.8980932 1.426637
v 5.78757 0.8980932 1.426637
v 5.78757 0.8980932 1.539889
v 6.21243 0.7229255 1.418304
v 6 0.7229255 1.418304
v 5.78757 0.7229255 1.418304
v 6.21243 0.5422724 1.426637
v 6 0.5422727 1.426637
v 5.78757 0.5422727 1.426637
v 6.21243 0.5422724 1.539889
v 6 0.5422727 1.539889
v 6.21243 0.5422724 1.653141
v 6 0.5422727 1.653141
v 5.78757 0.5422727 1.653141
v 5.78757 0.5422727 1.539889
v 6.025484 0.5211049 2.243925
v 5.974517 0.5211049 2.243925
v 6.025484 0.7920574 2.231194
v 5.974518 0.7920574 2.231194
v 6.025484 0.5211049 2.172285
v 6.025484 0.7920574 2.159555
v 6.025485 1.587983 2.172285
v 6.025485 1.587983 2.243925
v 5.974517 0.5211049 2.172285
v 5.974518 1.587983 2.243925
v 5.974518 1.587983 2.172285
v 5.974518 0.7920574 2.159555
v 6.025484 0.5211049 2.029006
v 5.974517 0.5211049 2.029006
v 6.025484 1.354428 2.005766
v 5.974518 1.354428 2.005766
v 6.025484 0.5211049 1.957367
v 6.025484 1.354428 1.934127
v 6.025485 1.587983 1.957367
v 6.025485 1.587983 2.029006
v 5.974517 0.5211049 1.957367
v 5.974518 1.587983 2.029006
v 5.974518 1.587983 1.957367
v 5.974518 1.354428 1.934127
v 6.025484 0.7608074 1.762442
v 6.025484 0.7608074 1.834081
v 5.974517 0.7608074 1.834081
v 5.974517 0.7608074 1.762442
v 6.015339 1.35203 1.864025
v 6.015339 1.423669 1.864025
v 6.015339 1.403878 1.62434
v 6.015339 1.332238 1.62434
v 5.984663 1.423669 1.864025
v 5.984663 1.35203 1.864025
v 5.984663 1.332238 1.62434
v 5.984663 1.403878 1.62434
v 6.015339 1.129193 2.267715
v 6.015339 1.200832 2.267715
v 6.015339 1.188959 1.994915
v 6.015339 1.11732 1.994915
v 6.015339 1.11732 1.62434
v 6.015339 1.188959 1.62434
v 5.984663 1.200832 2.267715
v 5.984663 1.188959 1.994915
v 5.984663 1.188959 1.62434
v 5.984663 1.11732 1.62434
v 5.984663 1.11732 1.994915
v 5.984663 1.129193 2.267715
v 6.015339 0.9024018 2.365491
v 6.015339 0.9740412 2.365491
v 6.015339 0.9024017 1.62434
v 6.015339 0.9740412 1.62434
v 5.984663 0.9740412 2.365491
v 5.984663 0.9740412 1.62434
v 5.984663 0.9024018 2.365491
v 5.984663 0.9024017 1.62434
v 6.015339 0.6874835 2.365491
v 6.015339 0.7591228 2.365491
v 6.015338 0.6874835 1.62434
v 6.015339 0.7591228 1.62434
v 5.984663 0.7591228 2.365491
v 5.984663 0.7591228 1.62434
v 5.984663 0.6874835 2.365491
v 5.984663 0.6874835 1.62434
v 5.789909 1.398743 2.412372
v 5.803539 1.623997 1.7464
v 5.788418 1.704792 2.158279
v 5.788418 1.704792 2
v 5.803539 1.623996 2.2536
v 5.788166 1.559739 1.640074
v 5.788166 1.398682 1.587743
v 5.790079 0.7203645 2.343705
v 5.790079 0.7203645 2.462946
v 5.803281 0.4366556 2.568351
v 5.803281 0.5418695 2.568351
v 5.803281 0.4366556 2.390441
v 5.803281 0.4366556 2.212531
v 5.803281 0.4366556 1.628589
v 6.112088 2.294675 1.60051
v 6.112088 2.299817 2.01703
v 6.112152 2.485486 1.599388
v 6.121631 2.480182 1.227619
v 6.107053 0.7133129 0.7999998
v 6.11904 0.5243681 1.177218
v 6.121747 3.105553 4
v 6.121747 3.280939 4
v 6.121747 2.92706 4
v 6.121346 0.2995422 2.002982
v 6.115301 0.4874174 1.561706
v 6.115301 0.4764675 1.2
v 6.124314 0.4789288 0.8449014
v 6.135293 0.7040225 1.600027
v 6.098936 1.72041 0.03018855
v 6 1.704 -2.384187E-07
v 6.098937 2.530369 3.194792
v 6.000001 3.704 1.2
v 6.101524 3.683472 1.2
v 6.000001 3.704 2
v 6.098938 3.685644 2
v 6.098936 1.106123 3.210925
v 6.098936 1.285644 0.4
v 6.098936 1.722356 0.4
v 6.098936 1.722356 0.7816438
v 6.000001 3.704 2.8
v 6.101525 3.690003 2.8
v 6.107215 0.9319623 3.147579
v 6.110874 0.4864882 2.41415
v 6.121746 2.122128 3.2
v 6.121746 2.122128 3.557578
v 6.121746 2.481169 3.230112
v 6.121744 0.6988284 2.82968
v 6.121746 2.929246 3.206524
v 6.119256 2.932101 1.155187
v 6.119256 3.105549 1.168593
v 6.121744 0.5267851 0.3772145
v 6.121744 0.5267853 -2.529316E-07
v 6.121744 0.704 -2.529316E-07
v 6.121745 1.681214 0.3947299
v 6.121745 1.681214 -2.529317E-07
v 6.121745 2.126785 0.3772145
v 6.121745 2.126785 -2.529318E-07
v 6.121746 2.481215 0.3772145
v 6.121746 2.481215 -2.529318E-07
v 6.119256 2.485828 0.4126495
v 6.119256 2.485828 0.7999998
v 6.119256 2.485828 1.176253
v 6.121746 3.281214 -2.529319E-07
v 6.121746 3.105555 0.3772145
v 6.124393 1.721792 2.32028
v 6.124468 1.894903 2.34326
v 6.119255 0.5270603 3.617447
v 6.121745 0.5270603 4
v 6.119255 0.8809392 3.617447
v 6.121746 0.8809392 4
v 6.121746 1.32706 4
v 6.121746 1.680939 4
v 6.121745 1.681214 3.2
v 6.141666 1.687746 2.782939
v 6.121747 2.480939 4
v 6.119255 1.513313 0.8094249
v 6.119256 2.122175 0.4126495
v 6.119256 3.105549 0.8023061
v 6.119256 2.932101 0.8023061
v 6.119256 1.504 3.623061
v 6.119256 2.303854 3.623061
v 6.141666 1.320176 2.782939
v 6.141666 1.503961 2.791522
v 6.119256 2.303851 1.18735
v 6.121746 3.105555 1.206493
v 6.095449 2.704 0.8205283
v 6.121746 3.105555 -2.529318E-07
v 6.141329 2.522356 0.7816438
v 6.141329 2.704 0.7816438
v 6.141329 2.704 0.4
v 6 2.303835 0.4
v 6.119256 2.303851 0.4126495
v 6.121746 2.303854 0.3772145
v 6.12163 2.122296 1.672085
v 6.121747 2.303854 4
v 6.121745 2.303854 -2.529318E-07
v 6.101523 1.724528 1.642843
v 6.098937 1.904 2
v 6.122433 1.904024 3.6
v 6.098936 1.904 0.4
v 6.101523 1.724528 1.2
v 6.101523 1.904 1.2
v 6.121745 1.504 0.3947299
v 6.121746 1.504 4
v 6.121745 1.504 -2.529317E-07
v 6.098935 1.104 0.4
v 6.119255 0.7039998 3.617447
v 6.121745 0.7039998 4
v 6.193609 -0.2960002 4
v 6.193609 -0.2960002 -2.614986E-07
v 6 -0.296 -2.384186E-07
v 6 -0.296 4
v 5.806391 -0.296 4
v 5.806391 -0.296 -2.153386E-07
v 6.193609 0.2493657 1.991618
v 6.193609 0.2574497 2.390569
v 6.19361 0.2493656 2.740493
v 6.19361 0.2493656 3.223388
v 6.19361 0.2493656 3.6
v 6.19361 0.2493656 4
v 6.193609 0.2612239 1.597649
v 6.193609 0.2493657 -2.614986E-07
v 6.193609 0.2493657 0.4
v 6.193961 0.2520285 0.8198288
v 6.193971 0.2521074 1.18902
v 6.193609 -0.2960002 0.4
v 6.19396 -0.2960002 0.8198288
v 6.193971 -0.2960002 1.18902
v 6.193609 -0.2960002 1.597649
v 6.193609 -0.2960002 1.991618
v 6.193609 -0.2960002 2.390569
v 6.193609 -0.2960002 2.740493
v 6.193609 -0.2960002 3.223388
v 6.193609 -0.2960002 3.6
v 5.806391 0.2493659 4
v 6.121787 1.504 2.829936
v 6.121745 1.504 3.2
v 6.121745 3.103376 1.603273
v 6.119256 2.303851 0.7999998
v 6.107215 1.099858 2.805517
v 6.121744 0.7059081 3.193321
v 6.121746 2.311797 3.212465
v 6.141329 2.713537 1.998549
v 6.143916 2.704039 2.798182
v 6.098937 2.703999 3.593016
v 6.098936 1.104 3.6
v 6.110874 0.3039998 2.8
v 6.101524 3.504 1.2
v 5.806391 0.2493659 -2.153386E-07
v 5.887914 2.294675 1.60051
v 5.887914 2.299817 2.017031
v 5.88785 2.485486 1.599388
v 5.878371 2.480182 1.227619
v 5.892948 0.7133129 0.7999998
v 5.88096 0.5243681 1.177218
v 5.878256 3.105553 4
v 5.878256 3.280939 4
v 5.878256 2.92706 4
v 5.878654 0.2995422 2.002983
v 5.8847 0.4874174 1.561706
v 5.8847 0.4764675 1.2
v 5.875686 0.4789288 0.8449014
v 5.864707 0.7040225 1.600027
v 5.901065 1.72041 0.03018858
v 5.901065 2.530369 3.194792
v 5.898478 3.683472 1.2
v 5.901065 3.685644 2
v 5.901066 1.106123 3.210925
v 5.901065 1.285644 0.4
v 5.901065 1.722356 0.4
v 5.901065 1.722356 0.7816439
v 5.898478 3.690003 2.8
v 5.892786 0.9319623 3.147579
v 5.889127 0.4864882 2.41415
v 5.878256 2.122128 3.2
v 5.878256 2.122128 3.557578
v 5.878256 2.481169 3.230112
v 5.878257 0.6988284 2.82968
v 5.878256 2.929246 3.206524
v 5.880745 2.932101 1.155187
v 5.880745 3.105549 1.168593
v 5.878256 0.5267851 0.3772145
v 5.878256 0.5267853 -2.239056E-07
v 5.878257 0.704 -2.239057E-07
v 5.878256 1.681214 0.3947299
v 5.878256 1.681214 -2.239056E-07
v 5.878256 2.126785 0.3772145
v 5.878256 2.126785 -2.239056E-07
v 5.878256 2.481215 0.3772145
v 5.878256 2.481215 -2.239056E-07
v 5.880745 2.485828 0.4126496
v 5.880745 2.485828 0.7999998
v 5.880746 2.485828 1.176253
v 5.878256 3.281214 -2.239056E-07
v 5.878256 3.105555 0.3772145
v 5.875608 1.721792 2.320281
v 5.875534 1.894903 2.34326
v 5.880746 0.5270603 3.617447
v 5.878256 0.5270603 4
v 5.880746 0.8809392 3.617447
v 5.878256 0.8809392 4
v 5.878256 1.32706 4
v 5.878256 1.680939 4
v 5.878256 1.681214 3.2
v 5.858335 1.687746 2.782939
v 5.878256 2.480939 4
v 5.880746 1.513313 0.809425
v 5.880746 2.122175 0.4126496
v 5.880745 3.105549 0.8023062
v 5.880745 2.932101 0.8023062
v 5.880746 1.504 3.623061
v 5.880746 2.303854 3.623061
v 5.858335 1.320176 2.782939
v 5.858335 1.503961 2.791522
v 5.880746 2.303851 1.18735
v 5.878256 3.105555 1.206493
v 5.904552 2.704 0.8205284
v 5.878256 3.105555 -2.239056E-07
v 5.858673 2.522356 0.7816439
v 5.858673 2.704 0.7816439
v 5.858673 2.704 0.4
v 5.880745 2.303851 0.4126496
v 5.878256 2.303854 0.3772145
v 5.878371 2.122296 1.672085
v 5.878256 2.303854 4
v 5.878256 2.303854 -2.239056E-07
v 5.898479 1.724528 1.642843
v 5.901065 1.904 2
v 5.877569 1.904024 3.6
v 5.901065 1.904 0.4
v 5.898479 1.724528 1.2
v 5.898479 1.904 1.2
v 5.878256 1.504 0.3947299
v 5.878256 1.504 4
v 5.878256 1.504 -2.239056E-07
v 5.901065 1.104 0.4
v 5.880746 0.7039998 3.617447
v 5.878256 0.7039998 4
v 5.806391 0.25745 2.390569
v 5.806391 0.249366 1.991618
v 5.806391 0.2493659 2.740493
v 5.806391 0.2493659 3.223388
v 5.806391 0.2493659 3.6
v 5.806391 0.2612241 1.597649
v 5.806391 0.249366 0.4
v 5.806039 0.2520288 0.8198289
v 5.806029 0.2521077 1.18902
v 5.806391 -0.296 0.4
v 5.80604 -0.296 0.8198289
v 5.806029 -0.296 1.18902
v 5.806391 -0.296 1.597649
v 5.806391 -0.296 1.991618
v 5.806391 -0.296 2.390569
v 5.806391 -0.296 2.740493
v 5.806391 -0.296 3.223388
v 5.806391 -0.296 3.6
v 5.878214 1.504 2.829936
v 5.878256 1.504 3.2
v 5.878257 3.103376 1.603273
v 5.880746 2.303851 0.7999998
v 5.892786 1.099858 2.805517
v 5.878257 0.7059081 3.193321
v 5.878256 2.311797 3.212465
v 5.858673 2.713537 1.998549
v 5.856086 2.704039 2.798182
v 5.901065 2.703999 3.593016
v 5.901066 1.104 3.6
v 5.889127 0.3039998 2.8
v 5.898478 3.504 1.2
v 6.19672 1.086165 2.462946
v 6.209225 0.4366555 2.0177
v 6.19672 1.076592 1.539889
v 6.21243 0.720183 1.539889
v 6 1.704792 2.158279
v 5.803281 1.086165 2.462946
v 6 0.7203645 2.343705
v 6 0.4366556 2.568351
v 6 0.5418695 2.568351
v 5.790775 0.4366557 2.0177
v 5.80328 1.076592 1.539889
v 5.78757 0.720183 1.539889
v 6.098938 3.504 0.4
v 6.098935 0.304 0.4
v 6.095449 2.704 1.2
v 6.124468 1.894903 2.79788
v 6.101522 1.103289 1.205367
v 6.156777 0.3039998 3.6
v 6.098938 3.504 3.6
v 6.101524 3.505365 2.8
v 6.098938 3.504 2
v 6.121747 3.106978 3.193016
v 6.119256 3.105553 2.402328
v 6 1.504 -2.384186E-07
v 6 2.303835 -2.384187E-07
v 6.000001 2.303834 4
v 6.000001 1.504 4
v 6 0.7039998 4
v 6 0.704 -2.384186E-07
v 5.901065 3.504 0.4
v 5.901065 0.304 0.4
v 5.904552 2.704 1.2
v 5.875534 1.894903 2.79788
v 5.898479 1.103289 1.205367
v 5.843224 0.3039998 3.6
v 5.901065 3.504 3.6
v 5.898478 3.505365 2.8
v 5.901065 3.504 2
v 5.878256 3.106978 3.193016
v 6.000001 3.105755 4
v 6.000001 3.105756 -2.384187E-07
v 5.880746 3.105553 2.402328

vt 0.1089137 0.04055645
vt 0.1276874 0.02178274
vt 0.1089137 0.02178274
vt 0.9772143 0.9693319
vt 0.9693319 0.9693319
vt 0.9693319 0.9772143
vt 0.1059047 0.1306964
vt 0.09802233 0.1306964
vt 0.09802233 0.1712529
vt 0.9826599 0.8168527
vt 0.9802233 0.8168527
vt 0.9802233 0.8192894
vt 0.9638862 0.9663229
vt 0.9638862 0.9638862
vt 0.9663229 0.9638862
vt 0.9584405 0.9693319
vt 0.9663229 0.9693319
vt 0.9584405 0.9772143
vt 0.9148751 0.9881056
vt 0.9148751 0.9802233
vt 0.9336488 0.9802233
vt 0.9346518 0.9812263
vt 0.9158781 0.9891086
vt 0.9346518 0.9891086
vt 0.9802233 0.8138437
vt 0.9802233 0.8059614
vt 0.9826599 0.8059614
vt 0.09257665 0.07323056
vt 0.09257665 0.06534822
vt 0.0950133 0.06534822
vt 0.08713096 0.07323056
vt 0.08713096 0.06534822
vt 0.08956762 0.06534822
vt 0.1069077 0.06635123
vt 0.1069077 0.07423357
vt 0.104471 0.07423357
vt 0.1286904 0.02278575
vt 0.1286904 0.04155946
vt 0.1099167 0.04155946
vt 0.9703349 0.9782172
vt 0.9782172 0.9703349
vt 0.9782172 0.9782172
vt 0.09902534 0.1722559
vt 0.1069077 0.1316994
vt 0.1069077 0.1722559
vt 0.9812263 0.8202924
vt 0.9836629 0.8178557
vt 0.9836629 0.8202924
vt 0.9673259 0.9648892
vt 0.9648892 0.9673259
vt 0.9673259 0.9673259
vt 0.9673259 0.9782172
vt 0.9594436 0.9782172
vt 0.9673259 0.9703349
vt 0.09601631 0.06635123
vt 0.09357965 0.07423357
vt 0.09601631 0.07423357
vt 0.9836629 0.8069643
vt 0.9812263 0.8148467
vt 0.9836629 0.8148467
vt 0.103468 0.08412194
vt 0.1059047 0.07623959
vt 0.103468 0.07623959
vt 0.09802233 0.07323056
vt 0.100459 0.06534822
vt 0.09802233 0.06534822
vt 0.9336488 0.2831756
vt 0.9257665 0.3019493
vt 0.9257665 0.2831756
vt 0.2613929 0.9802233
vt 0.3019493 0.9802233
vt 0.2613929 0.998997
vt 0.9802233 0.7841786
vt 0.9802233 0.8029523
vt 0.9826599 0.7841786
vt 0.9227574 0.2831756
vt 0.9148751 0.3019493
vt 0.9148751 0.2831756
vt 0.8930923 0.3455148
vt 0.8930923 0.3049583
vt 0.9118661 0.3049583
vt 0.08713096 0.04055645
vt 0.1059047 0.02178274
vt 0.08713096 0.02178274
vt 0.9554315 0.2831756
vt 0.9475492 0.3019493
vt 0.9475492 0.2831756
vt 0.9366578 0.3019493
vt 0.9366578 0.2831756
vt 0.9445401 0.2831756
vt 0.08713096 0.1306964
vt 0.0950133 0.1306964
vt 0.08713096 0.1712529
vt 0.882201 0.2801666
vt 0.882201 0.2613929
vt 0.8900833 0.2613929
vt 0.8713096 0.3455148
vt 0.8713096 0.3049583
vt 0.8900833 0.3049583
vt 0.1089137 0.01877371
vt 0.1089137 0
vt 0.1276874 0
vt 0.8713096 0.2801666
vt 0.8713096 0.2613929
vt 0.8791919 0.2613929
vt 0.7188304 0.4762112
vt 0.7188304 0.4574375
vt 0.7376041 0.4574375
vt 0.1222417 0.04356548
vt 0.1198051 0.04356548
vt 0.1198051 0.05144782
vt 0.9039837 0.2801666
vt 0.9039837 0.2613929
vt 0.9118661 0.2613929
vt 0.6970477 0.4762112
vt 0.6970477 0.4574375
vt 0.7158214 0.4574375
vt 0.1198051 0.1712529
vt 0.1198051 0.1306964
vt 0.1276874 0.1306964
vt 0.1089137 0.1306964
vt 0.116796 0.1306964
vt 0.1089137 0.1712529
vt 0.9366578 0.3455148
vt 0.9366578 0.3049583
vt 0.9554315 0.3049583
vt 0.1415878 0.1276874
vt 0.1415878 0.08713096
vt 0.1494702 0.08713096
vt 0.1306964 0.08713096
vt 0.1385788 0.08713096
vt 0.1306964 0.1276874
vt 0.1633705 0.1276874
vt 0.1633705 0.08713096
vt 0.1712529 0.08713096
vt 0.9148751 0.3049583
vt 0.9336488 0.3049583
vt 0.9148751 0.3455148
vt 0.7376041 0.4356548
vt 0.7188304 0.4356548
vt 0.7188304 0.4544285
vt 0.1524792 0.1276874
vt 0.1524792 0.08713096
vt 0.1603615 0.08713096
vt 0.6970477 0.4544285
vt 0.6970477 0.4356548
vt 0.7158214 0.4356548
vt 0.8930923 0.2801666
vt 0.8930923 0.2613929
vt 0.9009747 0.2613929
vt 0.882201 0.3019493
vt 0.882201 0.2831756
vt 0.8900833 0.2831756
vt 0.0950133 0
vt 0.09257665 0
vt 0.09257665 0.01877371
vt 0.116796 0.05445685
vt 0.1143594 0.05445685
vt 0.1143594 0.06233919
vt 0.8713096 0.3019493
vt 0.8713096 0.2831756
vt 0.8791919 0.2831756
vt 0.9039837 0.3019493
vt 0.9039837 0.2831756
vt 0.9118661 0.2831756
vt 0.8930923 0.3019493
vt 0.8930923 0.2831756
vt 0.9009747 0.2831756
vt 0.9257665 0.2366011
vt 0.9257665 0.2178274
vt 0.9336488 0.2178274
vt 0.9148751 0.2366011
vt 0.9148751 0.2178274
vt 0.9227574 0.2178274
vt 0.09802233 0.08713096
vt 0.1059047 0.08713096
vt 0.09802233 0.1276874
vt 0.08713096 0.08713096
vt 0.08713096 0.1276874
vt 0.0950133 0.08713096
vt 0.2831756 0.8713096
vt 0.3019493 0.8713096
vt 0.2831756 0.9118661
vt 0.2613929 0.8713096
vt 0.2613929 0.9118661
vt 0.2801666 0.8713096
vt 0.7623959 0.4762112
vt 0.7623959 0.4574375
vt 0.7811696 0.4574375
vt 0.1198051 0.08713096
vt 0.1276874 0.08713096
vt 0.1198051 0.1276874
vt 0.3267411 0.9118661
vt 0.3267411 0.8713096
vt 0.3455148 0.8713096
vt 0.7593868 0.4574375
vt 0.7406132 0.4574375
vt 0.7406132 0.4762112
vt 0.1089137 0.08713096
vt 0.116796 0.08713096
vt 0.1089137 0.1276874
vt 0.05445685 0.2583838
vt 0.05445685 0.2178274
vt 0.06233919 0.2178274
vt 0.04356548 0.2178274
vt 0.05144782 0.2178274
vt 0.04356548 0.2583838
vt 0.07623959 0.2583838
vt 0.07623959 0.2178274
vt 0.08412194 0.2178274
vt 0.3049583 0.8713096
vt 0.3237321 0.8713096
vt 0.3049583 0.9118661
vt 0.06534822 0.2178274
vt 0.07323056 0.2178274
vt 0.06534822 0.2583838
vt 0.2831756 0.9148751
vt 0.3019493 0.9148751
vt 0.2831756 0.9554315
vt 0.01089137 0.2583838
vt 0.01089137 0.2178274
vt 0.01877371 0.2178274
vt 0 0.2178274
vt 0 0.2583838
vt 0.007882343 0.2178274
vt 0.03267411 0.2178274
vt 0.04055645 0.2178274
vt 0.03267411 0.2583838
vt 0.02178274 0.2178274
vt 0.02178274 0.2583838
vt 0.02966508 0.2178274
vt 0.05445685 0.1742619
vt 0.06233919 0.1742619
vt 0.05445685 0.2148184
vt 0.9772143 0.9584405
vt 0.9693319 0.9663229
vt 0.9693319 0.9584405
vt 0.04356548 0.2148184
vt 0.05144782 0.1742619
vt 0.04356548 0.1742619
vt 0.7623959 0.4544285
vt 0.7623959 0.4356548
vt 0.7811696 0.4356548
vt 0.9475492 0.2366011
vt 0.9475492 0.2178274
vt 0.9554315 0.2178274
vt 0.9366578 0.2366011
vt 0.9366578 0.2178274
vt 0.9445401 0.2178274
vt 0.9257665 0.2583838
vt 0.9257665 0.2396101
vt 0.9336488 0.2396101
vt 0.9148751 0.2583838
vt 0.9148751 0.2396101
vt 0.9227574 0.2396101
vt 0.9475492 0.2583838
vt 0.9475492 0.2396101
vt 0.9554315 0.2396101
vt 0.1089137 0.05445685
vt 0.1113504 0.05445685
vt 0.1089137 0.06233919
vt 0.08713096 0.01877371
vt 0.08713096 0
vt 0.08956762 0
vt 0.9366578 0.2583838
vt 0.9366578 0.2396101
vt 0.9445401 0.2396101
vt 0.882201 0.2366011
vt 0.882201 0.2178274
vt 0.8900833 0.2178274
vt 0.8713096 0.2366011
vt 0.8713096 0.2178274
vt 0.8791919 0.2178274
vt 0.9039837 0.2366011
vt 0.9039837 0.2178274
vt 0.9118661 0.2178274
vt 0.07623959 0.1742619
vt 0.08412194 0.1742619
vt 0.07623959 0.2148184
vt 0.7406132 0.4544285
vt 0.7406132 0.4356548
vt 0.7593868 0.4356548
vt 0.06534822 0.2148184
vt 0.06534822 0.1742619
vt 0.07323056 0.1742619
vt 0.01089137 0.1742619
vt 0.01877371 0.1742619
vt 0.01089137 0.2148184
vt 0.2613929 0.9148751
vt 0.2801666 0.9148751
vt 0.2613929 0.9554315
vt 0.7376041 0.501003
vt 0.7188304 0.5197767
vt 0.7188304 0.501003
vt 0.3267411 0.9148751
vt 0.3455148 0.9148751
vt 0.3267411 0.9554315
vt 0.8930923 0.2366011
vt 0.8930923 0.2178274
vt 0.9009747 0.2178274
vt 0.3049583 0.9554315
vt 0.3049583 0.9148751
vt 0.3237321 0.9148751
vt 0.7158214 0.501003
vt 0.6970477 0.501003
vt 0.6970477 0.5197767
vt 0.7188304 0.497994
vt 0.7188304 0.4792203
vt 0.7376041 0.4792203
vt 0.6970477 0.497994
vt 0.6970477 0.4792203
vt 0.7158214 0.4792203
vt 0.7811696 0.501003
vt 0.7623959 0.501003
vt 0.7623959 0.5197767
vt 0.3703066 0.8713096
vt 0.3890803 0.8713096
vt 0.3703066 0.9118661
vt 0.3485238 0.8713096
vt 0.3672976 0.8713096
vt 0.3485238 0.9118661
vt 0.7406132 0.5197767
vt 0.7406132 0.501003
vt 0.7593868 0.501003
vt 0.7623959 0.497994
vt 0.7623959 0.4792203
vt 0.7811696 0.4792203
vt 0.7593868 0.4792203
vt 0.7406132 0.4792203
vt 0.7406132 0.497994
vt 0.413872 0.9118661
vt 0.413872 0.8713096
vt 0.4326457 0.8713096
vt 0.07323056 0.08713096
vt 0.0707939 0.1276874
vt 0.0707939 0.08713096
vt 0.3920893 0.8713096
vt 0.410863 0.8713096
vt 0.3920893 0.9118661
vt 0.4574375 0.7376041
vt 0.4574375 0.7188304
vt 0.4762112 0.7188304
vt 0 0.1742619
vt 0.007882343 0.1742619
vt 0 0.2148184
vt 0.3890803 0.9148751
vt 0.3703066 0.9148751
vt 0.3703066 0.9554315
vt 0.03267411 0.1742619
vt 0.04055645 0.1742619
vt 0.03267411 0.2148184
vt 0.4356548 0.7376041
vt 0.4356548 0.7188304
vt 0.4544285 0.7188304
vt 0.8900833 0.2396101
vt 0.882201 0.2583838
vt 0.882201 0.2396101
vt 0.3485238 0.9148751
vt 0.3672976 0.9148751
vt 0.3485238 0.9554315
vt 0.4574375 0.7158214
vt 0.4574375 0.6970477
vt 0.4762112 0.6970477
vt 0.4356548 0.7158214
vt 0.4356548 0.6970477
vt 0.4544285 0.6970477
vt 0.501003 0.7376041
vt 0.501003 0.7188304
vt 0.5197767 0.7188304
vt 0.413872 0.9148751
vt 0.4326457 0.9148751
vt 0.413872 0.9554315
vt 0.3920893 0.9148751
vt 0.3920893 0.9554315
vt 0.410863 0.9148751
vt 0.8930923 0.3485238
vt 0.9118661 0.3485238
vt 0.8930923 0.3890803
vt 0.4792203 0.7376041
vt 0.4792203 0.7188304
vt 0.497994 0.7188304
vt 0.501003 0.7158214
vt 0.501003 0.6970477
vt 0.5197767 0.6970477
vt 0.8900833 0.3485238
vt 0.8713096 0.3485238
vt 0.8713096 0.3890803
vt 0.4792203 0.7158214
vt 0.4792203 0.6970477
vt 0.497994 0.6970477
vt 0.8791919 0.2396101
vt 0.8713096 0.2396101
vt 0.8713096 0.2583838
vt 0.9118661 0.2396101
vt 0.9039837 0.2583838
vt 0.9039837 0.2396101
vt 0.9009747 0.2396101
vt 0.8930923 0.2396101
vt 0.8930923 0.2583838
vt 0.9336488 0.1742619
vt 0.9257665 0.1742619
vt 0.9257665 0.1930356
vt 0.9227574 0.1742619
vt 0.9148751 0.1930356
vt 0.9148751 0.1742619
vt 0.9554315 0.1742619
vt 0.9475492 0.1742619
vt 0.9475492 0.1930356
vt 0.9445401 0.1742619
vt 0.9366578 0.1930356
vt 0.9366578 0.1742619
vt 0.9336488 0.1960447
vt 0.9257665 0.1960447
vt 0.9257665 0.2148184
vt 0.9227574 0.1960447
vt 0.9148751 0.2148184
vt 0.9148751 0.1960447
vt 0.9554315 0.1960447
vt 0.9475492 0.1960447
vt 0.9475492 0.2148184
vt 0.9445401 0.1960447
vt 0.9366578 0.1960447
vt 0.9366578 0.2148184
vt 0.8900833 0.1742619
vt 0.882201 0.1930356
vt 0.882201 0.1742619
vt 0.8713096 0.1742619
vt 0.8791919 0.1742619
vt 0.8713096 0.1930356
vt 0.9039837 0.1742619
vt 0.9118661 0.1742619
vt 0.9039837 0.1930356
vt 0.9366578 0.3485238
vt 0.9366578 0.3890803
vt 0.9554315 0.3485238
vt 0.4762112 0.7623959
vt 0.4574375 0.7623959
vt 0.4574375 0.7811696
vt 0.4356548 0.7811696
vt 0.4356548 0.7623959
vt 0.4544285 0.7623959
vt 0.4574375 0.7593868
vt 0.4762112 0.7406132
vt 0.4574375 0.7406132
vt 0.4544285 0.7406132
vt 0.4356548 0.7593868
vt 0.4356548 0.7406132
vt 0.5197767 0.7623959
vt 0.501003 0.7623959
vt 0.501003 0.7811696
vt 0.497994 0.7623959
vt 0.4792203 0.7623959
vt 0.4792203 0.7811696
vt 0.5197767 0.7406132
vt 0.501003 0.7593868
vt 0.501003 0.7406132
vt 0.4792203 0.7593868
vt 0.4792203 0.7406132
vt 0.497994 0.7406132
vt 0.9009747 0.1742619
vt 0.8930923 0.1742619
vt 0.8930923 0.1930356
vt 0.7376041 0.5445685
vt 0.7188304 0.5445685
vt 0.7188304 0.5633422
vt 0.02178274 0.1742619
vt 0.02966508 0.1742619
vt 0.02178274 0.2148184
vt 0.2287188 0.04356548
vt 0.2287188 0.08412194
vt 0.2366011 0.04356548
vt 0.7158214 0.5445685
vt 0.6970477 0.5445685
vt 0.6970477 0.5633422
vt 0.882201 0.1960447
vt 0.882201 0.2148184
vt 0.8900833 0.1960447
vt 0.8713096 0.1960447
vt 0.8713096 0.2148184
vt 0.8791919 0.1960447
vt 0.9118661 0.1960447
vt 0.9039837 0.1960447
vt 0.9039837 0.2148184
vt 0.7376041 0.5227857
vt 0.7188304 0.5227857
vt 0.7188304 0.5415595
vt 0.7158214 0.5227857
vt 0.6970477 0.5227857
vt 0.6970477 0.5415595
vt 0.7811696 0.5445685
vt 0.7623959 0.5445685
vt 0.7623959 0.5633422
vt 0.7593868 0.5445685
vt 0.7406132 0.5445685
vt 0.7406132 0.5633422
vt 0.9148751 0.3890803
vt 0.9148751 0.3485238
vt 0.9336488 0.3485238
vt 0.9009747 0.1960447
vt 0.8930923 0.1960447
vt 0.8930923 0.2148184
vt 0.2366011 0.9148751
vt 0.2287188 0.9148751
vt 0.2287188 0.9336488
vt 0.7623959 0.5227857
vt 0.7811696 0.5227857
vt 0.7623959 0.5415595
vt 0.7593868 0.5227857
vt 0.7406132 0.5227857
vt 0.7406132 0.5415595
vt 0.7376041 0.5881339
vt 0.7188304 0.6069077
vt 0.7188304 0.5881339
vt 0.7158214 0.5881339
vt 0.6970477 0.5881339
vt 0.6970477 0.6069077
vt 0.7376041 0.5663512
vt 0.7188304 0.5663512
vt 0.7188304 0.5851249
vt 0.2257098 0.9148751
vt 0.2178274 0.9148751
vt 0.2178274 0.9336488
vt 0.7158214 0.5663512
vt 0.6970477 0.5663512
vt 0.6970477 0.5851249
vt 0.7811696 0.5881339
vt 0.7623959 0.5881339
vt 0.7623959 0.6069077
vt 0.9118661 0.3920893
vt 0.8930923 0.3920893
vt 0.8930923 0.4326457
vt 0.2583838 0.9148751
vt 0.2505015 0.9148751
vt 0.2505015 0.9336488
vt 0.2474925 0.9148751
vt 0.2396101 0.9148751
vt 0.2396101 0.9336488
vt 0.2366011 0.9366578
vt 0.2287188 0.9554315
vt 0.2287188 0.9366578
vt 0.7593868 0.5881339
vt 0.7406132 0.5881339
vt 0.7406132 0.6069077
vt 0.2257098 0.9366578
vt 0.2178274 0.9366578
vt 0.2178274 0.9554315
vt 0.2583838 0.9366578
vt 0.2505015 0.9554315
vt 0.2505015 0.9366578
vt 0.2474925 0.9366578
vt 0.2396101 0.9366578
vt 0.2396101 0.9554315
vt 0.1930356 0.9148751
vt 0.1851533 0.9148751
vt 0.1851533 0.9336488
vt 0.1821443 0.9148751
vt 0.1742619 0.9336488
vt 0.1742619 0.9148751
vt 0.2148184 0.9148751
vt 0.206936 0.9148751
vt 0.206936 0.9336488
vt 0.1960447 0.9148751
vt 0.1960447 0.9336488
vt 0.203927 0.9148751
vt 0.1930356 0.9366578
vt 0.1851533 0.9366578
vt 0.1851533 0.9554315
vt 0.7811696 0.5663512
vt 0.7623959 0.5663512
vt 0.7623959 0.5851249
vt 0.7593868 0.5663512
vt 0.7406132 0.5663512
vt 0.7406132 0.5851249
vt 0.5633422 0.7188304
vt 0.5445685 0.7376041
vt 0.5445685 0.7188304
vt 0.5415595 0.7188304
vt 0.5227857 0.7188304
vt 0.5227857 0.7376041
vt 0.5633422 0.6970477
vt 0.5445685 0.6970477
vt 0.5445685 0.7158214
vt 0.103468 0
vt 0.1059047 0
vt 0.103468 0.01877371
vt 0.1252508 0.06233919
vt 0.1276874 0.05445685
vt 0.1252508 0.05445685
vt 0.1198051 0.06233919
vt 0.1222417 0.05445685
vt 0.1198051 0.05445685
vt 0.09802233 0.01877371
vt 0.09802233 0
vt 0.100459 0
vt 0.5415595 0.6970477
vt 0.5227857 0.6970477
vt 0.5227857 0.7158214
vt 0.1821443 0.9366578
vt 0.1742619 0.9366578
vt 0.1742619 0.9554315
vt 0.09257665 0.05144782
vt 0.09257665 0.04356548
vt 0.0950133 0.04356548
vt 0.1579249 0.04055645
vt 0.1603615 0.02178274
vt 0.1579249 0.02178274
vt 0.6069077 0.7188304
vt 0.5881339 0.7376041
vt 0.5881339 0.7188304
vt 0.06534822 0.08713096
vt 0.06778488 0.08713096
vt 0.06534822 0.1276874
vt 0.08713096 0.05144782
vt 0.08713096 0.04356548
vt 0.08956762 0.04356548
vt 0.9608772 0.9638862
vt 0.9584405 0.9638862
vt 0.9584405 0.9663229
vt 0.01089137 0.1059047
vt 0.01877371 0.09802233
vt 0.01089137 0.09802233
vt 0 0.1059047
vt 0.007882343 0.09802233
vt 0 0.09802233
vt 0.01089137 0.0950133
vt 0.01089137 0.08713096
vt 0.01877371 0.08713096
vt 0.206936 0.9554315
vt 0.2148184 0.9366578
vt 0.206936 0.9366578
vt 0.9638862 0.9608772
vt 0.9663229 0.9584405
vt 0.9638862 0.9584405
vt 0.9584405 0.9608772
vt 0.9608772 0.9584405
vt 0.9584405 0.9584405
vt 0 0.0950133
vt 0.007882343 0.08713096
vt 0 0.08713096
vt 0.8713096 0.4326457
vt 0.8900833 0.3920893
vt 0.8713096 0.3920893
vt 0.03267411 0.1059047
vt 0.04055645 0.09802233
vt 0.03267411 0.09802233
vt 0.9366578 0.3920893
vt 0.9554315 0.3920893
vt 0.9366578 0.4326457
vt 0.9148751 0.3920893
vt 0.9148751 0.4326457
vt 0.9336488 0.3920893
vt 0.02178274 0.1059047
vt 0.02178274 0.09802233
vt 0.02966508 0.09802233
vt 0.5663512 0.7376041
vt 0.5851249 0.7188304
vt 0.5663512 0.7188304
vt 0.5881339 0.6970477
vt 0.5881339 0.7158214
vt 0.6069077 0.6970477
vt 0.08168527 0.08713096
vt 0.08168527 0.1276874
vt 0.08412194 0.08713096
vt 0.1960447 0.9366578
vt 0.203927 0.9366578
vt 0.1960447 0.9554315
vt 0.03267411 0.0950133
vt 0.04055645 0.08713096
vt 0.03267411 0.08713096
vt 0.8930923 0.4356548
vt 0.8930923 0.4762112
vt 0.9118661 0.4356548
vt 0.2287188 0.8900833
vt 0.2366011 0.8713096
vt 0.2287188 0.8713096
vt 0.8713096 0.4356548
vt 0.8900833 0.4356548
vt 0.8713096 0.4762112
vt 0.5851249 0.6970477
vt 0.5663512 0.7158214
vt 0.5663512 0.6970477
vt 0.5445685 0.7811696
vt 0.5633422 0.7623959
vt 0.5445685 0.7623959
vt 0.9366578 0.4356548
vt 0.9554315 0.4356548
vt 0.9366578 0.4762112
vt 0.2178274 0.8900833
vt 0.2257098 0.8713096
vt 0.2178274 0.8713096
vt 0.5227857 0.7623959
vt 0.5227857 0.7811696
vt 0.5415595 0.7623959
vt 0.5633422 0.7406132
vt 0.5445685 0.7593868
vt 0.5445685 0.7406132
vt 0.1524792 0.02178274
vt 0.1524792 0.04055645
vt 0.1549158 0.02178274
vt 0.2257098 0.04356548
vt 0.2178274 0.08412194
vt 0.2178274 0.04356548
vt 0.103468 0.05144782
vt 0.1059047 0.04356548
vt 0.103468 0.04356548
vt 0.09802233 0.05144782
vt 0.100459 0.04356548
vt 0.09802233 0.04356548
vt 0.02966508 0.08713096
vt 0.02178274 0.0950133
vt 0.02178274 0.08713096
vt 0.2505015 0.8713096
vt 0.2505015 0.8900833
vt 0.2583838 0.8713096
vt 0.2396101 0.8900833
vt 0.2474925 0.8713096
vt 0.2396101 0.8713096
vt 0.5227857 0.7593868
vt 0.5415595 0.7406132
vt 0.5227857 0.7406132
vt 0.1712529 0.02178274
vt 0.1688162 0.04055645
vt 0.1688162 0.02178274
vt 0.6069077 0.7623959
vt 0.5881339 0.7811696
vt 0.5881339 0.7623959
vt 0.5851249 0.7623959
vt 0.5663512 0.7811696
vt 0.5663512 0.7623959
vt 0.9336488 0.4356548
vt 0.9148751 0.4762112
vt 0.9148751 0.4356548
vt 0.2366011 0.8930923
vt 0.2287188 0.9118661
vt 0.2287188 0.8930923
vt 0.2257098 0.8930923
vt 0.2178274 0.9118661
vt 0.2178274 0.8930923
vt 0.2583838 0.8930923
vt 0.2505015 0.9118661
vt 0.2505015 0.8930923
vt 0.5881339 0.7406132
vt 0.5881339 0.7593868
vt 0.6069077 0.7406132
vt 0.2474925 0.8930923
vt 0.2396101 0.9118661
vt 0.2396101 0.8930923
vt 0.5851249 0.7406132
vt 0.5663512 0.7593868
vt 0.5663512 0.7406132
vt 0.1930356 0.8713096
vt 0.1851533 0.8900833
vt 0.1851533 0.8713096
vt 0.1742619 0.8713096
vt 0.1742619 0.8900833
vt 0.1821443 0.8713096
vt 0.8930923 0.4792203
vt 0.8930923 0.5197767
vt 0.9118661 0.4792203
vt 0.7376041 0.6316995
vt 0.7188304 0.6504732
vt 0.7188304 0.6316995
vt 0.8900833 0.4792203
vt 0.8713096 0.5197767
vt 0.8713096 0.4792203
vt 0.2505015 0.08412194
vt 0.2583838 0.04356548
vt 0.2505015 0.04356548
vt 0.2396101 0.04356548
vt 0.2396101 0.08412194
vt 0.2474925 0.04356548
vt 0.1851533 0.04356548
vt 0.1851533 0.08412194
vt 0.1930356 0.04356548
vt 0.1742619 0.04356548
vt 0.1742619 0.08412194
vt 0.1821443 0.04356548
vt 0.206936 0.04356548
vt 0.2148184 0.04356548
vt 0.206936 0.08412194
vt 0.1960447 0.08412194
vt 0.203927 0.04356548
vt 0.1960447 0.04356548
vt 0.2287188 0
vt 0.2287188 0.04055645
vt 0.2366011 0
vt 0.2178274 0.04055645
vt 0.2178274 0
vt 0.2257098 0
vt 0.9554315 0.4792203
vt 0.9366578 0.5197767
vt 0.9366578 0.4792203
vt 0.2505015 0
vt 0.2505015 0.04055645
vt 0.2583838 0
vt 0.7158214 0.6316995
vt 0.6970477 0.6504732
vt 0.6970477 0.6316995
vt 0.2148184 0.8713096
vt 0.206936 0.8900833
vt 0.206936 0.8713096
vt 0.7188304 0.6099167
vt 0.7188304 0.6286904
vt 0.7376041 0.6099167
vt 0.1960447 0.8713096
vt 0.1960447 0.8900833
vt 0.203927 0.8713096
vt 0.1633705 0.04055645
vt 0.1658072 0.02178274
vt 0.1633705 0.02178274
vt 0.09257665 0.06233919
vt 0.0950133 0.05445685
vt 0.09257665 0.05445685
vt 0.1930356 0.8930923
vt 0.1851533 0.9118661
vt 0.1851533 0.8930923
vt 0.1821443 0.8930923
vt 0.1742619 0.9118661
vt 0.1742619 0.8930923
vt 0.2396101 0.04055645
vt 0.2474925 0
vt 0.2396101 0
vt 0.9148751 0.5197767
vt 0.9336488 0.4792203
vt 0.9148751 0.4792203
vt 0.2148184 0.8930923
vt 0.206936 0.9118661
vt 0.206936 0.8930923
vt 0.1851533 0.04055645
vt 0.1930356 0
vt 0.1851533 0
vt 0.6970477 0.6286904
vt 0.7158214 0.6099167
vt 0.6970477 0.6099167
vt 0.1742619 0
vt 0.1742619 0.04055645
vt 0.1821443 0
vt 0.206936 0
vt 0.206936 0.04055645
vt 0.2148184 0
vt 0.1960447 0
vt 0.1960447 0.04055645
vt 0.203927 0
vt 0.4574375 0.8713096
vt 0.4574375 0.9118661
vt 0.4762112 0.8713096
vt 0.7623959 0.6316995
vt 0.7623959 0.6504732
vt 0.7811696 0.6316995
vt 0.7406132 0.6504732
vt 0.7593868 0.6316995
vt 0.7406132 0.6316995
vt 0.4356548 0.8713096
vt 0.4356548 0.9118661
vt 0.4544285 0.8713096
vt 0.501003 0.9118661
vt 0.5197767 0.8713096
vt 0.501003 0.8713096
vt 0.2287188 0.1712529
vt 0.2366011 0.1306964
vt 0.2287188 0.1306964
vt 0.2178274 0.1712529
vt 0.2257098 0.1306964
vt 0.2178274 0.1306964
vt 0.7623959 0.6286904
vt 0.7811696 0.6099167
vt 0.7623959 0.6099167
vt 0.2505015 0.1306964
vt 0.2505015 0.1712529
vt 0.2583838 0.1306964
vt 0.203927 0.8930923
vt 0.1960447 0.9118661
vt 0.1960447 0.8930923
vt 0.1494702 0.9148751
vt 0.1415878 0.9336488
vt 0.1415878 0.9148751
vt 0.1385788 0.9148751
vt 0.1306964 0.9336488
vt 0.1306964 0.9148751
vt 0.7593868 0.6099167
vt 0.7406132 0.6286904
vt 0.7406132 0.6099167
vt 0.08713096 0.06233919
vt 0.08713096 0.05445685
vt 0.08956762 0.05445685
vt 0.1361421 0.02178274
vt 0.1361421 0.04055645
vt 0.1385788 0.02178274
vt 0.1712529 0.9148751
vt 0.1633705 0.9336488
vt 0.1633705 0.9148751
vt 0.1603615 0.9148751
vt 0.1524792 0.9336488
vt 0.1524792 0.9148751
vt 0.2396101 0.1712529
vt 0.2396101 0.1306964
vt 0.2474925 0.1306964
vt 0.7376041 0.675265
vt 0.7188304 0.6940386
vt 0.7188304 0.675265
vt 0.1851533 0.1306964
vt 0.1851533 0.1712529
vt 0.1930356 0.1306964
vt 0.4792203 0.8713096
vt 0.4792203 0.9118661
vt 0.497994 0.8713096
vt 0.4574375 0.9554315
vt 0.4762112 0.9148751
vt 0.4574375 0.9148751
vt 0.1059047 0.05445685
vt 0.103468 0.06233919
vt 0.103468 0.05445685
vt 0.4356548 0.9148751
vt 0.4356548 0.9554315
vt 0.4544285 0.9148751
vt 0.1494702 0.9366578
vt 0.1415878 0.9554315
vt 0.1415878 0.9366578
vt 0.5197767 0.9148751
vt 0.501003 0.9554315
vt 0.501003 0.9148751
vt 0.4792203 0.9148751
vt 0.4792203 0.9554315
vt 0.497994 0.9148751
vt 0.5445685 0.8713096
vt 0.5445685 0.9118661
vt 0.5633422 0.8713096
vt 0.6970477 0.6940386
vt 0.7158214 0.675265
vt 0.6970477 0.675265
vt 0.7376041 0.6534822
vt 0.7188304 0.6722559
vt 0.7188304 0.6534822
vt 0.7158214 0.6534822
vt 0.6970477 0.6722559
vt 0.6970477 0.6534822
vt 0.7811696 0.675265
vt 0.7623959 0.6940386
vt 0.7623959 0.675265
vt 0.7406132 0.6940386
vt 0.7593868 0.675265
vt 0.7406132 0.675265
vt 0.7811696 0.6534822
vt 0.7623959 0.6722559
vt 0.7623959 0.6534822
vt 0.7593868 0.6534822
vt 0.7406132 0.6722559
vt 0.7406132 0.6534822
vt 0.6316995 0.7376041
vt 0.6504732 0.7188304
vt 0.6316995 0.7188304
vt 0.5227857 0.8713096
vt 0.5227857 0.9118661
vt 0.5415595 0.8713096
vt 0.5881339 0.9118661
vt 0.5881339 0.8713096
vt 0.6069077 0.8713096
vt 0.5663512 0.8713096
vt 0.5663512 0.9118661
vt 0.5851249 0.8713096
vt 0.5445685 0.9554315
vt 0.5633422 0.9148751
vt 0.5445685 0.9148751
vt 0.5415595 0.9148751
vt 0.5227857 0.9554315
vt 0.5227857 0.9148751
vt 0.6286904 0.7188304
vt 0.6099167 0.7376041
vt 0.6099167 0.7188304
vt 0.5881339 0.9148751
vt 0.5881339 0.9554315
vt 0.6069077 0.9148751
vt 0.6504732 0.6970477
vt 0.6316995 0.7158214
vt 0.6316995 0.6970477
vt 0.1742619 0.1306964
vt 0.1742619 0.1712529
vt 0.1821443 0.1306964
vt 0.5663512 0.9554315
vt 0.5851249 0.9148751
vt 0.5663512 0.9148751
vt 0.6286904 0.6970477
vt 0.6099167 0.7158214
vt 0.6099167 0.6970477
vt 0.6940386 0.7188304
vt 0.675265 0.7376041
vt 0.675265 0.7188304
vt 0.6722559 0.7188304
vt 0.6534822 0.7376041
vt 0.6534822 0.7188304
vt 0.6940386 0.6970477
vt 0.675265 0.7158214
vt 0.675265 0.6970477
vt 0.6722559 0.6970477
vt 0.6534822 0.7158214
vt 0.6534822 0.6970477
vt 0.8930923 0.5633422
vt 0.9118661 0.5227857
vt 0.8930923 0.5227857
vt 0.8713096 0.5633422
vt 0.8900833 0.5227857
vt 0.8713096 0.5227857
vt 0.9366578 0.5633422
vt 0.9554315 0.5227857
vt 0.9366578 0.5227857
vt 0.6504732 0.7623959
vt 0.6316995 0.7811696
vt 0.6316995 0.7623959
vt 0.6099167 0.7623959
vt 0.6099167 0.7811696
vt 0.6286904 0.7623959
vt 0.6504732 0.7406132
vt 0.6316995 0.7593868
vt 0.6316995 0.7406132
vt 0.1306964 0.9554315
vt 0.1385788 0.9366578
vt 0.1306964 0.9366578
vt 0.1633705 0.9554315
vt 0.1712529 0.9366578
vt 0.1633705 0.9366578
vt 0.1524792 0.9554315
vt 0.1603615 0.9366578
vt 0.1524792 0.9366578
vt 0.09802233 0.9336488
vt 0.1059047 0.9148751
vt 0.09802233 0.9148751
vt 0.08713096 0.9336488
vt 0.0950133 0.9148751
vt 0.08713096 0.9148751
vt 0.1198051 0.9336488
vt 0.1276874 0.9148751
vt 0.1198051 0.9148751
vt 0.1089137 0.9336488
vt 0.116796 0.9148751
vt 0.1089137 0.9148751
vt 0.09802233 0.9554315
vt 0.1059047 0.9366578
vt 0.09802233 0.9366578
vt 0.08713096 0.9554315
vt 0.0950133 0.9366578
vt 0.08713096 0.9366578
vt 0.2148184 0.1306964
vt 0.206936 0.1712529
vt 0.206936 0.1306964
vt 0.6286904 0.7406132
vt 0.6099167 0.7593868
vt 0.6099167 0.7406132
vt 0.1276874 0.9366578
vt 0.1198051 0.9554315
vt 0.1198051 0.9366578
vt 0.1089137 0.9366578
vt 0.1089137 0.9554315
vt 0.116796 0.9366578
vt 0.675265 0.7811696
vt 0.6940386 0.7623959
vt 0.675265 0.7623959
vt 0.6722559 0.7623959
vt 0.6534822 0.7811696
vt 0.6534822 0.7623959
vt 0.1415878 0.8900833
vt 0.1494702 0.8713096
vt 0.1415878 0.8713096
vt 0.9148751 0.5227857
vt 0.9148751 0.5633422
vt 0.9336488 0.5227857
vt 0.675265 0.7593868
vt 0.6940386 0.7406132
vt 0.675265 0.7406132
vt 0.1960447 0.1712529
vt 0.203927 0.1306964
vt 0.1960447 0.1306964
vt 0.6534822 0.7593868
vt 0.6722559 0.7406132
vt 0.6534822 0.7406132
vt 0.1306964 0.8900833
vt 0.1385788 0.8713096
vt 0.1306964 0.8713096
vt 0.7188304 0.7376041
vt 0.7376041 0.7188304
vt 0.7188304 0.7188304
vt 0.6970477 0.7376041
vt 0.7158214 0.7188304
vt 0.6970477 0.7188304
vt 0.7188304 0.7158214
vt 0.7376041 0.6970477
vt 0.7188304 0.6970477
vt 0.9118661 0.5663512
vt 0.8930923 0.6069077
vt 0.8930923 0.5663512
vt 0.1633705 0.8900833
vt 0.1712529 0.8713096
vt 0.1633705 0.8713096
vt 0.1524792 0.8900833
vt 0.1603615 0.8713096
vt 0.1524792 0.8713096
vt 0.1415878 0.9118661
vt 0.1494702 0.8930923
vt 0.1415878 0.8930923
vt 0.6970477 0.7158214
vt 0.7158214 0.6970477
vt 0.6970477 0.6970477
vt 0.7623959 0.7376041
vt 0.7811696 0.7188304
vt 0.7623959 0.7188304
vt 0.1306964 0.9118661
vt 0.1385788 0.8930923
vt 0.1306964 0.8930923
vt 0.7406132 0.7376041
vt 0.7593868 0.7188304
vt 0.7406132 0.7188304
vt 0.8713096 0.6069077
vt 0.8900833 0.5663512
vt 0.8713096 0.5663512
vt 0.09802233 0.06233919
vt 0.100459 0.05445685
vt 0.09802233 0.05445685
vt 0.1633705 0.9118661
vt 0.1712529 0.8930923
vt 0.1633705 0.8930923
vt 0.1524792 0.9118661
vt 0.1603615 0.8930923
vt 0.1524792 0.8930923
vt 0.09802233 0.8900833
vt 0.1059047 0.8713096
vt 0.09802233 0.8713096
vt 0.08713096 0.8900833
vt 0.0950133 0.8713096
vt 0.08713096 0.8713096
vt 0.1198051 0.8900833
vt 0.1276874 0.8713096
vt 0.1198051 0.8713096
vt 0.1089137 0.8900833
vt 0.116796 0.8713096
vt 0.1089137 0.8713096
vt 0.09802233 0.9118661
vt 0.1059047 0.8930923
vt 0.09802233 0.8930923
vt 0.7623959 0.7158214
vt 0.7811696 0.6970477
vt 0.7623959 0.6970477
vt 0.7406132 0.7158214
vt 0.7593868 0.6970477
vt 0.7406132 0.6970477
vt 0.7188304 0.7811696
vt 0.7376041 0.7623959
vt 0.7188304 0.7623959
vt 0.1306964 0.04055645
vt 0.1331331 0.02178274
vt 0.1306964 0.02178274
vt 0.1603615 0.06534822
vt 0.1579249 0.07323056
vt 0.1579249 0.06534822
vt 0.1549158 0.06534822
vt 0.1524792 0.07323056
vt 0.1524792 0.06534822
vt 0.1494702 0.02178274
vt 0.1470335 0.04055645
vt 0.1470335 0.02178274
vt 0.6970477 0.7811696
vt 0.7158214 0.7623959
vt 0.6970477 0.7623959
vt 0.08713096 0.9118661
vt 0.0950133 0.8930923
vt 0.08713096 0.8930923
vt 0.1440245 0.02178274
vt 0.1415878 0.04055645
vt 0.1415878 0.02178274
vt 0.1425908 0.04155946
vt 0.1450275 0.04155946
vt 0.1450275 0.02278575
vt 0.01877371 0.1198051
vt 0.01089137 0.1276874
vt 0.01089137 0.1198051
vt 0.1579249 0
vt 0.1579249 0.01877371
vt 0.1603615 0
vt 0.1524792 0
vt 0.1524792 0.01877371
vt 0.1549158 0
vt 0.1276874 0.8930923
vt 0.1198051 0.9118661
vt 0.1198051 0.8930923
vt 0.2366011 0.08713096
vt 0.2287188 0.1276874
vt 0.2287188 0.08713096
vt 0.2257098 0.08713096
vt 0.2178274 0.1276874
vt 0.2178274 0.08713096
vt 0.1712529 0.06534822
vt 0.1688162 0.07323056
vt 0.1688162 0.06534822
vt 0.116796 0.8930923
vt 0.1089137 0.9118661
vt 0.1089137 0.8930923
vt 0.9554315 0.5663512
vt 0.9366578 0.6069077
vt 0.9366578 0.5663512
vt 0.9148751 0.5663512
vt 0.9148751 0.6069077
vt 0.9336488 0.5663512
vt 0.7376041 0.3485238
vt 0.7188304 0.3890803
vt 0.7188304 0.3485238
vt 0.007882343 0.1198051
vt 0 0.1276874
vt 0 0.1198051
vt 0.2505015 0.1276874
vt 0.2583838 0.08713096
vt 0.2505015 0.08713096
vt 0.7158214 0.3485238
vt 0.6970477 0.3890803
vt 0.6970477 0.3485238
vt 0.9257665 0.1494702
vt 0.9336488 0.1306964
vt 0.9257665 0.1306964
vt 0.1712529 0
vt 0.1688162 0.01877371
vt 0.1688162 0
vt 0.7623959 0.3890803
vt 0.7811696 0.3485238
vt 0.7623959 0.3485238
vt 0.1658072 0
vt 0.1633705 0
vt 0.1633705 0.01877371
vt 0.9267694 0.3029523
vt 0.9346518 0.3029523
vt 0.9346518 0.2841786
vt 0.3029523 1
vt 0.3029523 0.9812263
vt 0.2623959 1
vt 0.9836629 0.8039553
vt 0.9812263 0.8039553
vt 0.9836629 0.7851816
vt 0.9158781 0.3029523
vt 0.9237604 0.3029523
vt 0.9237604 0.2841786
vt 0.912869 0.3059613
vt 0.8940954 0.3465178
vt 0.912869 0.3465178
vt 0.1069077 0.02278575
vt 0.1069077 0.04155946
vt 0.08813397 0.04155946
vt 0.9485522 0.3029523
vt 0.9564345 0.3029523
vt 0.9564345 0.2841786
vt 0.9455432 0.2841786
vt 0.9376608 0.3029523
vt 0.9455432 0.3029523
vt 0.09601631 0.1722559
vt 0.09601631 0.1316994
vt 0.08813397 0.1722559
vt 0.8910863 0.2623959
vt 0.883204 0.2811696
vt 0.8910863 0.2811696
vt 0.8910863 0.3059613
vt 0.8723125 0.3465178
vt 0.8910863 0.3465178
vt 0.1286904 0.001003009
vt 0.1099167 0.01977672
vt 0.1286904 0.01977672
vt 0.880195 0.2623959
vt 0.8723125 0.2811696
vt 0.880195 0.2811696
vt 0.7386071 0.4584405
vt 0.7198334 0.4772142
vt 0.7386071 0.4772142
vt 0.1208081 0.05245083
vt 0.1232447 0.04456849
vt 0.1232447 0.05245083
vt 0.912869 0.2623959
vt 0.9049867 0.2811696
vt 0.912869 0.2811696
vt 0.7168244 0.4584405
vt 0.6980507 0.4772142
vt 0.7168244 0.4772142
vt 0.1286904 0.1316994
vt 0.1208081 0.1722559
vt 0.1286904 0.1722559
vt 0.1177991 0.1722559
vt 0.1177991 0.1316994
vt 0.1099167 0.1722559
vt 0.9564345 0.3059613
vt 0.9376608 0.3465178
vt 0.9564345 0.3465178
vt 0.1504731 0.08813397
vt 0.1425908 0.1286904
vt 0.1504731 0.1286904
vt 0.1395818 0.1286904
vt 0.1395818 0.08813397
vt 0.1316994 0.1286904
vt 0.1722559 0.08813397
vt 0.1643736 0.1286904
vt 0.1722559 0.1286904
vt 0.9346518 0.3465178
vt 0.9346518 0.3059613
vt 0.9158781 0.3465178
vt 0.7198334 0.4554315
vt 0.7386071 0.4366578
vt 0.7386071 0.4554315
vt 0.1613645 0.08813397
vt 0.1534822 0.1286904
vt 0.1613645 0.1286904
vt 0.7168244 0.4366578
vt 0.6980507 0.4554315
vt 0.7168244 0.4554315
vt 0.9019777 0.2623959
vt 0.8940954 0.2811696
vt 0.9019777 0.2811696
vt 0.8910863 0.2841786
vt 0.883204 0.3029523
vt 0.8910863 0.3029523
vt 0.09357965 0.01977672
vt 0.09601631 0.001003009
vt 0.09601631 0.01977672
vt 0.1153624 0.0633422
vt 0.1177991 0.05545986
vt 0.1177991 0.0633422
vt 0.880195 0.2841786
vt 0.8723125 0.3029523
vt 0.880195 0.3029523
vt 0.912869 0.2841786
vt 0.9049867 0.3029523
vt 0.912869 0.3029523
vt 0.9019777 0.2841786
vt 0.8940954 0.3029523
vt 0.9019777 0.3029523
vt 0.9346518 0.2188304
vt 0.9267694 0.2376041
vt 0.9346518 0.2376041
vt 0.9237604 0.2188304
vt 0.9158781 0.2376041
vt 0.9237604 0.2376041
vt 0.1069077 0.1286904
vt 0.1069077 0.08813397
vt 0.09902534 0.1286904
vt 0.09601631 0.1286904
vt 0.08813397 0.1286904
vt 0.09601631 0.08813397
vt 0.3029523 0.912869
vt 0.3029523 0.8723125
vt 0.2841786 0.912869
vt 0.2811696 0.912869
vt 0.2623959 0.912869
vt 0.2811696 0.8723125
vt 0.7821726 0.4584405
vt 0.7633989 0.4772142
vt 0.7821726 0.4772142
vt 0.1286904 0.1286904
vt 0.1286904 0.08813397
vt 0.1208081 0.1286904
vt 0.3465178 0.8723125
vt 0.3277441 0.912869
vt 0.3465178 0.912869
vt 0.7416161 0.4772142
vt 0.7603899 0.4584405
vt 0.7603899 0.4772142
vt 0.1177991 0.1286904
vt 0.1177991 0.08813397
vt 0.1099167 0.1286904
vt 0.0633422 0.2188304
vt 0.05545986 0.2593869
vt 0.0633422 0.2593869
vt 0.05245083 0.2593869
vt 0.05245083 0.2188304
vt 0.04456849 0.2593869
vt 0.08512494 0.2188304
vt 0.0772426 0.2593869
vt 0.08512494 0.2593869
vt 0.3247351 0.912869
vt 0.3247351 0.8723125
vt 0.3059613 0.912869
vt 0.07423357 0.2593869
vt 0.07423357 0.2188304
vt 0.06635123 0.2593869
vt 0.3029523 0.9564345
vt 0.3029523 0.9158781
vt 0.2841786 0.9564345
vt 0.01977672 0.2188304
vt 0.01189438 0.2593869
vt 0.01977672 0.2593869
vt 0.008885351 0.2593869
vt 0.001003009 0.2593869
vt 0.008885351 0.2188304
vt 0.04155946 0.2593869
vt 0.04155946 0.2188304
vt 0.03367712 0.2593869
vt 0.03066809 0.2593869
vt 0.02278575 0.2593869
vt 0.03066809 0.2188304
vt 0.0633422 0.2158214
vt 0.0633422 0.1752649
vt 0.05545986 0.2158214
vt 0.9703349 0.9673259
vt 0.9782172 0.9673259
vt 0.9782172 0.9594436
vt 0.05245083 0.1752649
vt 0.05245083 0.2158214
vt 0.04456849 0.2158214
vt 0.7821726 0.4366578
vt 0.7633989 0.4554315
vt 0.7821726 0.4554315
vt 0.9564345 0.2188304
vt 0.9485522 0.2376041
vt 0.9564345 0.2376041
vt 0.9455432 0.2188304
vt 0.9376608 0.2376041
vt 0.9455432 0.2376041
vt 0.9346518 0.2406131
vt 0.9267694 0.2593869
vt 0.9346518 0.2593869
vt 0.9237604 0.2406131
vt 0.9158781 0.2593869
vt 0.9237604 0.2593869
vt 0.9564345 0.2406131
vt 0.9485522 0.2593869
vt 0.9564345 0.2593869
vt 0.1123534 0.0633422
vt 0.1123534 0.05545986
vt 0.1099167 0.0633422
vt 0.09057063 0.001003009
vt 0.08813397 0.01977672
vt 0.09057063 0.01977672
vt 0.9455432 0.2406131
vt 0.9376608 0.2593869
vt 0.9455432 0.2593869
vt 0.8910863 0.2188304
vt 0.883204 0.2376041
vt 0.8910863 0.2376041
vt 0.880195 0.2188304
vt 0.8723125 0.2376041
vt 0.880195 0.2376041
vt 0.912869 0.2188304
vt 0.9049867 0.2376041
vt 0.912869 0.2376041
vt 0.08512494 0.2158214
vt 0.08512494 0.1752649
vt 0.0772426 0.2158214
vt 0.7603899 0.4366578
vt 0.7416161 0.4554315
vt 0.7603899 0.4554315
vt 0.07423357 0.1752649
vt 0.06635123 0.2158214
vt 0.07423357 0.2158214
vt 0.01977672 0.2158214
vt 0.01977672 0.1752649
vt 0.01189438 0.2158214
vt 0.2811696 0.9564345
vt 0.2811696 0.9158781
vt 0.2623959 0.9564345
vt 0.7198334 0.5207797
vt 0.7386071 0.5207797
vt 0.7386071 0.502006
vt 0.3465178 0.9564345
vt 0.3465178 0.9158781
vt 0.3277441 0.9564345
vt 0.9019777 0.2188304
vt 0.8940954 0.2376041
vt 0.9019777 0.2376041
vt 0.3247351 0.9158781
vt 0.3059613 0.9564345
vt 0.3247351 0.9564345
vt 0.6980507 0.5207797
vt 0.7168244 0.502006
vt 0.7168244 0.5207797
vt 0.7386071 0.4802233
vt 0.7198334 0.498997
vt 0.7386071 0.498997
vt 0.7168244 0.4802233
vt 0.6980507 0.498997
vt 0.7168244 0.498997
vt 0.7633989 0.5207797
vt 0.7821726 0.502006
vt 0.7821726 0.5207797
vt 0.3900833 0.912869
vt 0.3900833 0.8723125
vt 0.3713096 0.912869
vt 0.3683006 0.912869
vt 0.3683006 0.8723125
vt 0.3495269 0.912869
vt 0.7603899 0.502006
vt 0.7416161 0.5207797
vt 0.7603899 0.5207797
vt 0.7821726 0.4802233
vt 0.7633989 0.498997
vt 0.7821726 0.498997
vt 0.7416161 0.498997
vt 0.7603899 0.4802233
vt 0.7603899 0.498997
vt 0.4336488 0.8723125
vt 0.4148751 0.912869
vt 0.4336488 0.912869
vt 0.07179691 0.1286904
vt 0.07423357 0.1286904
vt 0.07423357 0.08813397
vt 0.411866 0.912869
vt 0.411866 0.8723125
vt 0.3930923 0.912869
vt 0.4772142 0.7198334
vt 0.4584405 0.7386071
vt 0.4772142 0.7386071
vt 0.008885351 0.2158214
vt 0.008885351 0.1752649
vt 0.001003009 0.2158214
vt 0.3713096 0.9564345
vt 0.3900833 0.9158781
vt 0.3900833 0.9564345
vt 0.04155946 0.2158214
vt 0.04155946 0.1752649
vt 0.03367712 0.2158214
vt 0.4554315 0.7198334
vt 0.4366578 0.7386071
vt 0.4554315 0.7386071
vt 0.883204 0.2593869
vt 0.8910863 0.2593869
vt 0.8910863 0.2406131
vt 0.3683006 0.9564345
vt 0.3683006 0.9158781
vt 0.3495269 0.9564345
vt 0.4772142 0.6980507
vt 0.4584405 0.7168244
vt 0.4772142 0.7168244
vt 0.4554315 0.6980507
vt 0.4366578 0.7168244
vt 0.4554315 0.7168244
vt 0.5207797 0.7198334
vt 0.502006 0.7386071
vt 0.5207797 0.7386071
vt 0.4336488 0.9564345
vt 0.4336488 0.9158781
vt 0.4148751 0.9564345
vt 0.411866 0.9564345
vt 0.3930923 0.9564345
vt 0.411866 0.9158781
vt 0.912869 0.3900833
vt 0.912869 0.3495269
vt 0.8940954 0.3900833
vt 0.498997 0.7198334
vt 0.4802233 0.7386071
vt 0.498997 0.7386071
vt 0.5207797 0.6980507
vt 0.502006 0.7168244
vt 0.5207797 0.7168244
vt 0.8723125 0.3900833
vt 0.8910863 0.3495269
vt 0.8910863 0.3900833
vt 0.498997 0.6980507
vt 0.4802233 0.7168244
vt 0.498997 0.7168244
vt 0.8723125 0.2593869
vt 0.880195 0.2406131
vt 0.880195 0.2593869
vt 0.9049867 0.2593869
vt 0.912869 0.2593869
vt 0.912869 0.2406131
vt 0.8940954 0.2593869
vt 0.9019777 0.2406131
vt 0.9019777 0.2593869
vt 0.9267694 0.1940386
vt 0.9346518 0.1752649
vt 0.9346518 0.1940386
vt 0.9158781 0.1940386
vt 0.9237604 0.1940386
vt 0.9237604 0.1752649
vt 0.9485522 0.1940386
vt 0.9564345 0.1752649
vt 0.9564345 0.1940386
vt 0.9376608 0.1940386
vt 0.9455432 0.1940386
vt 0.9455432 0.1752649
vt 0.9267694 0.2158214
vt 0.9346518 0.1970477
vt 0.9346518 0.2158214
vt 0.9158781 0.2158214
vt 0.9237604 0.2158214
vt 0.9237604 0.1970477
vt 0.9485522 0.2158214
vt 0.9564345 0.1970477
vt 0.9564345 0.2158214
vt 0.9376608 0.2158214
vt 0.9455432 0.1970477
vt 0.9455432 0.2158214
vt 0.883204 0.1940386
vt 0.8910863 0.1940386
vt 0.8910863 0.1752649
vt 0.880195 0.1940386
vt 0.880195 0.1752649
vt 0.8723125 0.1940386
vt 0.912869 0.1940386
vt 0.912869 0.1752649
vt 0.9049867 0.1940386
vt 0.9564345 0.3900833
vt 0.9376608 0.3900833
vt 0.9564345 0.3495269
vt 0.4584405 0.7821726
vt 0.4772142 0.7633989
vt 0.4772142 0.7821726
vt 0.4554315 0.7633989
vt 0.4366578 0.7821726
vt 0.4554315 0.7821726
vt 0.4772142 0.7416161
vt 0.4772142 0.7603899
vt 0.4584405 0.7603899
vt 0.4366578 0.7603899
vt 0.4554315 0.7603899
vt 0.4554315 0.7416161
vt 0.502006 0.7821726
vt 0.5207797 0.7633989
vt 0.5207797 0.7821726
vt 0.4802233 0.7821726
vt 0.498997 0.7633989
vt 0.498997 0.7821726
vt 0.502006 0.7603899
vt 0.5207797 0.7603899
vt 0.5207797 0.7416161
vt 0.498997 0.7416161
vt 0.4802233 0.7603899
vt 0.498997 0.7603899
vt 0.8940954 0.1940386
vt 0.9019777 0.1752649
vt 0.9019777 0.1940386
vt 0.7198334 0.5643452
vt 0.7386071 0.5455715
vt 0.7386071 0.5643452
vt 0.03066809 0.2158214
vt 0.03066809 0.1752649
vt 0.02278575 0.2158214
vt 0.2376041 0.08512494
vt 0.2297218 0.08512494
vt 0.2376041 0.04456849
vt 0.6980507 0.5643452
vt 0.7168244 0.5455715
vt 0.7168244 0.5643452
vt 0.8910863 0.2158214
vt 0.883204 0.2158214
vt 0.8910863 0.1970477
vt 0.880195 0.2158214
vt 0.8723125 0.2158214
vt 0.880195 0.1970477
vt 0.9049867 0.2158214
vt 0.912869 0.1970477
vt 0.912869 0.2158214
vt 0.7198334 0.5425625
vt 0.7386071 0.5237888
vt 0.7386071 0.5425625
vt 0.6980507 0.5425625
vt 0.7168244 0.5237888
vt 0.7168244 0.5425625
vt 0.7633989 0.5643452
vt 0.7821726 0.5455715
vt 0.7821726 0.5643452
vt 0.7416161 0.5643452
vt 0.7603899 0.5455715
vt 0.7603899 0.5643452
vt 0.9346518 0.3495269
vt 0.9158781 0.3900833
vt 0.9346518 0.3900833
vt 0.8940954 0.2158214
vt 0.9019777 0.1970477
vt 0.9019777 0.2158214
vt 0.2297218 0.9346518
vt 0.2376041 0.9158781
vt 0.2376041 0.9346518
vt 0.7821726 0.5425625
vt 0.7821726 0.5237888
vt 0.7633989 0.5425625
vt 0.7416161 0.5425625
vt 0.7603899 0.5237888
vt 0.7603899 0.5425625
vt 0.7198334 0.6079107
vt 0.7386071 0.6079107
vt 0.7386071 0.589137
vt 0.6980507 0.6079107
vt 0.7168244 0.589137
vt 0.7168244 0.6079107
vt 0.7198334 0.5861279
vt 0.7386071 0.5673542
vt 0.7386071 0.5861279
vt 0.2188304 0.9346518
vt 0.2267127 0.9158781
vt 0.2267127 0.9346518
vt 0.6980507 0.5861279
vt 0.7168244 0.5673542
vt 0.7168244 0.5861279
vt 0.7633989 0.6079107
vt 0.7821726 0.589137
vt 0.7821726 0.6079107
vt 0.8940954 0.4336488
vt 0.912869 0.3930923
vt 0.912869 0.4336488
vt 0.2515045 0.9346518
vt 0.2593869 0.9158781
vt 0.2593869 0.9346518
vt 0.2406131 0.9346518
vt 0.2484955 0.9158781
vt 0.2484955 0.9346518
vt 0.2297218 0.9564345
vt 0.2376041 0.9564345
vt 0.2376041 0.9376608
vt 0.7416161 0.6079107
vt 0.7603899 0.589137
vt 0.7603899 0.6079107
vt 0.2188304 0.9564345
vt 0.2267127 0.9376608
vt 0.2267127 0.9564345
vt 0.2515045 0.9564345
vt 0.2593869 0.9564345
vt 0.2593869 0.9376608
vt 0.2406131 0.9564345
vt 0.2484955 0.9376608
vt 0.2484955 0.9564345
vt 0.1861563 0.9346518
vt 0.1940386 0.9158781
vt 0.1940386 0.9346518
vt 0.1752649 0.9346518
vt 0.1831473 0.9346518
vt 0.1831473 0.9158781
vt 0.207939 0.9346518
vt 0.2158214 0.9158781
vt 0.2158214 0.9346518
vt 0.20493 0.9346518
vt 0.1970477 0.9346518
vt 0.20493 0.9158781
vt 0.1861563 0.9564345
vt 0.1940386 0.9376608
vt 0.1940386 0.9564345
vt 0.7633989 0.5861279
vt 0.7821726 0.5673542
vt 0.7821726 0.5861279
vt 0.7416161 0.5861279
vt 0.7603899 0.5673542
vt 0.7603899 0.5861279
vt 0.5455715 0.7386071
vt 0.5643452 0.7386071
vt 0.5643452 0.7198334
vt 0.5237888 0.7386071
vt 0.5425625 0.7198334
vt 0.5425625 0.7386071
vt 0.5455715 0.7168244
vt 0.5643452 0.6980507
vt 0.5643452 0.7168244
vt 0.1069077 0.01977672
vt 0.1069077 0.001003009
vt 0.104471 0.01977672
vt 0.1286904 0.05545986
vt 0.1286904 0.0633422
vt 0.1262538 0.0633422
vt 0.1232447 0.05545986
vt 0.1232447 0.0633422
vt 0.1208081 0.0633422
vt 0.101462 0.001003009
vt 0.09902534 0.01977672
vt 0.101462 0.01977672
vt 0.5237888 0.7168244
vt 0.5425625 0.6980507
vt 0.5425625 0.7168244
vt 0.1752649 0.9564345
vt 0.1831473 0.9376608
vt 0.1831473 0.9564345
vt 0.09601631 0.04456849
vt 0.09357965 0.05245083
vt 0.09601631 0.05245083
vt 0.1613645 0.02278575
vt 0.1613645 0.04155946
vt 0.1589279 0.04155946
vt 0.589137 0.7386071
vt 0.6079107 0.7386071
vt 0.6079107 0.7198334
vt 0.06878789 0.1286904
vt 0.06878789 0.08813397
vt 0.06635123 0.1286904
vt 0.09057063 0.04456849
vt 0.08813397 0.05245083
vt 0.09057063 0.05245083
vt 0.9594436 0.9673259
vt 0.9618802 0.9648892
vt 0.9618802 0.9673259
vt 0.01977672 0.09902534
vt 0.01977672 0.1069077
vt 0.01189438 0.1069077
vt 0.008885351 0.09902534
vt 0.008885351 0.1069077
vt 0.001003009 0.1069077
vt 0.01977672 0.08813397
vt 0.01189438 0.09601631
vt 0.01977672 0.09601631
vt 0.2158214 0.9376608
vt 0.2158214 0.9564345
vt 0.207939 0.9564345
vt 0.9673259 0.9594436
vt 0.9673259 0.9618802
vt 0.9648892 0.9618802
vt 0.9618802 0.9594436
vt 0.9618802 0.9618802
vt 0.9594436 0.9618802
vt 0.008885351 0.08813397
vt 0.008885351 0.09601631
vt 0.001003009 0.09601631
vt 0.8910863 0.3930923
vt 0.8910863 0.4336488
vt 0.8723125 0.4336488
vt 0.04155946 0.09902534
vt 0.04155946 0.1069077
vt 0.03367712 0.1069077
vt 0.9564345 0.4336488
vt 0.9564345 0.3930923
vt 0.9376608 0.4336488
vt 0.9346518 0.4336488
vt 0.9158781 0.4336488
vt 0.9346518 0.3930923
vt 0.03066809 0.09902534
vt 0.02278575 0.1069077
vt 0.03066809 0.1069077
vt 0.5861279 0.7198334
vt 0.5861279 0.7386071
vt 0.5673542 0.7386071
vt 0.6079107 0.7168244
vt 0.589137 0.7168244
vt 0.6079107 0.6980507
vt 0.08512494 0.1286904
vt 0.08268829 0.1286904
vt 0.08512494 0.08813397
vt 0.20493 0.9564345
vt 0.20493 0.9376608
vt 0.1970477 0.9564345
vt 0.04155946 0.08813397
vt 0.04155946 0.09601631
vt 0.03367712 0.09601631
vt 0.912869 0.4772142
vt 0.8940954 0.4772142
vt 0.912869 0.4366578
vt 0.2376041 0.8723125
vt 0.2376041 0.8910863
vt 0.2297218 0.8910863
vt 0.8910863 0.4772142
vt 0.8910863 0.4366578
vt 0.8723125 0.4772142
vt 0.5673542 0.7168244
vt 0.5861279 0.7168244
vt 0.5861279 0.6980507
vt 0.5643452 0.7633989
vt 0.5643452 0.7821726
vt 0.5455715 0.7821726
vt 0.9564345 0.4772142
vt 0.9564345 0.4366578
vt 0.9376608 0.4772142
vt 0.2267127 0.8723125
vt 0.2267127 0.8910863
vt 0.2188304 0.8910863
vt 0.5425625 0.7821726
vt 0.5237888 0.7821726
vt 0.5425625 0.7633989
vt 0.5455715 0.7603899
vt 0.5643452 0.7603899
vt 0.5643452 0.7416161
vt 0.1559188 0.04155946
vt 0.1534822 0.04155946
vt 0.1559188 0.02278575
vt 0.2188304 0.08512494
vt 0.2267127 0.08512494
vt 0.2267127 0.04456849
vt 0.1069077 0.04456849
vt 0.1069077 0.05245083
vt 0.104471 0.05245083
vt 0.101462 0.04456849
vt 0.101462 0.05245083
vt 0.09902534 0.05245083
vt 0.02278575 0.09601631
vt 0.03066809 0.09601631
vt 0.03066809 0.08813397
vt 0.2593869 0.8910863
vt 0.2515045 0.8910863
vt 0.2593869 0.8723125
vt 0.2484955 0.8723125
vt 0.2484955 0.8910863
vt 0.2406131 0.8910863
vt 0.5425625 0.7416161
vt 0.5425625 0.7603899
vt 0.5237888 0.7603899
vt 0.1698193 0.04155946
vt 0.1722559 0.04155946
vt 0.1722559 0.02278575
vt 0.589137 0.7821726
vt 0.6079107 0.7821726
vt 0.6079107 0.7633989
vt 0.5673542 0.7821726
vt 0.5861279 0.7821726
vt 0.5861279 0.7633989
vt 0.9158781 0.4772142
vt 0.9346518 0.4772142
vt 0.9346518 0.4366578
vt 0.2297218 0.912869
vt 0.2376041 0.912869
vt 0.2376041 0.8940954
vt 0.2188304 0.912869
vt 0.2267127 0.912869
vt 0.2267127 0.8940954
vt 0.2515045 0.912869
vt 0.2593869 0.912869
vt 0.2593869 0.8940954
vt 0.6079107 0.7603899
vt 0.589137 0.7603899
vt 0.6079107 0.7416161
vt 0.2406131 0.912869
vt 0.2484955 0.912869
vt 0.2484955 0.8940954
vt 0.5673542 0.7603899
vt 0.5861279 0.7603899
vt 0.5861279 0.7416161
vt 0.1861563 0.8910863
vt 0.1940386 0.8910863
vt 0.1940386 0.8723125
vt 0.1831473 0.8910863
vt 0.1752649 0.8910863
vt 0.1831473 0.8723125
vt 0.912869 0.5207797
vt 0.8940954 0.5207797
vt 0.912869 0.4802233
vt 0.7198334 0.6514762
vt 0.7386071 0.6514762
vt 0.7386071 0.6327025
vt 0.8723125 0.5207797
vt 0.8910863 0.5207797
vt 0.8910863 0.4802233
vt 0.2593869 0.04456849
vt 0.2593869 0.08512494
vt 0.2515045 0.08512494
vt 0.2484955 0.08512494
vt 0.2406131 0.08512494
vt 0.2484955 0.04456849
vt 0.1940386 0.08512494
vt 0.1861563 0.08512494
vt 0.1940386 0.04456849
vt 0.1831473 0.08512494
vt 0.1752649 0.08512494
vt 0.1831473 0.04456849
vt 0.2158214 0.08512494
vt 0.2158214 0.04456849
vt 0.207939 0.08512494
vt 0.20493 0.04456849
vt 0.20493 0.08512494
vt 0.1970477 0.08512494
vt 0.2376041 0.04155946
vt 0.2297218 0.04155946
vt 0.2376041 0.001003009
vt 0.2267127 0.001003009
vt 0.2188304 0.04155946
vt 0.2267127 0.04155946
vt 0.9376608 0.5207797
vt 0.9564345 0.5207797
vt 0.9564345 0.4802233
vt 0.2593869 0.04155946
vt 0.2515045 0.04155946
vt 0.2593869 0.001003009
vt 0.6980507 0.6514762
vt 0.7168244 0.6514762
vt 0.7168244 0.6327025
vt 0.207939 0.8910863
vt 0.2158214 0.8910863
vt 0.2158214 0.8723125
vt 0.7386071 0.6296934
vt 0.7198334 0.6296934
vt 0.7386071 0.6109197
vt 0.20493 0.8910863
vt 0.1970477 0.8910863
vt 0.20493 0.8723125
vt 0.1668102 0.02278575
vt 0.1668102 0.04155946
vt 0.1643736 0.04155946
vt 0.09601631 0.05545986
vt 0.09601631 0.0633422
vt 0.09357965 0.0633422
vt 0.1861563 0.912869
vt 0.1940386 0.912869
vt 0.1940386 0.8940954
vt 0.1752649 0.912869
vt 0.1831473 0.912869
vt 0.1831473 0.8940954
vt 0.2484955 0.001003009
vt 0.2484955 0.04155946
vt 0.2406131 0.04155946
vt 0.9346518 0.4802233
vt 0.9346518 0.5207797
vt 0.9158781 0.5207797
vt 0.207939 0.912869
vt 0.2158214 0.912869
vt 0.2158214 0.8940954
vt 0.1940386 0.001003009
vt 0.1940386 0.04155946
vt 0.1861563 0.04155946
vt 0.7168244 0.6109197
vt 0.7168244 0.6296934
vt 0.6980507 0.6296934
vt 0.1831473 0.04155946
vt 0.1752649 0.04155946
vt 0.1831473 0.001003009
vt 0.2158214 0.04155946
vt 0.207939 0.04155946
vt 0.2158214 0.001003009
vt 0.20493 0.04155946
vt 0.1970477 0.04155946
vt 0.20493 0.001003009
vt 0.4772142 0.912869
vt 0.4584405 0.912869
vt 0.4772142 0.8723125
vt 0.7821726 0.6514762
vt 0.7633989 0.6514762
vt 0.7821726 0.6327025
vt 0.7603899 0.6327025
vt 0.7603899 0.6514762
vt 0.7416161 0.6514762
vt 0.4554315 0.912869
vt 0.4366578 0.912869
vt 0.4554315 0.8723125
vt 0.5207797 0.8723125
vt 0.5207797 0.912869
vt 0.502006 0.912869
vt 0.2376041 0.1316994
vt 0.2376041 0.1722559
vt 0.2297218 0.1722559
vt 0.2267127 0.1316994
vt 0.2267127 0.1722559
vt 0.2188304 0.1722559
vt 0.7821726 0.6109197
vt 0.7821726 0.6296934
vt 0.7633989 0.6296934
vt 0.2593869 0.1722559
vt 0.2515045 0.1722559
vt 0.2593869 0.1316994
vt 0.1970477 0.912869
vt 0.20493 0.912869
vt 0.20493 0.8940954
vt 0.1425908 0.9346518
vt 0.1504731 0.9346518
vt 0.1504731 0.9158781
vt 0.1316994 0.9346518
vt 0.1395818 0.9346518
vt 0.1395818 0.9158781
vt 0.7416161 0.6296934
vt 0.7603899 0.6296934
vt 0.7603899 0.6109197
vt 0.09057063 0.05545986
vt 0.08813397 0.0633422
vt 0.09057063 0.0633422
vt 0.1395818 0.04155946
vt 0.1371451 0.04155946
vt 0.1395818 0.02278575
vt 0.1643736 0.9346518
vt 0.1722559 0.9346518
vt 0.1722559 0.9158781
vt 0.1534822 0.9346518
vt 0.1613645 0.9346518
vt 0.1613645 0.9158781
vt 0.2484955 0.1316994
vt 0.2406131 0.1722559
vt 0.2484955 0.1722559
vt 0.7198334 0.6950417
vt 0.7386071 0.6950417
vt 0.7386071 0.6762679
vt 0.1940386 0.1722559
vt 0.1861563 0.1722559
vt 0.1940386 0.1316994
vt 0.498997 0.912869
vt 0.4802233 0.912869
vt 0.498997 0.8723125
vt 0.4772142 0.9158781
vt 0.4772142 0.9564345
vt 0.4584405 0.9564345
vt 0.104471 0.0633422
vt 0.1069077 0.0633422
vt 0.1069077 0.05545986
vt 0.4554315 0.9564345
vt 0.4366578 0.9564345
vt 0.4554315 0.9158781
vt 0.1425908 0.9564345
vt 0.1504731 0.9564345
vt 0.1504731 0.9376608
vt 0.502006 0.9564345
vt 0.5207797 0.9564345
vt 0.5207797 0.9158781
vt 0.498997 0.9564345
vt 0.4802233 0.9564345
vt 0.498997 0.9158781
vt 0.5643452 0.912869
vt 0.5455715 0.912869
vt 0.5643452 0.8723125
vt 0.7168244 0.6762679
vt 0.7168244 0.6950417
vt 0.6980507 0.6950417
vt 0.7198334 0.6732589
vt 0.7386071 0.6732589
vt 0.7386071 0.6544852
vt 0.6980507 0.6732589
vt 0.7168244 0.6732589
vt 0.7168244 0.6544852
vt 0.7633989 0.6950417
vt 0.7821726 0.6950417
vt 0.7821726 0.6762679
vt 0.7603899 0.6762679
vt 0.7603899 0.6950417
vt 0.7416161 0.6950417
vt 0.7633989 0.6732589
vt 0.7821726 0.6732589
vt 0.7821726 0.6544852
vt 0.7416161 0.6732589
vt 0.7603899 0.6732589
vt 0.7603899 0.6544852
vt 0.6514762 0.7198334
vt 0.6514762 0.7386071
vt 0.6327025 0.7386071
vt 0.5425625 0.912869
vt 0.5237888 0.912869
vt 0.5425625 0.8723125
vt 0.6079107 0.8723125
vt 0.589137 0.912869
vt 0.6079107 0.912869
vt 0.5861279 0.912869
vt 0.5673542 0.912869
vt 0.5861279 0.8723125
vt 0.5643452 0.9158781
vt 0.5643452 0.9564345
vt 0.5455715 0.9564345
vt 0.5237888 0.9564345
vt 0.5425625 0.9564345
vt 0.5425625 0.9158781
vt 0.6109197 0.7386071
vt 0.6296934 0.7386071
vt 0.6296934 0.7198334
vt 0.6079107 0.9564345
vt 0.589137 0.9564345
vt 0.6079107 0.9158781
vt 0.6327025 0.7168244
vt 0.6514762 0.7168244
vt 0.6514762 0.6980507
vt 0.1831473 0.1722559
vt 0.1752649 0.1722559
vt 0.1831473 0.1316994
vt 0.7406132 0.3890803
vt 0.7593868 0.3485238
vt 0.7406132 0.3485238
vt 0.5861279 0.9158781
vt 0.5861279 0.9564345
vt 0.5673542 0.9564345
vt 0.6109197 0.7168244
vt 0.6296934 0.7168244
vt 0.6296934 0.6980507
vt 0.6762679 0.7386071
vt 0.6950417 0.7386071
vt 0.6950417 0.7198334
vt 0.6544852 0.7386071
vt 0.6732589 0.7386071
vt 0.6732589 0.7198334
vt 0.6762679 0.7168244
vt 0.6950417 0.7168244
vt 0.6950417 0.6980507
vt 0.6544852 0.7168244
vt 0.6732589 0.7168244
vt 0.6732589 0.6980507
vt 0.912869 0.5237888
vt 0.912869 0.5643452
vt 0.8940954 0.5643452
vt 0.8910863 0.5237888
vt 0.8910863 0.5643452
vt 0.8723125 0.5643452
vt 0.9564345 0.5237888
vt 0.9564345 0.5643452
vt 0.9376608 0.5643452
vt 0.6327025 0.7821726
vt 0.6514762 0.7821726
vt 0.6514762 0.7633989
vt 0.6296934 0.7821726
vt 0.6109197 0.7821726
vt 0.6296934 0.7633989
vt 0.6327025 0.7603899
vt 0.6514762 0.7603899
vt 0.6514762 0.7416161
vt 0.1395818 0.9376608
vt 0.1395818 0.9564345
vt 0.1316994 0.9564345
vt 0.1722559 0.9376608
vt 0.1722559 0.9564345
vt 0.1643736 0.9564345
vt 0.1613645 0.9376608
vt 0.1613645 0.9564345
vt 0.1534822 0.9564345
vt 0.1069077 0.9158781
vt 0.1069077 0.9346518
vt 0.09902534 0.9346518
vt 0.09601631 0.9158781
vt 0.09601631 0.9346518
vt 0.08813397 0.9346518
vt 0.1286904 0.9158781
vt 0.1286904 0.9346518
vt 0.1208081 0.9346518
vt 0.1177991 0.9158781
vt 0.1177991 0.9346518
vt 0.1099167 0.9346518
vt 0.1069077 0.9376608
vt 0.1069077 0.9564345
vt 0.09902534 0.9564345
vt 0.09601631 0.9376608
vt 0.09601631 0.9564345
vt 0.08813397 0.9564345
vt 0.207939 0.1722559
vt 0.2158214 0.1722559
vt 0.2158214 0.1316994
vt 0.6109197 0.7603899
vt 0.6296934 0.7603899
vt 0.6296934 0.7416161
vt 0.1208081 0.9564345
vt 0.1286904 0.9564345
vt 0.1286904 0.9376608
vt 0.1177991 0.9564345
vt 0.1099167 0.9564345
vt 0.1177991 0.9376608
vt 0.6950417 0.7633989
vt 0.6950417 0.7821726
vt 0.6762679 0.7821726
vt 0.6544852 0.7821726
vt 0.6732589 0.7821726
vt 0.6732589 0.7633989
vt 0.1504731 0.8723125
vt 0.1504731 0.8910863
vt 0.1425908 0.8910863
vt 0.9346518 0.5643452
vt 0.9158781 0.5643452
vt 0.9346518 0.5237888
vt 0.6950417 0.7416161
vt 0.6950417 0.7603899
vt 0.6762679 0.7603899
vt 0.20493 0.1316994
vt 0.20493 0.1722559
vt 0.1970477 0.1722559
vt 0.6732589 0.7416161
vt 0.6732589 0.7603899
vt 0.6544852 0.7603899
vt 0.1395818 0.8723125
vt 0.1395818 0.8910863
vt 0.1316994 0.8910863
vt 0.7386071 0.7198334
vt 0.7386071 0.7386071
vt 0.7198334 0.7386071
vt 0.7168244 0.7198334
vt 0.7168244 0.7386071
vt 0.6980507 0.7386071
vt 0.7386071 0.6980507
vt 0.7386071 0.7168244
vt 0.7198334 0.7168244
vt 0.8940954 0.6079107
vt 0.912869 0.6079107
vt 0.912869 0.5673542
vt 0.1722559 0.8723125
vt 0.1722559 0.8910863
vt 0.1643736 0.8910863
vt 0.1613645 0.8723125
vt 0.1613645 0.8910863
vt 0.1534822 0.8910863
vt 0.1504731 0.8940954
vt 0.1504731 0.912869
vt 0.1425908 0.912869
vt 0.7168244 0.6980507
vt 0.7168244 0.7168244
vt 0.6980507 0.7168244
vt 0.7821726 0.7198334
vt 0.7821726 0.7386071
vt 0.7633989 0.7386071
vt 0.1395818 0.8940954
vt 0.1395818 0.912869
vt 0.1316994 0.912869
vt 0.7603899 0.7198334
vt 0.7603899 0.7386071
vt 0.7416161 0.7386071
vt 0.8910863 0.5673542
vt 0.8910863 0.6079107
vt 0.8723125 0.6079107
vt 0.101462 0.05545986
vt 0.101462 0.0633422
vt 0.09902534 0.0633422
vt 0.1722559 0.8940954
vt 0.1722559 0.912869
vt 0.1643736 0.912869
vt 0.1613645 0.8940954
vt 0.1613645 0.912869
vt 0.1534822 0.912869
vt 0.1069077 0.8723125
vt 0.1069077 0.8910863
vt 0.09902534 0.8910863
vt 0.09601631 0.8723125
vt 0.09601631 0.8910863
vt 0.08813397 0.8910863
vt 0.7416161 0.3900833
vt 0.7603899 0.3495269
vt 0.7603899 0.3900833
vt 0.7188304 0.7593868
vt 0.7376041 0.7406132
vt 0.7188304 0.7406132
vt 0.1286904 0.8723125
vt 0.1286904 0.8910863
vt 0.1208081 0.8910863
vt 0.1177991 0.8723125
vt 0.1177991 0.8910863
vt 0.1099167 0.8910863
vt 0.1069077 0.8940954
vt 0.1069077 0.912869
vt 0.09902534 0.912869
vt 0.7821726 0.6980507
vt 0.7821726 0.7168244
vt 0.7633989 0.7168244
vt 0.7603899 0.6980507
vt 0.7603899 0.7168244
vt 0.7416161 0.7168244
vt 0.7386071 0.7633989
vt 0.7386071 0.7821726
vt 0.7198334 0.7821726
vt 0.1341361 0.02278575
vt 0.1341361 0.04155946
vt 0.1316994 0.04155946
vt 0.1589279 0.07423357
vt 0.1613645 0.07423357
vt 0.1613645 0.06635123
vt 0.1534822 0.07423357
vt 0.1559188 0.07423357
vt 0.1559188 0.06635123
vt 0.1480365 0.04155946
vt 0.1504731 0.04155946
vt 0.1504731 0.02278575
vt 0.7168244 0.7633989
vt 0.7168244 0.7821726
vt 0.6980507 0.7821726
vt 0.09601631 0.8940954
vt 0.09601631 0.912869
vt 0.08813397 0.912869
vt 0.01189438 0.1286904
vt 0.01977672 0.1286904
vt 0.01977672 0.1208081
vt 0.1613645 0.01977672
vt 0.1589279 0.01977672
vt 0.1613645 0.001003009
vt 0.1559188 0.01977672
vt 0.1534822 0.01977672
vt 0.1559188 0.001003009
vt 0.1208081 0.912869
vt 0.1286904 0.912869
vt 0.1286904 0.8940954
vt 0.7198334 0.7603899
vt 0.7386071 0.7416161
vt 0.7386071 0.7603899
vt 0.2297218 0.1286904
vt 0.2376041 0.1286904
vt 0.2376041 0.08813397
vt 0.2188304 0.1286904
vt 0.2267127 0.1286904
vt 0.2267127 0.08813397
vt 0.1698193 0.07423357
vt 0.1722559 0.07423357
vt 0.1722559 0.06635123
vt 0.1099167 0.912869
vt 0.1177991 0.912869
vt 0.1177991 0.8940954
vt 0.9376608 0.6079107
vt 0.9564345 0.6079107
vt 0.9564345 0.5673542
vt 0.9346518 0.6079107
vt 0.9158781 0.6079107
vt 0.9346518 0.5673542
vt 0.7198334 0.3900833
vt 0.7386071 0.3900833
vt 0.7386071 0.3495269
vt 0.001003009 0.1286904
vt 0.008885351 0.1286904
vt 0.008885351 0.1208081
vt 0.2593869 0.08813397
vt 0.2593869 0.1286904
vt 0.2515045 0.1286904
vt 0.6980507 0.3900833
vt 0.7168244 0.3900833
vt 0.7168244 0.3495269
vt 0.9346518 0.1316994
vt 0.9346518 0.1504731
vt 0.9267694 0.1504731
vt 0.1698193 0.01977672
vt 0.1722559 0.01977672
vt 0.1722559 0.001003009
vt 0.7821726 0.3495269
vt 0.7821726 0.3900833
vt 0.7633989 0.3900833
vt 0.1643736 0.01977672
vt 0.1668102 0.001003009
vt 0.1668102 0.01977672
vt 0.9148751 0.1306964
vt 0.9227574 0.1306964
vt 0.9148751 0.1494702
vt 0.9475492 0.1494702
vt 0.9554315 0.1306964
vt 0.9475492 0.1306964
vt 0.9564345 0.1504731
vt 0.9485522 0.1504731
vt 0.9564345 0.1316994
vt 0.9237604 0.1316994
vt 0.9158781 0.1504731
vt 0.9237604 0.1504731
vt 0.5663512 0.8683005
vt 0.5663512 0.8277441
vt 0.6069077 0.8277441
vt 0.7158214 0.7406132
vt 0.6970477 0.7593868
vt 0.6970477 0.7406132
vt 0.7168244 0.7603899
vt 0.7168244 0.7416161
vt 0.6980507 0.7603899
vt 0.5673542 0.8693035
vt 0.6079107 0.8693035
vt 0.6079107 0.8287471
vt 0.7623959 0.7623959
vt 0.7811696 0.7623959
vt 0.7623959 0.7811696
vt 0.7821726 0.7633989
vt 0.7633989 0.7821726
vt 0.7821726 0.7821726
vt 0.7406132 0.7811696
vt 0.7593868 0.7623959
vt 0.7406132 0.7623959
vt 0.7603899 0.7633989
vt 0.7603899 0.7821726
vt 0.7416161 0.7821726
vt 0.7623959 0.7406132
vt 0.7811696 0.7406132
vt 0.7623959 0.7593868
vt 0.7821726 0.7603899
vt 0.7821726 0.7416161
vt 0.7633989 0.7603899
vt 0.2396101 0.08713096
vt 0.2474925 0.08713096
vt 0.2396101 0.1276874
vt 0.2484955 0.1286904
vt 0.2484955 0.08813397
vt 0.2406131 0.1286904
vt 0.7188304 0.3920893
vt 0.7188304 0.4326457
vt 0.7376041 0.3920893
vt 0.01089137 0.116796
vt 0.01877371 0.1089137
vt 0.01089137 0.1089137
vt 0.9366578 0.1306964
vt 0.9366578 0.1494702
vt 0.9445401 0.1306964
vt 0.9257665 0.1524792
vt 0.9257665 0.1712529
vt 0.9336488 0.1524792
vt 0.6970477 0.4326457
vt 0.6970477 0.3920893
vt 0.7158214 0.3920893
vt 0.7811696 0.3920893
vt 0.7623959 0.3920893
vt 0.7623959 0.4326457
vt 0.7406132 0.3920893
vt 0.7406132 0.4326457
vt 0.7593868 0.3920893
vt 0.3703066 0.7376041
vt 0.3890803 0.6970477
vt 0.3703066 0.6970477
vt 0.3485238 0.7376041
vt 0.3485238 0.6970477
vt 0.3672976 0.6970477
vt 0.4326457 0.6970477
vt 0.413872 0.7376041
vt 0.413872 0.6970477
vt 0.1851533 0.1276874
vt 0.1851533 0.08713096
vt 0.1930356 0.08713096
vt 0.1742619 0.1276874
vt 0.1742619 0.08713096
vt 0.1821443 0.08713096
vt 0.206936 0.1276874
vt 0.206936 0.08713096
vt 0.2148184 0.08713096
vt 0.3920893 0.7376041
vt 0.3920893 0.6970477
vt 0.410863 0.6970477
vt 0.3890803 0.7406132
vt 0.3703066 0.7811696
vt 0.3703066 0.7406132
vt 0.3485238 0.7811696
vt 0.3672976 0.7406132
vt 0.3485238 0.7406132
vt 0.413872 0.7406132
vt 0.413872 0.7811696
vt 0.4326457 0.7406132
vt 0.1960447 0.08713096
vt 0.1960447 0.1276874
vt 0.203927 0.08713096
vt 0.1415878 0.2583838
vt 0.1415878 0.2178274
vt 0.1494702 0.2178274
vt 0.1306964 0.2583838
vt 0.1385788 0.2178274
vt 0.1306964 0.2178274
vt 0.1633705 0.2178274
vt 0.1712529 0.2178274
vt 0.1633705 0.2583838
vt 0.1524792 0.2583838
vt 0.1524792 0.2178274
vt 0.1603615 0.2178274
vt 0.09802233 0.2583838
vt 0.1059047 0.2178274
vt 0.09802233 0.2178274
vt 0.08713096 0.2178274
vt 0.0950133 0.2178274
vt 0.08713096 0.2583838
vt 0.3920893 0.7811696
vt 0.410863 0.7406132
vt 0.3920893 0.7406132
vt 0.2831756 0.7376041
vt 0.2831756 0.6970477
vt 0.3019493 0.6970477
vt 0.2613929 0.6970477
vt 0.2801666 0.6970477
vt 0.2613929 0.7376041
vt 0.1198051 0.2583838
vt 0.1198051 0.2178274
vt 0.1276874 0.2178274
vt 0.1089137 0.2583838
vt 0.116796 0.2178274
vt 0.1089137 0.2178274
vt 0.3455148 0.6970477
vt 0.3267411 0.6970477
vt 0.3267411 0.7376041
vt 0.3049583 0.7376041
vt 0.3237321 0.6970477
vt 0.3049583 0.6970477
vt 0.2831756 0.7811696
vt 0.2831756 0.7406132
vt 0.3019493 0.7406132
vt 0.2613929 0.7406132
vt 0.2613929 0.7811696
vt 0.2801666 0.7406132
vt 0.1415878 0.2148184
vt 0.1415878 0.1742619
vt 0.1494702 0.1742619
vt 0.1306964 0.2148184
vt 0.1385788 0.1742619
vt 0.1306964 0.1742619
vt 0.3267411 0.7811696
vt 0.3267411 0.7406132
vt 0.3455148 0.7406132
vt 0.1633705 0.1742619
vt 0.1712529 0.1742619
vt 0.1633705 0.2148184
vt 0.1524792 0.2148184
vt 0.1603615 0.1742619
vt 0.1524792 0.1742619
vt 0.3049583 0.7811696
vt 0.3049583 0.7406132
vt 0.3237321 0.7406132
vt 0.1960447 0.7376041
vt 0.2148184 0.6970477
vt 0.1960447 0.6970477
vt 0.1742619 0.6970477
vt 0.1930356 0.6970477
vt 0.1742619 0.7376041
vt 0.2396101 0.7376041
vt 0.2583838 0.6970477
vt 0.2396101 0.6970477
vt 0.2178274 0.7376041
vt 0.2178274 0.6970477
vt 0.2366011 0.6970477
vt 0.1960447 0.7406132
vt 0.1960447 0.7811696
vt 0.2148184 0.7406132
vt 0.1742619 0.7811696
vt 0.1930356 0.7406132
vt 0.1742619 0.7406132
vt 0.2396101 0.7811696
vt 0.2583838 0.7406132
vt 0.2396101 0.7406132
vt 0.2178274 0.7811696
vt 0.2178274 0.7406132
vt 0.2366011 0.7406132
vt 0.7188304 0.1742619
vt 0.7188304 0.2148184
vt 0.7376041 0.1742619
vt 0.6970477 0.2148184
vt 0.6970477 0.1742619
vt 0.7158214 0.1742619
vt 0.7623959 0.1742619
vt 0.7811696 0.1742619
vt 0.7623959 0.2148184
vt 0.7406132 0.2148184
vt 0.7593868 0.1742619
vt 0.7406132 0.1742619
vt 0.7188304 0.2583838
vt 0.7188304 0.2178274
vt 0.7376041 0.2178274
vt 0.6970477 0.2178274
vt 0.7158214 0.2178274
vt 0.6970477 0.2583838
vt 0.7623959 0.2583838
vt 0.7811696 0.2178274
vt 0.7623959 0.2178274
vt 0.09802233 0.2148184
vt 0.09802233 0.1742619
vt 0.1059047 0.1742619
vt 0.7406132 0.2178274
vt 0.7593868 0.2178274
vt 0.7406132 0.2583838
vt 0.1089137 0.7376041
vt 0.1089137 0.6970477
vt 0.1276874 0.6970477
vt 0.08713096 0.6970477
vt 0.08713096 0.7376041
vt 0.1059047 0.6970477
vt 0.1524792 0.6970477
vt 0.1712529 0.6970477
vt 0.1524792 0.7376041
vt 0.1306964 0.7376041
vt 0.1494702 0.6970477
vt 0.1306964 0.6970477
vt 0.1089137 0.7811696
vt 0.1276874 0.7406132
vt 0.1089137 0.7406132
vt 0.08713096 0.7406132
vt 0.08713096 0.7811696
vt 0.1059047 0.7406132
vt 0.1524792 0.7811696
vt 0.1524792 0.7406132
vt 0.1712529 0.7406132
vt 0.1306964 0.7406132
vt 0.1306964 0.7811696
vt 0.1494702 0.7406132
vt 0.7188304 0.08713096
vt 0.7376041 0.08713096
vt 0.7188304 0.1276874
vt 0.6970477 0.1276874
vt 0.7158214 0.08713096
vt 0.6970477 0.08713096
vt 0.9227574 0.1524792
vt 0.9148751 0.1524792
vt 0.9148751 0.1712529
vt 0.7593868 0.7406132
vt 0.7406132 0.7593868
vt 0.7406132 0.7406132
vt 0.7623959 0.1276874
vt 0.7623959 0.08713096
vt 0.7811696 0.08713096
vt 0.7406132 0.08713096
vt 0.7406132 0.1276874
vt 0.7593868 0.08713096
vt 0.7188304 0.1712529
vt 0.7376041 0.1306964
vt 0.7188304 0.1306964
vt 0.7158214 0.1306964
vt 0.6970477 0.1712529
vt 0.6970477 0.1306964
vt 0.7623959 0.1712529
vt 0.7623959 0.1306964
vt 0.7811696 0.1306964
vt 0.7406132 0.1306964
vt 0.7406132 0.1712529
vt 0.7593868 0.1306964
vt 0.08713096 0.2148184
vt 0.0950133 0.1742619
vt 0.08713096 0.1742619
vt 0.1198051 0.2148184
vt 0.1276874 0.1742619
vt 0.1198051 0.1742619
vt 0.02178274 0.7376041
vt 0.04055645 0.6970477
vt 0.02178274 0.6970477
vt 0.1089137 0.2148184
vt 0.116796 0.1742619
vt 0.1089137 0.1742619
vt 0 0.6970477
vt 0 0.7376041
vt 0.01877371 0.6970477
vt 0.2287188 0.2583838
vt 0.2287188 0.2178274
vt 0.2366011 0.2178274
vt 0.2178274 0.2583838
vt 0.2257098 0.2178274
vt 0.2178274 0.2178274
vt 0.06534822 0.6970477
vt 0.06534822 0.7376041
vt 0.08412194 0.6970477
vt 0.04356548 0.7376041
vt 0.06233919 0.6970477
vt 0.04356548 0.6970477
vt 0.02178274 0.7811696
vt 0.02178274 0.7406132
vt 0.04055645 0.7406132
vt 0 0.7406132
vt 0 0.7811696
vt 0.01877371 0.7406132
vt 0.06534822 0.7811696
vt 0.08412194 0.7406132
vt 0.06534822 0.7406132
vt 0.2583838 0.2178274
vt 0.2505015 0.2583838
vt 0.2505015 0.2178274
vt 0.04356548 0.7811696
vt 0.06233919 0.7406132
vt 0.04356548 0.7406132
vt 0.7386071 0.4336488
vt 0.7198334 0.4336488
vt 0.7386071 0.3930923
vt 0.01977672 0.1099167
vt 0.01977672 0.1177991
vt 0.01189438 0.1177991
vt 0.9455432 0.1504731
vt 0.9376608 0.1504731
vt 0.9455432 0.1316994
vt 0.9346518 0.1722559
vt 0.9267694 0.1722559
vt 0.9346518 0.1534822
vt 0.7168244 0.3930923
vt 0.6980507 0.4336488
vt 0.7168244 0.4336488
vt 0.7633989 0.4336488
vt 0.7821726 0.3930923
vt 0.7821726 0.4336488
vt 0.7603899 0.4336488
vt 0.7416161 0.4336488
vt 0.7603899 0.3930923
vt 0.3900833 0.6980507
vt 0.3900833 0.7386071
vt 0.3713096 0.7386071
vt 0.3683006 0.6980507
vt 0.3495269 0.7386071
vt 0.3683006 0.7386071
vt 0.4148751 0.7386071
vt 0.4336488 0.7386071
vt 0.4336488 0.6980507
vt 0.1940386 0.08813397
vt 0.1861563 0.1286904
vt 0.1940386 0.1286904
vt 0.1831473 0.08813397
vt 0.1752649 0.1286904
vt 0.1831473 0.1286904
vt 0.2158214 0.08813397
vt 0.207939 0.1286904
vt 0.2158214 0.1286904
vt 0.411866 0.6980507
vt 0.3930923 0.7386071
vt 0.411866 0.7386071
vt 0.3713096 0.7821726
vt 0.3900833 0.7821726
vt 0.3900833 0.7416161
vt 0.3683006 0.7416161
vt 0.3683006 0.7821726
vt 0.3495269 0.7821726
vt 0.4336488 0.7821726
vt 0.4148751 0.7821726
vt 0.4336488 0.7416161
vt 0.20493 0.1286904
vt 0.1970477 0.1286904
vt 0.20493 0.08813397
vt 0.1504731 0.2188304
vt 0.1425908 0.2593869
vt 0.1504731 0.2593869
vt 0.1395818 0.2188304
vt 0.1395818 0.2593869
vt 0.1316994 0.2593869
vt 0.1722559 0.2593869
vt 0.1722559 0.2188304
vt 0.1643736 0.2593869
vt 0.1613645 0.2188304
vt 0.1534822 0.2593869
vt 0.1613645 0.2593869
vt 0.1069077 0.2188304
vt 0.1069077 0.2593869
vt 0.09902534 0.2593869
vt 0.09601631 0.2593869
vt 0.09601631 0.2188304
vt 0.08813397 0.2593869
vt 0.411866 0.7416161
vt 0.411866 0.7821726
vt 0.3930923 0.7821726
vt 0.3029523 0.6980507
vt 0.2841786 0.7386071
vt 0.3029523 0.7386071
vt 0.2811696 0.7386071
vt 0.2811696 0.6980507
vt 0.2623959 0.7386071
vt 0.1286904 0.2188304
vt 0.1208081 0.2593869
vt 0.1286904 0.2593869
vt 0.1177991 0.2188304
vt 0.1177991 0.2593869
vt 0.1099167 0.2593869
vt 0.3277441 0.7386071
vt 0.3465178 0.6980507
vt 0.3465178 0.7386071
vt 0.3247351 0.6980507
vt 0.3247351 0.7386071
vt 0.3059613 0.7386071
vt 0.3029523 0.7416161
vt 0.2841786 0.7821726
vt 0.3029523 0.7821726
vt 0.2811696 0.7821726
vt 0.2623959 0.7821726
vt 0.2811696 0.7416161
vt 0.1504731 0.1752649
vt 0.1425908 0.2158214
vt 0.1504731 0.2158214
vt 0.1395818 0.1752649
vt 0.1395818 0.2158214
vt 0.1316994 0.2158214
vt 0.3465178 0.7416161
vt 0.3277441 0.7821726
vt 0.3465178 0.7821726
vt 0.1722559 0.2158214
vt 0.1722559 0.1752649
vt 0.1643736 0.2158214
vt 0.1613645 0.1752649
vt 0.1613645 0.2158214
vt 0.1534822 0.2158214
vt 0.3247351 0.7416161
vt 0.3059613 0.7821726
vt 0.3247351 0.7821726
vt 0.2158214 0.6980507
vt 0.2158214 0.7386071
vt 0.1970477 0.7386071
vt 0.1940386 0.7386071
vt 0.1940386 0.6980507
vt 0.1752649 0.7386071
vt 0.2593869 0.6980507
vt 0.2593869 0.7386071
vt 0.2406131 0.7386071
vt 0.2376041 0.6980507
vt 0.2188304 0.7386071
vt 0.2376041 0.7386071
vt 0.2158214 0.7821726
vt 0.1970477 0.7821726
vt 0.2158214 0.7416161
vt 0.1940386 0.7416161
vt 0.1940386 0.7821726
vt 0.1752649 0.7821726
vt 0.2593869 0.7416161
vt 0.2593869 0.7821726
vt 0.2406131 0.7821726
vt 0.2376041 0.7416161
vt 0.2188304 0.7821726
vt 0.2376041 0.7821726
vt 0.7386071 0.2158214
vt 0.7198334 0.2158214
vt 0.7386071 0.1752649
vt 0.7168244 0.1752649
vt 0.6980507 0.2158214
vt 0.7168244 0.2158214
vt 0.7821726 0.2158214
vt 0.7821726 0.1752649
vt 0.7633989 0.2158214
vt 0.7603899 0.1752649
vt 0.7603899 0.2158214
vt 0.7416161 0.2158214
vt 0.7386071 0.2188304
vt 0.7198334 0.2593869
vt 0.7386071 0.2593869
vt 0.7168244 0.2593869
vt 0.7168244 0.2188304
vt 0.6980507 0.2593869
vt 0.7188304 0.04055645
vt 0.7188304 0
vt 0.7376041 0
vt 0.1069077 0.1752649
vt 0.09902534 0.2158214
vt 0.1069077 0.2158214
vt 0.7603899 0.2593869
vt 0.7603899 0.2188304
vt 0.7416161 0.2593869
vt 0.1286904 0.6980507
vt 0.1099167 0.7386071
vt 0.1286904 0.7386071
vt 0.1069077 0.7386071
vt 0.08813397 0.7386071
vt 0.1069077 0.6980507
vt 0.1722559 0.7386071
vt 0.1722559 0.6980507
vt 0.1534822 0.7386071
vt 0.1504731 0.6980507
vt 0.1504731 0.7386071
vt 0.1316994 0.7386071
vt 0.1286904 0.7416161
vt 0.1286904 0.7821726
vt 0.1099167 0.7821726
vt 0.1069077 0.7821726
vt 0.08813397 0.7821726
vt 0.1069077 0.7416161
vt 0.1722559 0.7416161
vt 0.1534822 0.7821726
vt 0.1722559 0.7821726
vt 0.1504731 0.7821726
vt 0.1316994 0.7821726
vt 0.1504731 0.7416161
vt 0.7386071 0.1286904
vt 0.7386071 0.08813397
vt 0.7198334 0.1286904
vt 0.7168244 0.08813397
vt 0.7168244 0.1286904
vt 0.6980507 0.1286904
vt 0.9158781 0.1722559
vt 0.9237604 0.1534822
vt 0.9237604 0.1722559
vt 0.7416161 0.7603899
vt 0.7603899 0.7603899
vt 0.7603899 0.7416161
vt 0.7821726 0.08813397
vt 0.7633989 0.1286904
vt 0.7821726 0.1286904
vt 0.7603899 0.1286904
vt 0.7416161 0.1286904
vt 0.7603899 0.08813397
vt 0.7386071 0.1316994
vt 0.7386071 0.1722559
vt 0.7198334 0.1722559
vt 0.6980507 0.1722559
vt 0.7168244 0.1722559
vt 0.7168244 0.1316994
vt 0.7821726 0.1316994
vt 0.7633989 0.1722559
vt 0.7821726 0.1722559
vt 0.7603899 0.1722559
vt 0.7416161 0.1722559
vt 0.7603899 0.1316994
vt 0.09601631 0.1752649
vt 0.09601631 0.2158214
vt 0.08813397 0.2158214
vt 0.1286904 0.1752649
vt 0.1286904 0.2158214
vt 0.1208081 0.2158214
vt 0.04155946 0.6980507
vt 0.04155946 0.7386071
vt 0.02278575 0.7386071
vt 0.1177991 0.1752649
vt 0.1177991 0.2158214
vt 0.1099167 0.2158214
vt 0.01977672 0.7386071
vt 0.001003009 0.7386071
vt 0.01977672 0.6980507
vt 0.2376041 0.2188304
vt 0.2297218 0.2593869
vt 0.2376041 0.2593869
vt 0.2267127 0.2188304
vt 0.2267127 0.2593869
vt 0.2188304 0.2593869
vt 0.08512494 0.7386071
vt 0.06635123 0.7386071
vt 0.08512494 0.6980507
vt 0.0633422 0.6980507
vt 0.0633422 0.7386071
vt 0.04456849 0.7386071
vt 0.04155946 0.7416161
vt 0.02278575 0.7821726
vt 0.04155946 0.7821726
vt 0.01977672 0.7821726
vt 0.001003009 0.7821726
vt 0.01977672 0.7416161
vt 0.08512494 0.7416161
vt 0.08512494 0.7821726
vt 0.06635123 0.7821726
vt 0.2515045 0.2593869
vt 0.2593869 0.2593869
vt 0.2593869 0.2188304
vt 0.0633422 0.7416161
vt 0.0633422 0.7821726
vt 0.04456849 0.7821726
vt 0.1385788 0
vt 0.1361421 0
vt 0.1361421 0.01877371
vt 0.1371451 0.01977672
vt 0.1395818 0.001003009
vt 0.1395818 0.01977672
vt 0.9445401 0.2613929
vt 0.9366578 0.2613929
vt 0.9366578 0.2801666
vt 0.9376608 0.2811696
vt 0.9455432 0.2623959
vt 0.9455432 0.2811696
vt 0.9554315 0.2613929
vt 0.9475492 0.2613929
vt 0.9475492 0.2801666
vt 0.9485522 0.2811696
vt 0.9564345 0.2623959
vt 0.9564345 0.2811696
vt 0.9237604 0.2811696
vt 0.9237604 0.2623959
vt 0.9158781 0.2811696
vt 0.9148751 0.2613929
vt 0.9227574 0.2613929
vt 0.9148751 0.2801666
vt 0.8059614 0.02178274
vt 0.8059614 0.04055645
vt 0.824735 0.02178274
vt 0.7841786 0.02178274
vt 0.8029523 0.02178274
vt 0.7841786 0.04055645
vt 0.8257381 0.04155946
vt 0.8257381 0.02278575
vt 0.8069643 0.04155946
vt 0.8059614 0
vt 0.824735 0
vt 0.8059614 0.01877371
vt 0.8069643 0.01977672
vt 0.8257381 0.01977672
vt 0.8257381 0.001003009
vt 0.7851816 0.01977672
vt 0.8039553 0.001003009
vt 0.8039553 0.01977672
vt 0.9554315 0.1524792
vt 0.9475492 0.1712529
vt 0.9475492 0.1524792
vt 0.9366578 0.1712529
vt 0.9445401 0.1524792
vt 0.9366578 0.1524792
vt 0.882201 0.1494702
vt 0.882201 0.1306964
vt 0.8900833 0.1306964
vt 0.8791919 0.1306964
vt 0.8713096 0.1494702
vt 0.8713096 0.1306964
vt 0.9485522 0.1722559
vt 0.9564345 0.1722559
vt 0.9564345 0.1534822
vt 0.9455432 0.1534822
vt 0.9455432 0.1722559
vt 0.9376608 0.1722559
vt 0.8910863 0.1316994
vt 0.883204 0.1504731
vt 0.8910863 0.1504731
vt 0.8723125 0.1504731
vt 0.880195 0.1504731
vt 0.880195 0.1316994
vt 0.8277441 0.04055645
vt 0.8465178 0.02178274
vt 0.8277441 0.02178274
vt 0.7158214 0
vt 0.6970477 0.04055645
vt 0.6970477 0
vt 0.7168244 0.001003009
vt 0.6980507 0.04155946
vt 0.7168244 0.04155946
vt 0.8475208 0.04155946
vt 0.8287471 0.04155946
vt 0.8475208 0.02278575
vt 0.8495268 0
vt 0.8495268 0.01877371
vt 0.8683005 0
vt 0.8505298 0.01977672
vt 0.8693035 0.01977672
vt 0.8693035 0.001003009
vt 0.8475208 0.01977672
vt 0.8475208 0.001003009
vt 0.8287471 0.01977672
vt 0.8465178 0
vt 0.8277441 0
vt 0.8277441 0.01877371
vt 0.8069643 0.08512494
vt 0.8257381 0.06635123
vt 0.8257381 0.08512494
vt 0.8059614 0.06534822
vt 0.824735 0.06534822
vt 0.8059614 0.08412194
vt 0.7851816 0.08512494
vt 0.8039553 0.06635123
vt 0.8039553 0.08512494
vt 0.7841786 0.06534822
vt 0.8029523 0.06534822
vt 0.7841786 0.08412194
vt 0.8059614 0.04356548
vt 0.824735 0.04356548
vt 0.8059614 0.06233919
vt 0.8257381 0.04456849
vt 0.8257381 0.0633422
vt 0.8069643 0.0633422
vt 0.8495268 0.06534822
vt 0.8683005 0.06534822
vt 0.8495268 0.08412194
vt 0.8277441 0.08412194
vt 0.8277441 0.06534822
vt 0.8465178 0.06534822
vt 0.8475208 0.06635123
vt 0.8287471 0.08512494
vt 0.8475208 0.08512494
vt 0.8693035 0.08512494
vt 0.8693035 0.06635123
vt 0.8505298 0.08512494
vt 0.8039553 0.04456849
vt 0.7851816 0.0633422
vt 0.8039553 0.0633422
vt 0.7841786 0.04356548
vt 0.7841786 0.06233919
vt 0.8029523 0.04356548
vt 0.8495268 0.04356548
vt 0.8683005 0.04356548
vt 0.8495268 0.06233919
vt 0.8693035 0.04456849
vt 0.8693035 0.0633422
vt 0.8505298 0.0633422
vt 0.8475208 0.04456849
vt 0.8287471 0.0633422
vt 0.8475208 0.0633422
vt 0.8277441 0.04356548
vt 0.8277441 0.06233919
vt 0.8465178 0.04356548
vt 0.02178274 0.824735
vt 0.02178274 0.8059614
vt 0.04055645 0.8059614
vt 0.01977672 0.8257381
vt 0.001003009 0.8257381
vt 0.01977672 0.8069643
vt 0.04155946 0.7851816
vt 0.04155946 0.8039553
vt 0.02278575 0.8039553
vt 0.01977672 0.8039553
vt 0.001003009 0.8039553
vt 0.01977672 0.7851816
vt 0.02178274 0.7841786
vt 0.02178274 0.8029523
vt 0.04055645 0.7841786
vt 0 0.824735
vt 0.01877371 0.8059614
vt 0 0.8059614
vt 0.04155946 0.8257381
vt 0.04155946 0.8069643
vt 0.02278575 0.8257381
vt 0 0.8029523
vt 0.01877371 0.7841786
vt 0 0.7841786
vt 0.06534822 0.8059614
vt 0.08412194 0.8059614
vt 0.06534822 0.824735
vt 0.08512494 0.8069643
vt 0.08512494 0.8257381
vt 0.06635123 0.8257381
vt 0.04356548 0.824735
vt 0.06233919 0.8059614
vt 0.04356548 0.8059614
vt 0.0633422 0.8257381
vt 0.0633422 0.8069643
vt 0.04456849 0.8257381
vt 0.06534822 0.8029523
vt 0.06534822 0.7841786
vt 0.08412194 0.7841786
vt 0.04356548 0.7841786
vt 0.06233919 0.7841786
vt 0.04356548 0.8029523
vt 0.02178274 0.8683005
vt 0.02178274 0.8495268
vt 0.04055645 0.8495268
vt 0 0.8683005
vt 0 0.8495268
vt 0.01877371 0.8495268
vt 0.02178274 0.8277441
vt 0.04055645 0.8277441
vt 0.02178274 0.8465178
vt 0 0.8277441
vt 0.01877371 0.8277441
vt 0 0.8465178
vt 0.06534822 0.8495268
vt 0.06534822 0.8683005
vt 0.08412194 0.8495268
vt 0.06233919 0.8495268
vt 0.04356548 0.8495268
vt 0.04356548 0.8683005
vt 0.9039837 0.1306964
vt 0.9039837 0.1494702
vt 0.9118661 0.1306964
vt 0.9049867 0.1504731
vt 0.912869 0.1504731
vt 0.912869 0.1316994
vt 0.9009747 0.1306964
vt 0.8930923 0.1494702
vt 0.8930923 0.1306964
vt 0.9019777 0.1504731
vt 0.8940954 0.1504731
vt 0.9019777 0.1316994
vt 0.882201 0.1524792
vt 0.8900833 0.1524792
vt 0.882201 0.1712529
vt 0.8910863 0.1534822
vt 0.8910863 0.1722559
vt 0.883204 0.1722559
vt 0.880195 0.1722559
vt 0.8723125 0.1722559
vt 0.880195 0.1534822
vt 0.9019777 0.1534822
vt 0.9019777 0.1722559
vt 0.8940954 0.1722559
vt 0.9039837 0.1712529
vt 0.9118661 0.1524792
vt 0.9039837 0.1524792
vt 0.8713096 0.1524792
vt 0.8713096 0.1712529
vt 0.8791919 0.1524792
vt 0.912869 0.1534822
vt 0.9049867 0.1722559
vt 0.912869 0.1722559
vt 0.8930923 0.1524792
vt 0.8930923 0.1712529
vt 0.9009747 0.1524792
vt 0.9475492 0.08713096
vt 0.9475492 0.1059047
vt 0.9554315 0.08713096
vt 0.9485522 0.1069077
vt 0.9564345 0.1069077
vt 0.9564345 0.08813397
vt 0.9445401 0.08713096
vt 0.9366578 0.1059047
vt 0.9366578 0.08713096
vt 0.9455432 0.1069077
vt 0.9376608 0.1069077
vt 0.9455432 0.08813397
vt 0.06534822 0.8277441
vt 0.08412194 0.8277441
vt 0.06534822 0.8465178
vt 0.04356548 0.8465178
vt 0.04356548 0.8277441
vt 0.06233919 0.8277441
vt 0.0633422 0.8287471
vt 0.04456849 0.8475208
vt 0.0633422 0.8475208
vt 0.08512494 0.8475208
vt 0.08512494 0.8287471
vt 0.06635123 0.8475208
vt 0.9257665 0.1276874
vt 0.9257665 0.1089137
vt 0.9336488 0.1089137
vt 0.8059614 0.1089137
vt 0.824735 0.1089137
vt 0.8059614 0.1276874
vt 0.9148751 0.1276874
vt 0.9148751 0.1089137
vt 0.9227574 0.1089137
vt 0 0.1089137
vt 0 0.116796
vt 0.007882343 0.1089137
vt 0.03267411 0.1198051
vt 0.04055645 0.1198051
vt 0.03267411 0.1276874
vt 0.9554315 0.1089137
vt 0.9475492 0.1089137
vt 0.9475492 0.1276874
vt 0.7841786 0.1089137
vt 0.7841786 0.1276874
vt 0.8029523 0.1089137
vt 0.9445401 0.1089137
vt 0.9366578 0.1089137
vt 0.9366578 0.1276874
vt 0.8059614 0.08713096
vt 0.824735 0.08713096
vt 0.8059614 0.1059047
vt 0.8257381 0.08813397
vt 0.8257381 0.1069077
vt 0.8069643 0.1069077
vt 0.8039553 0.08813397
vt 0.7851816 0.1069077
vt 0.8039553 0.1069077
vt 0.7841786 0.08713096
vt 0.7841786 0.1059047
vt 0.8029523 0.08713096
vt 0.882201 0.1059047
vt 0.882201 0.08713096
vt 0.8900833 0.08713096
vt 0.880195 0.1069077
vt 0.8723125 0.1069077
vt 0.880195 0.08813397
vt 0.8713096 0.1276874
vt 0.8713096 0.1089137
vt 0.8791919 0.1089137
vt 0.880195 0.1286904
vt 0.8723125 0.1286904
vt 0.880195 0.1099167
vt 0.912869 0.1286904
vt 0.912869 0.1099167
vt 0.9049867 0.1286904
vt 0.9039837 0.1276874
vt 0.9118661 0.1089137
vt 0.9039837 0.1089137
vt 0.8930923 0.08713096
vt 0.8930923 0.1059047
vt 0.9009747 0.08713096
vt 0.912869 0.08813397
vt 0.9049867 0.1069077
vt 0.912869 0.1069077
vt 0.8495268 0.1089137
vt 0.8495268 0.1276874
vt 0.8683005 0.1089137
vt 0.8465178 0.08713096
vt 0.8277441 0.08713096
vt 0.8277441 0.1059047
vt 0.8465178 0.1089137
vt 0.8277441 0.1276874
vt 0.8277441 0.1089137
vt 0.8495268 0.08713096
vt 0.8683005 0.08713096
vt 0.8495268 0.1059047
vt 0.8059614 0.1524792
vt 0.824735 0.1524792
vt 0.8059614 0.1712529
vt 0.8257381 0.1534822
vt 0.8257381 0.1722559
vt 0.8069643 0.1722559
vt 0.7841786 0.1306964
vt 0.8029523 0.1306964
vt 0.7841786 0.1494702
vt 0.8039553 0.1316994
vt 0.8039553 0.1504731
vt 0.7851816 0.1504731
vt 0.8495268 0.1712529
vt 0.8683005 0.1524792
vt 0.8495268 0.1524792
vt 0.8693035 0.1722559
vt 0.8693035 0.1534822
vt 0.8505298 0.1722559
vt 0.8495268 0.1494702
vt 0.8683005 0.1306964
vt 0.8495268 0.1306964
vt 0.8693035 0.1504731
vt 0.8693035 0.1316994
vt 0.8505298 0.1504731
vt 0.8475208 0.1069077
vt 0.8475208 0.08813397
vt 0.8287471 0.1069077
vt 0.8505298 0.1069077
vt 0.8693035 0.1069077
vt 0.8693035 0.08813397
vt 0.8505298 0.1286904
vt 0.8693035 0.1099167
vt 0.8693035 0.1286904
vt 0.8475208 0.1286904
vt 0.8287471 0.1286904
vt 0.8475208 0.1099167
vt 0.9009747 0.1089137
vt 0.8930923 0.1276874
vt 0.8930923 0.1089137
vt 0.9336488 0.04356548
vt 0.9257665 0.06233919
vt 0.9257665 0.04356548
vt 0.8277441 0.1306964
vt 0.8465178 0.1306964
vt 0.8277441 0.1494702
vt 0.1089137 0.824735
vt 0.1089137 0.8059614
vt 0.1276874 0.8059614
vt 0.1286904 0.8257381
vt 0.1099167 0.8257381
vt 0.1286904 0.8069643
vt 0.1069077 0.8069643
vt 0.08813397 0.8257381
vt 0.1069077 0.8257381
vt 0.8475208 0.1504731
vt 0.8475208 0.1316994
vt 0.8287471 0.1504731
vt 0.08713096 0.8059614
vt 0.08713096 0.824735
vt 0.1059047 0.8059614
vt 0.9148751 0.06233919
vt 0.9227574 0.04356548
vt 0.9148751 0.04356548
vt 0.9554315 0.04356548
vt 0.9475492 0.04356548
vt 0.9475492 0.06233919
vt 0.1089137 0.7841786
vt 0.1089137 0.8029523
vt 0.1276874 0.7841786
vt 0.1059047 0.7841786
vt 0.08713096 0.7841786
vt 0.08713096 0.8029523
vt 0.1524792 0.8059614
vt 0.1712529 0.8059614
vt 0.1524792 0.824735
vt 0.1306964 0.8059614
vt 0.1306964 0.824735
vt 0.1494702 0.8059614
vt 0.1524792 0.8029523
vt 0.1524792 0.7841786
vt 0.1712529 0.7841786
vt 0.1306964 0.7841786
vt 0.1494702 0.7841786
vt 0.1306964 0.8029523
vt 0.1089137 0.8683005
vt 0.1089137 0.8495268
vt 0.1276874 0.8495268
vt 0.9366578 0.04356548
vt 0.9366578 0.06233919
vt 0.9445401 0.04356548
vt 0.9336488 0.06534822
vt 0.9257665 0.06534822
vt 0.9257665 0.08412194
vt 0.9475492 0.06534822
vt 0.9475492 0.08412194
vt 0.9554315 0.06534822
vt 0.9485522 0.08512494
vt 0.9564345 0.08512494
vt 0.9564345 0.06635123
vt 0.9227574 0.06534822
vt 0.9148751 0.08412194
vt 0.9148751 0.06534822
vt 0.9237604 0.08512494
vt 0.9158781 0.08512494
vt 0.9237604 0.06635123
vt 0.9267694 0.08512494
vt 0.9346518 0.06635123
vt 0.9346518 0.08512494
vt 0.9455432 0.0633422
vt 0.9376608 0.0633422
vt 0.9455432 0.04456849
vt 0.9366578 0.06534822
vt 0.9445401 0.06534822
vt 0.9366578 0.08412194
vt 0.9455432 0.06635123
vt 0.9455432 0.08512494
vt 0.9376608 0.08512494
vt 0.8910863 0.1286904
vt 0.883204 0.1286904
vt 0.8910863 0.1099167
vt 0.882201 0.1276874
vt 0.882201 0.1089137
vt 0.8900833 0.1089137
vt 0.8910863 0.08813397
vt 0.883204 0.1069077
vt 0.8910863 0.1069077
vt 0.9039837 0.08713096
vt 0.9039837 0.1059047
vt 0.9118661 0.08713096
vt 0.8713096 0.1059047
vt 0.8791919 0.08713096
vt 0.8713096 0.08713096
vt 0.9019777 0.1069077
vt 0.9019777 0.08813397
vt 0.8940954 0.1069077
vt 0.08713096 0.8495268
vt 0.1059047 0.8495268
vt 0.08713096 0.8683005
vt 0.1069077 0.8505298
vt 0.1069077 0.8693035
vt 0.08813397 0.8693035
vt 0.1286904 0.8287471
vt 0.1099167 0.8475208
vt 0.1286904 0.8475208
vt 0.1089137 0.8277441
vt 0.1089137 0.8465178
vt 0.1276874 0.8277441
vt 0.882201 0.06233919
vt 0.882201 0.04356548
vt 0.8900833 0.04356548
vt 0.08713096 0.8277441
vt 0.1059047 0.8277441
vt 0.08713096 0.8465178
vt 0.8713096 0.06233919
vt 0.8713096 0.04356548
vt 0.8791919 0.04356548
vt 0.02178274 0.1198051
vt 0.02966508 0.1198051
vt 0.02178274 0.1276874
vt 0.03267411 0.1089137
vt 0.03267411 0.116796
vt 0.04055645 0.1089137
vt 0.9118661 0.04356548
vt 0.9039837 0.04356548
vt 0.9039837 0.06233919
vt 0.1524792 0.8495268
vt 0.1524792 0.8683005
vt 0.1712529 0.8495268
vt 0.9009747 0.04356548
vt 0.8930923 0.04356548
vt 0.8930923 0.06233919
vt 0.1306964 0.8495268
vt 0.1494702 0.8495268
vt 0.1306964 0.8683005
vt 0.1504731 0.8505298
vt 0.1504731 0.8693035
vt 0.1316994 0.8693035
vt 0.1722559 0.8287471
vt 0.1534822 0.8475208
vt 0.1722559 0.8475208
vt 0.1524792 0.8277441
vt 0.1524792 0.8465178
vt 0.1712529 0.8277441
vt 0.9237604 0.08813397
vt 0.9237604 0.1069077
vt 0.9158781 0.1069077
vt 0.9257665 0.08713096
vt 0.9336488 0.08713096
vt 0.9257665 0.1059047
vt 0.882201 0.08412194
vt 0.882201 0.06534822
vt 0.8900833 0.06534822
vt 0.8910863 0.08512494
vt 0.883204 0.08512494
vt 0.8910863 0.06635123
vt 0.880195 0.08512494
vt 0.880195 0.06635123
vt 0.8723125 0.08512494
vt 0.8713096 0.08412194
vt 0.8791919 0.06534822
vt 0.8713096 0.06534822
vt 0.9148751 0.08713096
vt 0.9148751 0.1059047
vt 0.9227574 0.08713096
vt 0.9346518 0.08813397
vt 0.9267694 0.1069077
vt 0.9346518 0.1069077
vt 0.1306964 0.8277441
vt 0.1494702 0.8277441
vt 0.1306964 0.8465178
vt 0.1504731 0.8287471
vt 0.1504731 0.8475208
vt 0.1316994 0.8475208
vt 0.2158214 0.8069643
vt 0.1970477 0.8257381
vt 0.2158214 0.8257381
vt 0.1960447 0.8059614
vt 0.1960447 0.824735
vt 0.2148184 0.8059614
vt 0.1742619 0.8059614
vt 0.1930356 0.8059614
vt 0.1742619 0.824735
vt 0.07867625 0.08713096
vt 0.07623959 0.08713096
vt 0.07623959 0.1276874
vt 0.1960447 0.8029523
vt 0.2148184 0.7841786
vt 0.1960447 0.7841786
vt 0.2158214 0.7851816
vt 0.2158214 0.8039553
vt 0.1970477 0.8039553
vt 0.0772426 0.1286904
vt 0.07967926 0.08813397
vt 0.07967926 0.1286904
vt 0.1940386 0.8257381
vt 0.1940386 0.8069643
vt 0.1752649 0.8257381
vt 0.1742619 0.8029523
vt 0.1742619 0.7841786
vt 0.1930356 0.7841786
vt 0.1940386 0.8039553
vt 0.1752649 0.8039553
vt 0.1940386 0.7851816
vt 0.2178274 0.824735
vt 0.2178274 0.8059614
vt 0.2366011 0.8059614
vt 0.2376041 0.8257381
vt 0.2188304 0.8257381
vt 0.2376041 0.8069643
vt 0.2593869 0.8039553
vt 0.2593869 0.7851816
vt 0.2406131 0.8039553
vt 0.2396101 0.8029523
vt 0.2583838 0.7841786
vt 0.2396101 0.7841786
vt 0.2396101 0.8059614
vt 0.2396101 0.824735
vt 0.2583838 0.8059614
vt 0.2593869 0.8069643
vt 0.2406131 0.8257381
vt 0.2593869 0.8257381
vt 0.2178274 0.7841786
vt 0.2178274 0.8029523
vt 0.2366011 0.7841786
vt 0.2188304 0.8039553
vt 0.2376041 0.8039553
vt 0.2376041 0.7851816
vt 0.1742619 0.8495268
vt 0.1742619 0.8683005
vt 0.1930356 0.8495268
vt 0.1752649 0.8693035
vt 0.1940386 0.8693035
vt 0.1940386 0.8505298
vt 0.1970477 0.8475208
vt 0.2158214 0.8287471
vt 0.2158214 0.8475208
vt 0.1960447 0.8277441
vt 0.2148184 0.8277441
vt 0.1960447 0.8465178
vt 0.2148184 0.8495268
vt 0.1960447 0.8683005
vt 0.1960447 0.8495268
vt 0.2158214 0.8693035
vt 0.1970477 0.8693035
vt 0.2158214 0.8505298
vt 0.1633705 0.07323056
vt 0.1633705 0.06534822
vt 0.1658072 0.06534822
vt 0.1742619 0.8465178
vt 0.1930356 0.8277441
vt 0.1742619 0.8277441
vt 0.2396101 0.8495268
vt 0.2396101 0.8683005
vt 0.2583838 0.8495268
vt 0.2366011 0.8495268
vt 0.2178274 0.8495268
vt 0.2178274 0.8683005
vt 0.2583838 0.8277441
vt 0.2396101 0.8277441
vt 0.2396101 0.8465178
vt 0.2178274 0.8277441
vt 0.2178274 0.8465178
vt 0.2366011 0.8277441
vt 0.8059614 0.1960447
vt 0.8059614 0.2148184
vt 0.824735 0.1960447
vt 0.7841786 0.1960447
vt 0.8029523 0.1960447
vt 0.7841786 0.2148184
vt 0.8059614 0.1930356
vt 0.8059614 0.1742619
vt 0.824735 0.1742619
vt 0.8029523 0.1742619
vt 0.7841786 0.1742619
vt 0.7841786 0.1930356
vt 0.8495268 0.1960447
vt 0.8495268 0.2148184
vt 0.8683005 0.1960447
vt 0.8693035 0.2158214
vt 0.8505298 0.2158214
vt 0.8693035 0.1970477
vt 0.7851816 0.1940386
vt 0.8039553 0.1752649
vt 0.8039553 0.1940386
vt 0.9039837 0.06534822
vt 0.9039837 0.08412194
vt 0.9118661 0.06534822
vt 0.9049867 0.08512494
vt 0.912869 0.08512494
vt 0.912869 0.06635123
vt 0.9237604 0.04155946
vt 0.9237604 0.02278575
vt 0.9158781 0.04155946
vt 0.9227574 0.02178274
vt 0.9148751 0.02178274
vt 0.9148751 0.04055645
vt 0.9267694 0.04155946
vt 0.9346518 0.02278575
vt 0.9346518 0.04155946
vt 0.9257665 0.02178274
vt 0.9336488 0.02178274
vt 0.9257665 0.04055645
vt 0.9227574 0
vt 0.9148751 0.01877371
vt 0.9148751 0
vt 0.9237604 0.01977672
vt 0.9158781 0.01977672
vt 0.9237604 0.001003009
vt 0.8465178 0.1960447
vt 0.8277441 0.1960447
vt 0.8277441 0.2148184
vt 0.8475208 0.2158214
vt 0.8475208 0.1970477
vt 0.8287471 0.2158214
vt 0.8495268 0.1742619
vt 0.8683005 0.1742619
vt 0.8495268 0.1930356
vt 0.8505298 0.1940386
vt 0.8693035 0.1752649
vt 0.8693035 0.1940386
vt 0.8465178 0.1742619
vt 0.8277441 0.1742619
vt 0.8277441 0.1930356
vt 0.8475208 0.1940386
vt 0.8475208 0.1752649
vt 0.8287471 0.1940386
vt 0.8257381 0.2593869
vt 0.8069643 0.2593869
vt 0.8257381 0.2406131
vt 0.824735 0.2396101
vt 0.8059614 0.2583838
vt 0.8059614 0.2396101
vt 0.8029523 0.2396101
vt 0.7841786 0.2396101
vt 0.7841786 0.2583838
vt 0.8039553 0.2593869
vt 0.8039553 0.2406131
vt 0.7851816 0.2593869
vt 0.8059614 0.2178274
vt 0.824735 0.2178274
vt 0.8059614 0.2366011
vt 0.8069643 0.2376041
vt 0.8257381 0.2188304
vt 0.8257381 0.2376041
vt 0.8029523 0.2178274
vt 0.7841786 0.2178274
vt 0.7841786 0.2366011
vt 0.8039553 0.2376041
vt 0.8039553 0.2188304
vt 0.7851816 0.2376041
vt 0.8693035 0.2593869
vt 0.8505298 0.2593869
vt 0.8693035 0.2406131
vt 0.8683005 0.2396101
vt 0.8495268 0.2583838
vt 0.8495268 0.2396101
vt 0.8277441 0.2396101
vt 0.8277441 0.2583838
vt 0.8465178 0.2396101
vt 0.8287471 0.2593869
vt 0.8475208 0.2593869
vt 0.8475208 0.2406131
vt 0.8505298 0.2376041
vt 0.8693035 0.2188304
vt 0.8693035 0.2376041
vt 0.8495268 0.2178274
vt 0.8683005 0.2178274
vt 0.8495268 0.2366011
vt 0.8277441 0.2178274
vt 0.8465178 0.2178274
vt 0.8277441 0.2366011
vt 0.8475208 0.2376041
vt 0.8475208 0.2188304
vt 0.8287471 0.2376041
vt 0.2831756 0.824735
vt 0.2831756 0.8059614
vt 0.3019493 0.8059614
vt 0.1579249 0.08412194
vt 0.1603615 0.07623959
vt 0.1579249 0.07623959
vt 0.3029523 0.8069643
vt 0.2841786 0.8257381
vt 0.3029523 0.8257381
vt 0.1613645 0.0772426
vt 0.1613645 0.08512494
vt 0.1589279 0.08512494
vt 0.1549158 0.07623959
vt 0.1524792 0.08412194
vt 0.1524792 0.07623959
vt 0.2613929 0.824735
vt 0.2801666 0.8059614
vt 0.2613929 0.8059614
vt 0.2831756 0.7841786
vt 0.2831756 0.8029523
vt 0.3019493 0.7841786
vt 0.3237321 0.8059614
vt 0.3049583 0.8059614
vt 0.3049583 0.824735
vt 0.3059613 0.8257381
vt 0.3247351 0.8257381
vt 0.3247351 0.8069643
vt 0.3267411 0.7841786
vt 0.3267411 0.8029523
vt 0.3455148 0.7841786
vt 0.3049583 0.7841786
vt 0.3049583 0.8029523
vt 0.3237321 0.7841786
vt 0.2831756 0.8683005
vt 0.2831756 0.8495268
vt 0.3019493 0.8495268
vt 0.3247351 0.8039553
vt 0.3059613 0.8039553
vt 0.3247351 0.7851816
vt 0.1331331 0
vt 0.1306964 0.01877371
vt 0.1306964 0
vt 0.2613929 0.8683005
vt 0.2801666 0.8495268
vt 0.2613929 0.8495268
vt 0.3019493 0.8277441
vt 0.2831756 0.8277441
vt 0.2831756 0.8465178
vt 0.2613929 0.8277441
vt 0.2613929 0.8465178
vt 0.2801666 0.8277441
vt 0.3277441 0.8693035
vt 0.3465178 0.8693035
vt 0.3465178 0.8505298
vt 0.3247351 0.8693035
vt 0.3247351 0.8505298
vt 0.3059613 0.8693035
vt 0.3267411 0.8495268
vt 0.3455148 0.8495268
vt 0.3267411 0.8683005
vt 0.3237321 0.8495268
vt 0.3049583 0.8683005
vt 0.3049583 0.8495268
vt 0.2811696 0.8475208
vt 0.2623959 0.8475208
vt 0.2811696 0.8287471
vt 0.2841786 0.8475208
vt 0.3029523 0.8287471
vt 0.3029523 0.8475208
vt 0.3455148 0.8277441
vt 0.3267411 0.8277441
vt 0.3267411 0.8465178
vt 0.3465178 0.8475208
vt 0.3465178 0.8287471
vt 0.3277441 0.8475208
vt 0.3049583 0.8277441
vt 0.3237321 0.8277441
vt 0.3049583 0.8465178
vt 0.3059613 0.8475208
vt 0.3247351 0.8287471
vt 0.3247351 0.8475208
vt 0.9554315 0.02178274
vt 0.9475492 0.02178274
vt 0.9475492 0.04055645
vt 0.9564345 0.04155946
vt 0.9564345 0.02278575
vt 0.9485522 0.04155946
vt 0.9376608 0.04155946
vt 0.9455432 0.04155946
vt 0.9455432 0.02278575
vt 0.8713096 0.02178274
vt 0.8713096 0.04055645
vt 0.8791919 0.02178274
vt 0.9366578 0.02178274
vt 0.9366578 0.04055645
vt 0.9445401 0.02178274
vt 0.9039837 0.04055645
vt 0.9039837 0.02178274
vt 0.9118661 0.02178274
vt 0.8910863 0.01977672
vt 0.883204 0.01977672
vt 0.8910863 0.001003009
vt 0.8930923 0.02178274
vt 0.8930923 0.04055645
vt 0.9009747 0.02178274
vt 0.05445685 0.9336488
vt 0.05445685 0.9148751
vt 0.06233919 0.9148751
vt 0.824735 0.2831756
vt 0.8059614 0.2831756
vt 0.8059614 0.3019493
vt 0.8257381 0.3029523
vt 0.8257381 0.2841786
vt 0.8069643 0.3029523
vt 0.7841786 0.2831756
vt 0.8029523 0.2831756
vt 0.7841786 0.3019493
vt 0.7851816 0.3029523
vt 0.8039553 0.2841786
vt 0.8039553 0.3029523
vt 0.824735 0.2613929
vt 0.8059614 0.2613929
vt 0.8059614 0.2801666
vt 0.8257381 0.2811696
vt 0.8257381 0.2623959
vt 0.8069643 0.2811696
vt 0.7841786 0.2613929
vt 0.8029523 0.2613929
vt 0.7841786 0.2801666
vt 0.7851816 0.2811696
vt 0.8039553 0.2623959
vt 0.8039553 0.2811696
vt 0.8683005 0.2831756
vt 0.8495268 0.2831756
vt 0.8495268 0.3019493
vt 0.8693035 0.3029523
vt 0.8693035 0.2841786
vt 0.8505298 0.3029523
vt 0.8277441 0.2831756
vt 0.8465178 0.2831756
vt 0.8277441 0.3019493
vt 0.8683005 0.2613929
vt 0.8495268 0.2801666
vt 0.8495268 0.2613929
vt 0.824735 0.3267411
vt 0.8059614 0.3267411
vt 0.8059614 0.3455148
vt 0.8257381 0.3465178
vt 0.8257381 0.3277441
vt 0.8069643 0.3465178
vt 0.8039553 0.3465178
vt 0.7851816 0.3465178
vt 0.8039553 0.3277441
vt 0.8029523 0.3267411
vt 0.7841786 0.3455148
vt 0.7841786 0.3267411
vt 0.8505298 0.2811696
vt 0.8693035 0.2811696
vt 0.8693035 0.2623959
vt 0.8475208 0.3029523
vt 0.8475208 0.2841786
vt 0.8287471 0.3029523
vt 0.8475208 0.2811696
vt 0.8287471 0.2811696
vt 0.8475208 0.2623959
vt 0.8465178 0.2613929
vt 0.8277441 0.2801666
vt 0.8277441 0.2613929
vt 0.8683005 0.3267411
vt 0.8495268 0.3267411
vt 0.8495268 0.3455148
vt 0.8693035 0.04155946
vt 0.8693035 0.02278575
vt 0.8505298 0.04155946
vt 0.8465178 0.3267411
vt 0.8277441 0.3267411
vt 0.8277441 0.3455148
vt 0.8475208 0.3465178
vt 0.8475208 0.3277441
vt 0.8287471 0.3465178
vt 0.8039553 0.04155946
vt 0.7851816 0.04155946
vt 0.8039553 0.02278575
vt 0.8505298 0.3465178
vt 0.8693035 0.3277441
vt 0.8693035 0.3465178
vt 0.7841786 0
vt 0.8029523 0
vt 0.7841786 0.01877371
vt 0.8683005 0.02178274
vt 0.8495268 0.04055645
vt 0.8495268 0.02178274
vt 0.8069643 0.3247351
vt 0.8257381 0.3247351
vt 0.8257381 0.3059613
vt 0.8059614 0.3049583
vt 0.8059614 0.3237321
vt 0.824735 0.3049583
vt 0.8039553 0.3247351
vt 0.7851816 0.3247351
vt 0.8039553 0.3059613
vt 0.8029523 0.3049583
vt 0.7841786 0.3237321
vt 0.7841786 0.3049583
vt 0.04356548 0.9148751
vt 0.04356548 0.9336488
vt 0.05144782 0.9148751
vt 0.04456849 0.9346518
vt 0.05245083 0.9346518
vt 0.05245083 0.9158781
vt 0.08512494 0.9346518
vt 0.08512494 0.9158781
vt 0.0772426 0.9346518
vt 0.06233919 0.9366578
vt 0.05445685 0.9366578
vt 0.05445685 0.9554315
vt 0.04456849 0.9564345
vt 0.05245083 0.9376608
vt 0.05245083 0.9564345
vt 0.06534822 0.9366578
vt 0.07323056 0.9366578
vt 0.06534822 0.9554315
vt 0.06635123 0.9346518
vt 0.07423357 0.9158781
vt 0.07423357 0.9346518
vt 0.07623959 0.9148751
vt 0.08412194 0.9148751
vt 0.07623959 0.9336488
vt 0.8683005 0.3049583
vt 0.8495268 0.3049583
vt 0.8495268 0.3237321
vt 0.8693035 0.3247351
vt 0.8693035 0.3059613
vt 0.8505298 0.3247351
vt 0.8277441 0.3049583
vt 0.8465178 0.3049583
vt 0.8277441 0.3237321
vt 0.8287471 0.3247351
vt 0.8475208 0.3059613
vt 0.8475208 0.3247351
vt 0.824735 0.3485238
vt 0.8059614 0.3485238
vt 0.8059614 0.3672976
vt 0.8257381 0.3683006
vt 0.8257381 0.3495269
vt 0.8069643 0.3683006
vt 0.8505298 0.3900833
vt 0.8693035 0.3900833
vt 0.8693035 0.3713096
vt 0.8495268 0.3703066
vt 0.8495268 0.3890803
vt 0.8683005 0.3703066
vt 0.8277441 0.3703066
vt 0.8465178 0.3703066
vt 0.8277441 0.3890803
vt 0.8287471 0.3900833
vt 0.8475208 0.3713096
vt 0.8475208 0.3900833
vt 0.7841786 0.3485238
vt 0.8029523 0.3485238
vt 0.7841786 0.3672976
vt 0.7851816 0.3683006
vt 0.8039553 0.3495269
vt 0.8039553 0.3683006
vt 0 0.9148751
vt 0 0.9336488
vt 0.007882343 0.9148751
vt 0.001003009 0.9346518
vt 0.008885351 0.9346518
vt 0.008885351 0.9158781
vt 0 0.9366578
vt 0 0.9554315
vt 0.007882343 0.9366578
vt 0.02178274 0.9148751
vt 0.02178274 0.9336488
vt 0.02966508 0.9148751
vt 0.001003009 0.9564345
vt 0.008885351 0.9564345
vt 0.008885351 0.9376608
vt 0.04055645 0.9366578
vt 0.03267411 0.9366578
vt 0.03267411 0.9554315
vt 0.01089137 0.9554315
vt 0.01089137 0.9366578
vt 0.01877371 0.9366578
vt 0.02178274 0.9366578
vt 0.02966508 0.9366578
vt 0.02178274 0.9554315
vt 0.06233919 0.8713096
vt 0.05445685 0.8713096
vt 0.05445685 0.8900833
vt 0.0633422 0.8910863
vt 0.0633422 0.8723125
vt 0.05545986 0.8910863
vt 0.01189438 0.9346518
vt 0.01977672 0.9346518
vt 0.01977672 0.9158781
vt 0.04356548 0.8713096
vt 0.04356548 0.8900833
vt 0.05144782 0.8713096
vt 0.05245083 0.8910863
vt 0.04456849 0.8910863
vt 0.05245083 0.8723125
vt 0.01877371 0.9148751
vt 0.01089137 0.9336488
vt 0.01089137 0.9148751
vt 0.07423357 0.9564345
vt 0.06635123 0.9564345
vt 0.07423357 0.9376608
vt 0.0772426 0.9564345
vt 0.08512494 0.9376608
vt 0.08512494 0.9564345
vt 0.8069643 0.3900833
vt 0.8257381 0.3900833
vt 0.8257381 0.3713096
vt 0.8059614 0.3703066
vt 0.8059614 0.3890803
vt 0.824735 0.3703066
vt 0.8039553 0.3900833
vt 0.7851816 0.3900833
vt 0.8039553 0.3713096
vt 0.8029523 0.3703066
vt 0.7841786 0.3890803
vt 0.7841786 0.3703066
vt 0.8683005 0.3485238
vt 0.8495268 0.3485238
vt 0.8495268 0.3672976
vt 0.8693035 0.3683006
vt 0.8693035 0.3495269
vt 0.8505298 0.3683006
vt 0.8277441 0.3485238
vt 0.8465178 0.3485238
vt 0.8277441 0.3672976
vt 0.8287471 0.3683006
vt 0.8475208 0.3495269
vt 0.8475208 0.3683006
vt 0.9346518 0.01977672
vt 0.9346518 0.001003009
vt 0.9267694 0.01977672
vt 0.9336488 0
vt 0.9257665 0
vt 0.9257665 0.01877371
vt 0.9475492 0
vt 0.9475492 0.01877371
vt 0.9554315 0
vt 0.9376608 0.01977672
vt 0.9455432 0.01977672
vt 0.9455432 0.001003009
vt 0.9445401 0
vt 0.9366578 0.01877371
vt 0.9366578 0
vt 0.9564345 0.01977672
vt 0.9485522 0.01977672
vt 0.9564345 0.001003009
vt 0.8940954 0.08512494
vt 0.9019777 0.06635123
vt 0.9019777 0.08512494
vt 0.8930923 0.06534822
vt 0.9009747 0.06534822
vt 0.8930923 0.08412194
vt 0.824735 0.413872
vt 0.8059614 0.413872
vt 0.8059614 0.4326457
vt 0.8257381 0.4336488
vt 0.8257381 0.4148751
vt 0.8069643 0.4336488
vt 0.7841786 0.413872
vt 0.8029523 0.413872
vt 0.7841786 0.4326457
vt 0.7851816 0.4336488
vt 0.8039553 0.4148751
vt 0.8039553 0.4336488
vt 0.9257665 0.2613929
vt 0.9257665 0.2801666
vt 0.9336488 0.2613929
vt 0.9346518 0.2811696
vt 0.9267694 0.2811696
vt 0.9346518 0.2623959
vt 0.824735 0.3920893
vt 0.8059614 0.3920893
vt 0.8059614 0.410863
vt 0.8257381 0.411866
vt 0.8257381 0.3930923
vt 0.8069643 0.411866
vt 0.7841786 0.3920893
vt 0.8029523 0.3920893
vt 0.7841786 0.410863
vt 0.7851816 0.411866
vt 0.8039553 0.3930923
vt 0.8039553 0.411866
vt 0.8683005 0.413872
vt 0.8495268 0.413872
vt 0.8495268 0.4326457
vt 0.8277441 0.413872
vt 0.8277441 0.4326457
vt 0.8465178 0.413872
vt 0.8475208 0.4336488
vt 0.8287471 0.4336488
vt 0.8475208 0.4148751
vt 0.8505298 0.4336488
vt 0.8693035 0.4148751
vt 0.8693035 0.4336488
vt 0.8683005 0.3920893
vt 0.8495268 0.3920893
vt 0.8495268 0.410863
vt 0.8693035 0.411866
vt 0.8693035 0.3930923
vt 0.8505298 0.411866
vt 0.8277441 0.3920893
vt 0.8465178 0.3920893
vt 0.8277441 0.410863
vt 0.8287471 0.411866
vt 0.8475208 0.3930923
vt 0.8475208 0.411866
vt 0.07623959 0.8713096
vt 0.07623959 0.8900833
vt 0.08412194 0.8713096
vt 0.0772426 0.8910863
vt 0.08512494 0.8910863
vt 0.08512494 0.8723125
vt 0.05445685 0.8930923
vt 0.05445685 0.9118661
vt 0.06233919 0.8930923
vt 0.05545986 0.912869
vt 0.0633422 0.912869
vt 0.0633422 0.8940954
vt 0.05144782 0.8930923
vt 0.04356548 0.9118661
vt 0.04356548 0.8930923
vt 0.05245083 0.912869
vt 0.04456849 0.912869
vt 0.05245083 0.8940954
vt 0.06635123 0.8910863
vt 0.07423357 0.8723125
vt 0.07423357 0.8910863
vt 0.06534822 0.8713096
vt 0.07323056 0.8713096
vt 0.06534822 0.8900833
vt 0.3890803 0.8059614
vt 0.3703066 0.8059614
vt 0.3703066 0.824735
vt 0.3900833 0.8257381
vt 0.3900833 0.8069643
vt 0.3713096 0.8257381
vt 0.3485238 0.8059614
vt 0.3672976 0.8059614
vt 0.3485238 0.824735
vt 0.3495269 0.8257381
vt 0.3683006 0.8069643
vt 0.3683006 0.8257381
vt 0.3890803 0.7841786
vt 0.3703066 0.7841786
vt 0.3703066 0.8029523
vt 0.3900833 0.8039553
vt 0.3900833 0.7851816
vt 0.3713096 0.8039553
vt 0.3485238 0.7841786
vt 0.3672976 0.7841786
vt 0.3485238 0.8029523
vt 0.3495269 0.8039553
vt 0.3683006 0.7851816
vt 0.3683006 0.8039553
vt 0.08412194 0.8930923
vt 0.07623959 0.8930923
vt 0.07623959 0.9118661
vt 0.08512494 0.912869
vt 0.08512494 0.8940954
vt 0.0772426 0.912869
vt 0.01877371 0.8713096
vt 0.01089137 0.8713096
vt 0.01089137 0.8900833
vt 0.01977672 0.8910863
vt 0.01977672 0.8723125
vt 0.01189438 0.8910863
vt 0.008885351 0.8910863
vt 0.001003009 0.8910863
vt 0.008885351 0.8723125
vt 0.007882343 0.8713096
vt 0 0.8900833
vt 0 0.8713096
vt 0.06534822 0.8930923
vt 0.07323056 0.8930923
vt 0.06534822 0.9118661
vt 0.06635123 0.912869
vt 0.07423357 0.8940954
vt 0.07423357 0.912869
vt 0.4326457 0.8059614
vt 0.413872 0.8059614
vt 0.413872 0.824735
vt 0.4336488 0.8257381
vt 0.4336488 0.8069643
vt 0.4148751 0.8257381
vt 0.3920893 0.8059614
vt 0.410863 0.8059614
vt 0.3920893 0.824735
vt 0.3930923 0.8257381
vt 0.411866 0.8069643
vt 0.411866 0.8257381
vt 0.04901116 0.08713096
vt 0.05144782 0.08713096
vt 0.04901116 0.1276874
vt 0.05245083 0.08813397
vt 0.05245083 0.1286904
vt 0.05001417 0.1286904
vt 0.2474925 0.2178274
vt 0.2396101 0.2178274
vt 0.2396101 0.2583838
vt 0.1940386 0.2593869
vt 0.1940386 0.2188304
vt 0.1861563 0.2593869
vt 0.8713096 0.9584405
vt 0.8713096 0.9663229
vt 0.9554315 0.9584405
vt 0.9584405 0.6940386
vt 0.9584405 0.6099167
vt 0.9663229 0.6099167
vt 0.1688162 0.08412194
vt 0.1688162 0.07623959
vt 0.1712529 0.07623959
vt 0.1306964 0.06534822
vt 0.1331331 0.06534822
vt 0.1306964 0.07323056
vt 0.6504732 0.9911147
vt 0.5663512 0.9911147
vt 0.5663512 0.9935513
vt 0.9802233 0.6099167
vt 0.9826599 0.6099167
vt 0.9802233 0.6940386
vt 0.1633705 0.08412194
vt 0.1633705 0.07623959
vt 0.1658072 0.07623959
vt 0.1361421 0.06534822
vt 0.1385788 0.06534822
vt 0.1361421 0.07323056
vt 0.9802233 0.6069077
vt 0.9802233 0.5227857
vt 0.9826599 0.5227857
vt 0.9836629 0.6079107
vt 0.9812263 0.6079107
vt 0.9836629 0.5237888
vt 0.05445685 0.1276874
vt 0.05445685 0.08713096
vt 0.05689351 0.08713096
vt 0.05789652 0.1286904
vt 0.05545986 0.1286904
vt 0.05789652 0.08813397
vt 0.3920893 0.9911147
vt 0.3920893 0.9935513
vt 0.4762112 0.9911147
vt 0.3930923 0.9945543
vt 0.4772142 0.9945543
vt 0.4772142 0.9921176
vt 0.8713096 0.9772143
vt 0.8713096 0.9693319
vt 0.9554315 0.9693319
vt 0.9673259 0.7821726
vt 0.9673259 0.6980507
vt 0.9594436 0.7821726
vt 0.1742619 0.2178274
vt 0.1821443 0.2178274
vt 0.1742619 0.2583838
vt 0.206936 0.2583838
vt 0.206936 0.2178274
vt 0.2148184 0.2178274
vt 0.1470335 0.07323056
vt 0.1470335 0.06534822
vt 0.1494702 0.06534822
vt 0.1341361 0.08512494
vt 0.1316994 0.08512494
vt 0.1341361 0.0772426
vt 0.02722843 0.1712529
vt 0.02722843 0.1306964
vt 0.02966508 0.1306964
vt 0.03066809 0.1722559
vt 0.02823143 0.1722559
vt 0.03066809 0.1316994
vt 0.1395818 0.0772426
vt 0.1395818 0.08512494
vt 0.1371451 0.08512494
vt 0.1306964 0.07623959
vt 0.1331331 0.07623959
vt 0.1306964 0.08412194
vt 0.03267411 0.1712529
vt 0.03267411 0.1306964
vt 0.03511077 0.1306964
vt 0.03611378 0.1722559
vt 0.03367712 0.1722559
vt 0.03611378 0.1316994
vt 0.3059613 0.9945543
vt 0.3900833 0.9945543
vt 0.3900833 0.9921176
vt 0.9836629 0.4336488
vt 0.9812263 0.4336488
vt 0.9836629 0.3495269
vt 0.1960447 0.2178274
vt 0.203927 0.2178274
vt 0.1960447 0.2583838
vt 0.2287188 0.2148184
vt 0.2287188 0.1742619
vt 0.2366011 0.1742619
vt 0.3049583 0.9881056
vt 0.3049583 0.9802233
vt 0.3890803 0.9802233
vt 0.9584405 0.7841786
vt 0.9584405 0.8683005
vt 0.9663229 0.7841786
vt 0.005445685 0.1306964
vt 0.007882343 0.1306964
vt 0.005445685 0.1712529
vt 0.008885351 0.1316994
vt 0.008885351 0.1722559
vt 0.006448694 0.1722559
vt 0.01089137 0.1306964
vt 0.01332803 0.1306964
vt 0.01089137 0.1712529
vt 0.01433104 0.1316994
vt 0.01433104 0.1722559
vt 0.01189438 0.1722559
vt 0.7406132 0.985669
vt 0.7406132 0.9881056
vt 0.824735 0.985669
vt 0.7376041 0.985669
vt 0.6534822 0.985669
vt 0.6534822 0.9881056
vt 0.9782172 0.7851816
vt 0.9782172 0.8693035
vt 0.9757806 0.8693035
vt 0.9747776 0.7841786
vt 0.9772143 0.7841786
vt 0.9747776 0.8683005
vt 0.3920893 0.9802233
vt 0.3920893 0.9881056
vt 0.4762112 0.9802233
vt 0.9693319 0.7811696
vt 0.9693319 0.6970477
vt 0.9772143 0.6970477
vt 0.2257098 0.1742619
vt 0.2178274 0.1742619
vt 0.2178274 0.2148184
vt 0.2505015 0.1742619
vt 0.2505015 0.2148184
vt 0.2583838 0.1742619
vt 0.7406132 0.9802233
vt 0.7406132 0.9826599
vt 0.824735 0.9802233
vt 0.9693319 0.9554315
vt 0.9693319 0.8713096
vt 0.9717686 0.8713096
vt 0.9727715 0.9564345
vt 0.9703349 0.9564345
vt 0.9727715 0.8723125
vt 0.7416161 0.9836629
vt 0.8257381 0.9836629
vt 0.8257381 0.9812263
vt 0.0707939 0.1306964
vt 0.07323056 0.1306964
vt 0.0707939 0.1712529
vt 0.08512494 0.1316994
vt 0.08512494 0.1722559
vt 0.08268829 0.1722559
vt 0.09802233 0.07623959
vt 0.100459 0.07623959
vt 0.09802233 0.08412194
vt 0.1177991 0.04456849
vt 0.1177991 0.05245083
vt 0.1153624 0.05245083
vt 0.07623959 0.1712529
vt 0.07623959 0.1306964
vt 0.07867625 0.1306964
vt 0.07967926 0.1722559
vt 0.0772426 0.1722559
vt 0.07967926 0.1316994
vt 0.02178274 0.1089137
vt 0.02966508 0.1089137
vt 0.02178274 0.116796
vt 0.1415878 0.06233919
vt 0.1415878 0.05445685
vt 0.1494702 0.05445685
vt 0.2474925 0.1742619
vt 0.2396101 0.1742619
vt 0.2396101 0.2148184
vt 0.1851533 0.1742619
vt 0.1851533 0.2148184
vt 0.1930356 0.1742619
vt 0.1742619 0.1742619
vt 0.1821443 0.1742619
vt 0.1742619 0.2148184
vt 0.1831473 0.1752649
vt 0.1831473 0.2158214
vt 0.1752649 0.2158214
vt 0.1470335 0.07623959
vt 0.1494702 0.07623959
vt 0.1470335 0.08412194
vt 0.1504731 0.0772426
vt 0.1504731 0.08512494
vt 0.1480365 0.08512494
vt 0.04901116 0.1306964
vt 0.05144782 0.1306964
vt 0.04901116 0.1712529
vt 0.04700515 0.1316994
vt 0.04700515 0.1722559
vt 0.04456849 0.1722559
vt 0.5500142 0.7841786
vt 0.5524508 0.7841786
vt 0.5500142 0.824735
vt 0.5534538 0.7851816
vt 0.5534538 0.8257381
vt 0.5510172 0.8257381
vt 0.101462 0.0772426
vt 0.101462 0.08512494
vt 0.09902534 0.08512494
vt 0.1143594 0.04356548
vt 0.116796 0.04356548
vt 0.1143594 0.05144782
vt 0.5445685 0.824735
vt 0.5445685 0.7841786
vt 0.5470052 0.7841786
vt 0.5588995 0.8257381
vt 0.5564628 0.8257381
vt 0.5588995 0.7851816
vt 0.05990253 0.1712529
vt 0.05990253 0.1306964
vt 0.06233919 0.1306964
vt 0.05789652 0.1722559
vt 0.05545986 0.1722559
vt 0.05789652 0.1316994
vt 0.1524792 0.04356548
vt 0.1549158 0.04356548
vt 0.1524792 0.05144782
vt 0.1579249 0.05144782
vt 0.1579249 0.04356548
vt 0.1603615 0.04356548
vt 0.5663512 0.9802233
vt 0.5663512 0.9881056
vt 0.6504732 0.9802233
vt 0.9673259 0.8723125
vt 0.9673259 0.9564345
vt 0.9594436 0.9564345
vt 0.8277441 0.9802233
vt 0.8277441 0.9826599
vt 0.9118661 0.9802233
vt 0.9118661 0.985669
vt 0.8277441 0.985669
vt 0.8277441 0.9881056
vt 0.09057063 0.07423357
vt 0.08813397 0.07423357
vt 0.09057063 0.06635123
vt 0.103468 0.07323056
vt 0.103468 0.06534822
vt 0.1059047 0.06534822
vt 0.9836629 0.1722559
vt 0.9812263 0.1722559
vt 0.9836629 0.08813397
vt 0.8287471 0.9891086
vt 0.912869 0.9891086
vt 0.912869 0.9866719
vt 0.1123534 0.05245083
vt 0.1099167 0.05245083
vt 0.1123534 0.04456849
vt 0.1089137 0.05144782
vt 0.1089137 0.04356548
vt 0.1113504 0.04356548
vt 0.9782172 0.6950417
vt 0.9703349 0.6950417
vt 0.9782172 0.6109197
vt 0.4802233 0.9891086
vt 0.5643452 0.9891086
vt 0.5643452 0.9812263
vt 0.7386071 0.9945543
vt 0.7386071 0.9921176
vt 0.6544852 0.9945543
vt 0.7376041 0.9911147
vt 0.6534822 0.9911147
vt 0.6534822 0.9935513
vt 0.1688162 0.04356548
vt 0.1712529 0.04356548
vt 0.1688162 0.05144782
vt 0.1722559 0.04456849
vt 0.1722559 0.05245083
vt 0.1698193 0.05245083
vt 0.9802233 0.08713096
vt 0.9826599 0.08713096
vt 0.9802233 0.1712529
vt 0.8287471 0.9836629
vt 0.912869 0.9836629
vt 0.912869 0.9812263
vt 0.1559188 0.0633422
vt 0.1534822 0.0633422
vt 0.1559188 0.05545986
vt 0.1524792 0.06233919
vt 0.1524792 0.05445685
vt 0.1549158 0.05445685
vt 0.08512494 0.7851816
vt 0.06635123 0.8039553
vt 0.08512494 0.8039553
vt 0.0633422 0.8039553
vt 0.0633422 0.7851816
vt 0.04456849 0.8039553
vt 0.04155946 0.8505298
vt 0.02278575 0.8693035
vt 0.04155946 0.8693035
vt 0.01977672 0.8505298
vt 0.001003009 0.8693035
vt 0.01977672 0.8693035
vt 0.04155946 0.8475208
vt 0.04155946 0.8287471
vt 0.02278575 0.8475208
vt 0.01977672 0.8475208
vt 0.01977672 0.8287471
vt 0.001003009 0.8475208
vt 0.08512494 0.8693035
vt 0.06635123 0.8693035
vt 0.08512494 0.8505298
vt 0.04456849 0.8693035
vt 0.0633422 0.8505298
vt 0.0633422 0.8693035
vt 0.9346518 0.1099167
vt 0.9267694 0.1286904
vt 0.9346518 0.1286904
vt 0.8257381 0.1286904
vt 0.8257381 0.1099167
vt 0.8069643 0.1286904
vt 0.9237604 0.1099167
vt 0.9158781 0.1286904
vt 0.9237604 0.1286904
vt 0.008885351 0.1177991
vt 0.001003009 0.1177991
vt 0.008885351 0.1099167
vt 0.04155946 0.1286904
vt 0.04155946 0.1208081
vt 0.03367712 0.1286904
vt 0.9485522 0.1286904
vt 0.9564345 0.1099167
vt 0.9564345 0.1286904
vt 0.8039553 0.1286904
vt 0.7851816 0.1286904
vt 0.8039553 0.1099167
vt 0.9376608 0.1286904
vt 0.9455432 0.1099167
vt 0.9455432 0.1286904
vt 0.8940954 0.1286904
vt 0.9019777 0.1286904
vt 0.9019777 0.1099167
vt 0.9267694 0.0633422
vt 0.9346518 0.0633422
vt 0.9346518 0.04456849
vt 0.9237604 0.04456849
vt 0.9237604 0.0633422
vt 0.9158781 0.0633422
vt 0.9485522 0.0633422
vt 0.9564345 0.04456849
vt 0.9564345 0.0633422
vt 0.1286904 0.8039553
vt 0.1099167 0.8039553
vt 0.1286904 0.7851816
vt 0.08813397 0.8039553
vt 0.1069077 0.7851816
vt 0.1069077 0.8039553
vt 0.1504731 0.8257381
vt 0.1504731 0.8069643
vt 0.1316994 0.8257381
vt 0.1722559 0.8257381
vt 0.1534822 0.8257381
vt 0.1722559 0.8069643
vt 0.1722559 0.7851816
vt 0.1534822 0.8039553
vt 0.1722559 0.8039553
vt 0.1504731 0.8039553
vt 0.1504731 0.7851816
vt 0.1316994 0.8039553
vt 0.1286904 0.8505298
vt 0.1099167 0.8693035
vt 0.1286904 0.8693035
vt 0.8910863 0.04456849
vt 0.883204 0.0633422
vt 0.8910863 0.0633422
vt 0.1069077 0.8475208
vt 0.1069077 0.8287471
vt 0.08813397 0.8475208
vt 0.880195 0.04456849
vt 0.8723125 0.0633422
vt 0.880195 0.0633422
vt 0.03066809 0.1286904
vt 0.03066809 0.1208081
vt 0.02278575 0.1286904
vt 0.04155946 0.1177991
vt 0.03367712 0.1177991
vt 0.04155946 0.1099167
vt 0.9049867 0.0633422
vt 0.912869 0.04456849
vt 0.912869 0.0633422
vt 0.1722559 0.8693035
vt 0.1534822 0.8693035
vt 0.1722559 0.8505298
vt 0.8940954 0.0633422
vt 0.9019777 0.04456849
vt 0.9019777 0.0633422
vt 0.1668102 0.06635123
vt 0.1643736 0.07423357
vt 0.1668102 0.07423357
vt 0.1940386 0.8287471
vt 0.1940386 0.8475208
vt 0.1752649 0.8475208
vt 0.2593869 0.8693035
vt 0.2406131 0.8693035
vt 0.2593869 0.8505298
vt 0.2188304 0.8693035
vt 0.2376041 0.8505298
vt 0.2376041 0.8693035
vt 0.2406131 0.8475208
vt 0.2593869 0.8287471
vt 0.2593869 0.8475208
vt 0.2376041 0.8475208
vt 0.2188304 0.8475208
vt 0.2376041 0.8287471
vt 0.8257381 0.2158214
vt 0.8069643 0.2158214
vt 0.8257381 0.1970477
vt 0.8039553 0.2158214
vt 0.8039553 0.1970477
vt 0.7851816 0.2158214
vt 0.8257381 0.1752649
vt 0.8069643 0.1940386
vt 0.8257381 0.1940386
vt 0.1534822 0.08512494
vt 0.1559188 0.08512494
vt 0.1559188 0.0772426
vt 0.2811696 0.8069643
vt 0.2811696 0.8257381
vt 0.2623959 0.8257381
vt 0.2613929 0.7841786
vt 0.2801666 0.7841786
vt 0.2613929 0.8029523
vt 0.3277441 0.8257381
vt 0.3465178 0.8069643
vt 0.3465178 0.8257381
vt 0.2841786 0.8039553
vt 0.3029523 0.7851816
vt 0.3029523 0.8039553
vt 0.3465178 0.8039553
vt 0.3277441 0.8039553
vt 0.3465178 0.7851816
vt 0.2811696 0.8039553
vt 0.2623959 0.8039553
vt 0.2811696 0.7851816
vt 0.3029523 0.8505298
vt 0.2841786 0.8693035
vt 0.3029523 0.8693035
vt 0.3267411 0.8059614
vt 0.3267411 0.824735
vt 0.3455148 0.8059614
vt 0.1316994 0.01977672
vt 0.1341361 0.01977672
vt 0.1341361 0.001003009
vt 0.2811696 0.8505298
vt 0.2811696 0.8693035
vt 0.2623959 0.8693035
vt 0.8940954 0.01977672
vt 0.9019777 0.001003009
vt 0.9019777 0.01977672
vt 0.8930923 0
vt 0.9009747 0
vt 0.8930923 0.01877371
vt 0.8900833 0.02178274
vt 0.882201 0.04055645
vt 0.882201 0.02178274
vt 0.880195 0.04155946
vt 0.8723125 0.04155946
vt 0.880195 0.02278575
vt 0.8910863 0.04155946
vt 0.883204 0.04155946
vt 0.8910863 0.02278575
vt 0.912869 0.02278575
vt 0.9049867 0.04155946
vt 0.912869 0.04155946
vt 0.8713096 0
vt 0.8713096 0.01877371
vt 0.8791919 0
vt 0.9019777 0.04155946
vt 0.8940954 0.04155946
vt 0.9019777 0.02278575
vt 0.0633422 0.9158781
vt 0.05545986 0.9346518
vt 0.0633422 0.9346518
vt 0.04155946 0.9346518
vt 0.03367712 0.9346518
vt 0.04155946 0.9158781
vt 0.04055645 0.9148751
vt 0.03267411 0.9336488
vt 0.03267411 0.9148751
vt 0.03267411 0.8713096
vt 0.04055645 0.8713096
vt 0.03267411 0.8900833
vt 0.03066809 0.9346518
vt 0.02278575 0.9346518
vt 0.03066809 0.9158781
vt 0.01189438 0.9564345
vt 0.01977672 0.9376608
vt 0.01977672 0.9564345
vt 0.03367712 0.9564345
vt 0.04155946 0.9376608
vt 0.04155946 0.9564345
vt 0.04155946 0.8723125
vt 0.03367712 0.8910863
vt 0.04155946 0.8910863
vt 0.03066809 0.9564345
vt 0.03066809 0.9376608
vt 0.02278575 0.9564345
vt 0.0633422 0.1286904
vt 0.0633422 0.08813397
vt 0.06090554 0.1286904
vt 0.04700515 0.08813397
vt 0.04456849 0.1286904
vt 0.04700515 0.1286904
vt 0.2406131 0.2593869
vt 0.2484955 0.2188304
vt 0.2484955 0.2593869
vt 0.1851533 0.2178274
vt 0.1930356 0.2178274
vt 0.1851533 0.2583838
vt 0.9564345 0.9673259
vt 0.8723125 0.9673259
vt 0.9564345 0.9594436
vt 0.9673259 0.6109197
vt 0.9594436 0.6950417
vt 0.9673259 0.6950417
vt 0.1395818 0.06635123
vt 0.1371451 0.07423357
vt 0.1395818 0.07423357
vt 0.1722559 0.08512494
vt 0.1722559 0.0772426
vt 0.1698193 0.08512494
vt 0.4802233 0.9945543
vt 0.5643452 0.9921176
vt 0.5643452 0.9945543
vt 0.9836629 0.6950417
vt 0.9836629 0.6109197
vt 0.9812263 0.6950417
vt 0.1341361 0.06635123
vt 0.1316994 0.07423357
vt 0.1341361 0.07423357
vt 0.1668102 0.08512494
vt 0.1668102 0.0772426
vt 0.1643736 0.08512494
vt 0.5633422 0.9911147
vt 0.4792203 0.9935513
vt 0.4792203 0.9911147
vt 0.6514762 0.9945543
vt 0.5673542 0.9945543
vt 0.6514762 0.9921176
vt 0.05990253 0.1276874
vt 0.06233919 0.08713096
vt 0.05990253 0.08713096
vt 0.04356548 0.08713096
vt 0.04356548 0.1276874
vt 0.04600214 0.08713096
vt 0.9802233 0.3485238
vt 0.9802233 0.4326457
vt 0.9826599 0.3485238
vt 0.9802233 0.5197767
vt 0.9826599 0.4356548
vt 0.9802233 0.4356548
vt 0.9663229 0.6970477
vt 0.9584405 0.7811696
vt 0.9584405 0.6970477
vt 0.9564345 0.9782172
vt 0.9564345 0.9703349
vt 0.8723125 0.9782172
vt 0.2158214 0.2593869
vt 0.2158214 0.2188304
vt 0.207939 0.2593869
vt 0.1831473 0.2188304
vt 0.1752649 0.2593869
vt 0.1831473 0.2593869
vt 0.1415878 0.07323056
vt 0.1440245 0.06534822
vt 0.1415878 0.06534822
vt 0.1504731 0.07423357
vt 0.1504731 0.06635123
vt 0.1480365 0.07423357
vt 0.0381198 0.1712529
vt 0.04055645 0.1306964
vt 0.0381198 0.1306964
vt 0.02522241 0.1722559
vt 0.02522241 0.1316994
vt 0.02278575 0.1722559
vt 0.1361421 0.08412194
vt 0.1385788 0.07623959
vt 0.1361421 0.07623959
vt 0.1450275 0.07423357
vt 0.1450275 0.06635123
vt 0.1425908 0.07423357
vt 0.02178274 0.1712529
vt 0.0242194 0.1306964
vt 0.02178274 0.1306964
vt 0.04155946 0.1722559
vt 0.04155946 0.1316994
vt 0.0391228 0.1722559
vt 0.9836629 0.4366578
vt 0.9812263 0.5207797
vt 0.9836629 0.5207797
vt 0.3049583 0.9911147
vt 0.3890803 0.9911147
vt 0.3049583 0.9935513
vt 0.20493 0.2593869
vt 0.20493 0.2188304
vt 0.1970477 0.2593869
vt 0.2376041 0.1752649
vt 0.2297218 0.2158214
vt 0.2376041 0.2158214
vt 0.3900833 0.9812263
vt 0.3059613 0.9891086
vt 0.3900833 0.9891086
vt 0.9673259 0.8693035
vt 0.9594436 0.8693035
vt 0.9673259 0.7851816
vt 0.003439667 0.1722559
vt 0.003439667 0.1316994
vt 0.001003009 0.1722559
vt 0 0.1712529
vt 0.002436658 0.1306964
vt 0 0.1306964
vt 0.01977672 0.1722559
vt 0.01977672 0.1316994
vt 0.01734006 0.1722559
vt 0.01633705 0.1712529
vt 0.01877371 0.1306964
vt 0.01633705 0.1306964
vt 0.7386071 0.9891086
vt 0.6544852 0.9891086
vt 0.7386071 0.9866719
vt 0.7416161 0.9891086
vt 0.8257381 0.9866719
vt 0.8257381 0.9891086
vt 0.9782172 0.8723125
vt 0.9757806 0.9564345
vt 0.9782172 0.9564345
vt 0.9747776 0.8713096
vt 0.9747776 0.9554315
vt 0.9772143 0.8713096
vt 0.4772142 0.9891086
vt 0.3930923 0.9891086
vt 0.4772142 0.9812263
vt 0.9782172 0.6980507
vt 0.9703349 0.7821726
vt 0.9782172 0.7821726
vt 0.2188304 0.2158214
vt 0.2267127 0.1752649
vt 0.2267127 0.2158214
vt 0.2593869 0.2158214
vt 0.2515045 0.2158214
vt 0.2593869 0.1752649
vt 0.7386071 0.9836629
vt 0.6544852 0.9836629
vt 0.7386071 0.9812263
vt 0.9727715 0.7851816
vt 0.9703349 0.8693035
vt 0.9727715 0.8693035
vt 0.9693319 0.7841786
vt 0.9693319 0.8683005
vt 0.9717686 0.7841786
vt 0.7376041 0.9802233
vt 0.6534822 0.9826599
vt 0.6534822 0.9802233
vt 0.07423357 0.1722559
vt 0.07423357 0.1316994
vt 0.07179691 0.1722559
vt 0.06534822 0.1712529
vt 0.06778488 0.1306964
vt 0.06534822 0.1306964
vt 0.09257665 0.07623959
vt 0.09257665 0.08412194
vt 0.0950133 0.07623959
vt 0.1069077 0.0772426
vt 0.104471 0.08512494
vt 0.1069077 0.08512494
vt 0.08168527 0.1712529
vt 0.08412194 0.1306964
vt 0.08168527 0.1306964
vt 0.06878789 0.1722559
vt 0.06878789 0.1316994
vt 0.06635123 0.1722559
vt 0.03066809 0.1177991
vt 0.03066809 0.1099167
vt 0.02278575 0.1177991
vt 0.1504731 0.05545986
vt 0.1425908 0.0633422
vt 0.1504731 0.0633422
vt 0.2406131 0.2158214
vt 0.2484955 0.1752649
vt 0.2484955 0.2158214
vt 0.1940386 0.2158214
vt 0.1861563 0.2158214
vt 0.1940386 0.1752649
vt 0.206936 0.1742619
vt 0.206936 0.2148184
vt 0.2148184 0.1742619
vt 0.2158214 0.1752649
vt 0.207939 0.2158214
vt 0.2158214 0.2158214
vt 0.1415878 0.07623959
vt 0.1415878 0.08412194
vt 0.1440245 0.07623959
vt 0.1450275 0.0772426
vt 0.1425908 0.08512494
vt 0.1450275 0.08512494
vt 0.05245083 0.1722559
vt 0.05245083 0.1316994
vt 0.05001417 0.1722559
vt 0.04356548 0.1712529
vt 0.04600214 0.1306964
vt 0.04356548 0.1306964
vt 0.5480081 0.8257381
vt 0.5480081 0.7851816
vt 0.5455715 0.8257381
vt 0.5554599 0.824735
vt 0.5578966 0.7841786
vt 0.5554599 0.7841786
vt 0.09601631 0.0772426
vt 0.09357965 0.08512494
vt 0.09601631 0.08512494
vt 0.08713096 0.07623959
vt 0.08713096 0.08412194
vt 0.08956762 0.07623959
vt 0.5643452 0.7851816
vt 0.5619085 0.8257381
vt 0.5643452 0.8257381
vt 0.5609056 0.7841786
vt 0.5609056 0.824735
vt 0.5633422 0.7841786
vt 0.0633422 0.1316994
vt 0.06090554 0.1722559
vt 0.0633422 0.1722559
vt 0.05445685 0.1306964
vt 0.05445685 0.1712529
vt 0.05689351 0.1306964
vt 0.1613645 0.05245083
vt 0.1613645 0.04456849
vt 0.1589279 0.05245083
vt 0.1559188 0.04456849
vt 0.1534822 0.05245083
vt 0.1559188 0.05245083
vt 0.6514762 0.9891086
vt 0.5673542 0.9891086
vt 0.6514762 0.9812263
vt 0.5633422 0.9802233
vt 0.4792203 0.9881056
vt 0.4792203 0.9802233
vt 0.9836629 0.7821726
vt 0.9836629 0.6980507
vt 0.9812263 0.7821726
vt 0.9802233 0.3455148
vt 0.9826599 0.2613929
vt 0.9802233 0.2613929
vt 0.101462 0.07423357
vt 0.101462 0.06635123
vt 0.09902534 0.07423357
vt 0.09057063 0.0772426
vt 0.08813397 0.08512494
vt 0.09057063 0.08512494
vt 0.9836629 0.3465178
vt 0.9836629 0.2623959
vt 0.9812263 0.3465178
vt 0.7416161 0.9945543
vt 0.8257381 0.9921176
vt 0.8257381 0.9945543
vt 0.1286904 0.05245083
vt 0.1286904 0.04456849
vt 0.1262538 0.05245083
vt 0.1252508 0.05144782
vt 0.1276874 0.04356548
vt 0.1252508 0.04356548
vt 0.9693319 0.6099167
vt 0.9693319 0.6940386
vt 0.9772143 0.6099167
vt 0.9584405 0.9554315
vt 0.9663229 0.8713096
vt 0.9584405 0.8713096
vt 0.9836629 0.2593869
vt 0.9836629 0.1752649
vt 0.9812263 0.2593869
vt 0.9802233 0.7811696
vt 0.9826599 0.6970477
vt 0.9802233 0.6970477
vt 0.1633705 0.04356548
vt 0.1633705 0.05144782
vt 0.1658072 0.04356548
vt 0.1613645 0.05545986
vt 0.1589279 0.0633422
vt 0.1613645 0.0633422
vt 0.7406132 0.9911147
vt 0.824735 0.9911147
vt 0.7406132 0.9935513
vt 0.9802233 0.2583838
vt 0.9826599 0.1742619
vt 0.9802233 0.1742619
vt 0.1668102 0.05245083
vt 0.1668102 0.04456849
vt 0.1643736 0.05245083
vt 0.1579249 0.06233919
vt 0.1603615 0.05445685
vt 0.1579249 0.05445685
vt 0.7623959 0.04055645
vt 0.7623959 0
vt 0.7811696 0
vt 0.7593868 0
vt 0.7406132 0.04055645
vt 0.7406132 0
vt 0.7188304 0.08412194
vt 0.7188304 0.04356548
vt 0.7376041 0.04356548
vt 0.7158214 0.04356548
vt 0.6970477 0.08412194
vt 0.6970477 0.04356548
vt 0.7811696 0.04356548
vt 0.7623959 0.08412194
vt 0.7623959 0.04356548
vt 0.02966508 0.8713096
vt 0.02178274 0.8900833
vt 0.02178274 0.8713096
vt 0.1470335 0
vt 0.1470335 0.01877371
vt 0.1494702 0
vt 0.4326457 0.7841786
vt 0.413872 0.8029523
vt 0.413872 0.7841786
vt 0.01877371 0.8930923
vt 0.01089137 0.9118661
vt 0.01089137 0.8930923
vt 0.410863 0.7841786
vt 0.3920893 0.8029523
vt 0.3920893 0.7841786
vt 0.7593868 0.04356548
vt 0.7406132 0.04356548
vt 0.7406132 0.08412194
vt 0.6316995 0.5633422
vt 0.6504732 0.5227857
vt 0.6316995 0.5227857
vt 0.6286904 0.5227857
vt 0.6099167 0.5227857
vt 0.6099167 0.5633422
vt 0.6940386 0.5227857
vt 0.675265 0.5227857
vt 0.675265 0.5633422
vt 0.6534822 0.5633422
vt 0.6722559 0.5227857
vt 0.6534822 0.5227857
vt 0.6316995 0.5663512
vt 0.6316995 0.6069077
vt 0.6504732 0.5663512
vt 0.6099167 0.5663512
vt 0.6099167 0.6069077
vt 0.6286904 0.5663512
vt 0.6940386 0.5663512
vt 0.675265 0.5663512
vt 0.675265 0.6069077
vt 0.6534822 0.6069077
vt 0.6722559 0.5663512
vt 0.6534822 0.5663512
vt 0.5633422 0.6099167
vt 0.5445685 0.6504732
vt 0.5445685 0.6099167
vt 0.5227857 0.6504732
vt 0.5227857 0.6099167
vt 0.5415595 0.6099167
vt 0.6069077 0.6099167
vt 0.5881339 0.6099167
vt 0.5881339 0.6504732
vt 0.5663512 0.6504732
vt 0.5851249 0.6099167
vt 0.5663512 0.6099167
vt 0.5282314 0.7841786
vt 0.5306681 0.7841786
vt 0.5282314 0.824735
vt 0.5227857 0.824735
vt 0.5227857 0.7841786
vt 0.5252224 0.7841786
vt 0.5445685 0.6940386
vt 0.5445685 0.6534822
vt 0.5633422 0.6534822
vt 0.5415595 0.6534822
vt 0.5227857 0.6940386
vt 0.5227857 0.6534822
vt 0.6069077 0.6534822
vt 0.5881339 0.6534822
vt 0.5881339 0.6940386
vt 0.5663512 0.6940386
vt 0.5851249 0.6534822
vt 0.5663512 0.6534822
vt 0.5391228 0.7841786
vt 0.5391228 0.824735
vt 0.5415595 0.7841786
vt 0.6504732 0.4356548
vt 0.6316995 0.4356548
vt 0.6316995 0.4762112
vt 0.6099167 0.4762112
vt 0.6286904 0.4356548
vt 0.6099167 0.4356548
vt 0.6940386 0.4356548
vt 0.675265 0.4762112
vt 0.675265 0.4356548
vt 0.6534822 0.4762112
vt 0.6534822 0.4356548
vt 0.6722559 0.4356548
vt 0 0.9118661
vt 0 0.8930923
vt 0.007882343 0.8930923
vt 0.04055645 0.8930923
vt 0.03267411 0.9118661
vt 0.03267411 0.8930923
vt 0.6316995 0.5197767
vt 0.6504732 0.4792203
vt 0.6316995 0.4792203
vt 0.6286904 0.4792203
vt 0.6099167 0.4792203
vt 0.6099167 0.5197767
vt 0.675265 0.4792203
vt 0.6940386 0.4792203
vt 0.675265 0.5197767
vt 0.6534822 0.5197767
vt 0.6722559 0.4792203
vt 0.6534822 0.4792203
vt 0.1960447 0.2148184
vt 0.203927 0.1742619
vt 0.1960447 0.1742619
vt 0.05445685 0.3049583
vt 0.06233919 0.3049583
vt 0.05445685 0.3455148
vt 0.04356548 0.3455148
vt 0.05144782 0.3049583
vt 0.04356548 0.3049583
vt 0.07623959 0.3049583
vt 0.08412194 0.3049583
vt 0.07623959 0.3455148
vt 0.06534822 0.3455148
vt 0.07323056 0.3049583
vt 0.06534822 0.3049583
vt 0.01089137 0.3049583
vt 0.01877371 0.3049583
vt 0.01089137 0.3455148
vt 0 0.3049583
vt 0 0.3455148
vt 0.007882343 0.3049583
vt 0.03267411 0.3455148
vt 0.03267411 0.3049583
vt 0.04055645 0.3049583
vt 0.02178274 0.3455148
vt 0.02966508 0.3049583
vt 0.02178274 0.3049583
vt 0.05445685 0.2613929
vt 0.06233919 0.2613929
vt 0.05445685 0.3019493
vt 0.04356548 0.2613929
vt 0.05144782 0.2613929
vt 0.04356548 0.3019493
vt 0.07623959 0.3019493
vt 0.08412194 0.2613929
vt 0.07623959 0.2613929
vt 0.06534822 0.3019493
vt 0.06534822 0.2613929
vt 0.07323056 0.2613929
vt 0.01089137 0.2613929
vt 0.01089137 0.3019493
vt 0.01877371 0.2613929
vt 0.4574375 0.6504732
vt 0.4574375 0.6099167
vt 0.4762112 0.6099167
vt 0.4544285 0.6099167
vt 0.4356548 0.6504732
vt 0.4356548 0.6099167
vt 0 0.3019493
vt 0.007882343 0.2613929
vt 0 0.2613929
vt 0.03267411 0.2613929
vt 0.04055645 0.2613929
vt 0.03267411 0.3019493
vt 0.501003 0.6099167
vt 0.501003 0.6504732
vt 0.5197767 0.6099167
vt 0.4792203 0.6504732
vt 0.4792203 0.6099167
vt 0.497994 0.6099167
vt 0.3890803 0.8495268
vt 0.3703066 0.8495268
vt 0.3703066 0.8683005
vt 0.3485238 0.8683005
vt 0.3672976 0.8495268
vt 0.3485238 0.8495268
vt 0.02178274 0.9118661
vt 0.02178274 0.8930923
vt 0.02966508 0.8930923
vt 0.8465178 0.8277441
vt 0.8386354 0.8465178
vt 0.8386354 0.8277441
vt 0.4574375 0.6940386
vt 0.4574375 0.6534822
vt 0.4762112 0.6534822
vt 0.4356548 0.6534822
vt 0.4356548 0.6940386
vt 0.4544285 0.6534822
vt 0.3703066 0.8465178
vt 0.3703066 0.8277441
vt 0.3890803 0.8277441
vt 0.3672976 0.8277441
vt 0.3485238 0.8465178
vt 0.3485238 0.8277441
vt 0.8277441 0.8465178
vt 0.8277441 0.8277441
vt 0.8356264 0.8277441
vt 0.8604182 0.8465178
vt 0.8683005 0.8277441
vt 0.8604182 0.8277441
vt 0.413872 0.8683005
vt 0.413872 0.8495268
vt 0.4326457 0.8495268
vt 0.410863 0.8495268
vt 0.3920893 0.8683005
vt 0.3920893 0.8495268
vt 0.02178274 0.3019493
vt 0.02178274 0.2613929
vt 0.02966508 0.2613929
vt 0.3158498 0.04356548
vt 0.3158498 0.08412194
vt 0.3237321 0.04356548
vt 0.3049583 0.04356548
vt 0.3128407 0.04356548
vt 0.3049583 0.08412194
vt 0.3376325 0.08412194
vt 0.3455148 0.04356548
vt 0.3376325 0.04356548
vt 0.3267411 0.08412194
vt 0.3267411 0.04356548
vt 0.3346235 0.04356548
vt 0.2722842 0.08412194
vt 0.2722842 0.04356548
vt 0.2801666 0.04356548
vt 0.2613929 0.04356548
vt 0.2692752 0.04356548
vt 0.2613929 0.08412194
vt 0.294067 0.08412194
vt 0.3019493 0.04356548
vt 0.294067 0.04356548
vt 0.2831756 0.08412194
vt 0.2910579 0.04356548
vt 0.2831756 0.04356548
vt 0.3158498 0
vt 0.3158498 0.04055645
vt 0.3237321 0
vt 0.3049583 0
vt 0.3128407 0
vt 0.3049583 0.04055645
vt 0.3376325 0.04055645
vt 0.3455148 0
vt 0.3376325 0
vt 0.3267411 0.04055645
vt 0.3267411 0
vt 0.3346235 0
vt 0.2722842 0
vt 0.2722842 0.04055645
vt 0.2801666 0
vt 0.501003 0.6940386
vt 0.5197767 0.6534822
vt 0.501003 0.6534822
vt 0.4792203 0.6534822
vt 0.497994 0.6534822
vt 0.4792203 0.6940386
vt 0.2613929 0
vt 0.2613929 0.04055645
vt 0.2692752 0
vt 0.294067 0.04055645
vt 0.294067 0
vt 0.3019493 0
vt 0.3703066 0.6504732
vt 0.3703066 0.6099167
vt 0.3890803 0.6099167
vt 0.2910579 0
vt 0.2831756 0
vt 0.2831756 0.04055645
vt 0.3485238 0.6099167
vt 0.3672976 0.6099167
vt 0.3485238 0.6504732
vt 0.413872 0.6504732
vt 0.4326457 0.6099167
vt 0.413872 0.6099167
vt 0.1415878 0.3049583
vt 0.1494702 0.3049583
vt 0.1415878 0.3455148
vt 0.1306964 0.3455148
vt 0.1385788 0.3049583
vt 0.1306964 0.3049583
vt 0.8495268 0.8465178
vt 0.8495268 0.8277441
vt 0.8574092 0.8277441
vt 0.8465178 0.8495268
vt 0.8386354 0.8683005
vt 0.8386354 0.8495268
vt 0.413872 0.8465178
vt 0.413872 0.8277441
vt 0.4326457 0.8277441
vt 0.410863 0.8277441
vt 0.3920893 0.8465178
vt 0.3920893 0.8277441
vt 0.1633705 0.3455148
vt 0.1633705 0.3049583
vt 0.1712529 0.3049583
vt 0.1603615 0.3049583
vt 0.1524792 0.3455148
vt 0.1524792 0.3049583
vt 0.09802233 0.3455148
vt 0.09802233 0.3049583
vt 0.1059047 0.3049583
vt 0.08713096 0.3049583
vt 0.08713096 0.3455148
vt 0.0950133 0.3049583
vt 0.3920893 0.6099167
vt 0.410863 0.6099167
vt 0.3920893 0.6504732
vt 0.3703066 0.6940386
vt 0.3890803 0.6534822
vt 0.3703066 0.6534822
vt 0.3485238 0.6940386
vt 0.3485238 0.6534822
vt 0.3672976 0.6534822
vt 0.413872 0.6534822
vt 0.413872 0.6940386
vt 0.4326457 0.6534822
vt 0.1198051 0.3049583
vt 0.1276874 0.3049583
vt 0.1198051 0.3455148
vt 0.1089137 0.3455148
vt 0.116796 0.3049583
vt 0.1089137 0.3049583
vt 0.1415878 0.2613929
vt 0.1494702 0.2613929
vt 0.1415878 0.3019493
vt 0.1306964 0.3019493
vt 0.1385788 0.2613929
vt 0.1306964 0.2613929
vt 0.3920893 0.6534822
vt 0.410863 0.6534822
vt 0.3920893 0.6940386
vt 0.6316995 0.3890803
vt 0.6504732 0.3485238
vt 0.6316995 0.3485238
vt 0.6099167 0.3890803
vt 0.6099167 0.3485238
vt 0.6286904 0.3485238
vt 0.675265 0.3485238
vt 0.675265 0.3890803
vt 0.6940386 0.3485238
vt 0.6534822 0.3890803
vt 0.6722559 0.3485238
vt 0.6534822 0.3485238
vt 0.6316995 0.3920893
vt 0.6316995 0.4326457
vt 0.6504732 0.3920893
vt 0.6099167 0.4326457
vt 0.6286904 0.3920893
vt 0.6099167 0.3920893
vt 0.675265 0.3920893
vt 0.6940386 0.3920893
vt 0.675265 0.4326457
vt 0.8059614 0.4762112
vt 0.8059614 0.4574375
vt 0.824735 0.4574375
vt 0.7841786 0.4762112
vt 0.8029523 0.4574375
vt 0.7841786 0.4574375
vt 0.6534822 0.3920893
vt 0.6722559 0.3920893
vt 0.6534822 0.4326457
vt 0.6316995 0.3019493
vt 0.6316995 0.2613929
vt 0.6504732 0.2613929
vt 0.6099167 0.3019493
vt 0.6099167 0.2613929
vt 0.6286904 0.2613929
vt 0.675265 0.2613929
vt 0.675265 0.3019493
vt 0.6940386 0.2613929
vt 0.8277441 0.8683005
vt 0.8277441 0.8495268
vt 0.8356264 0.8495268
vt 0.8604182 0.8683005
vt 0.8683005 0.8495268
vt 0.8604182 0.8495268
vt 0.824735 0.4356548
vt 0.8059614 0.4356548
vt 0.8059614 0.4544285
vt 0.8495268 0.8683005
vt 0.8495268 0.8495268
vt 0.8574092 0.8495268
vt 0.79507 0.8277441
vt 0.79507 0.8465178
vt 0.8029523 0.8277441
vt 0.8029523 0.4356548
vt 0.7841786 0.4356548
vt 0.7841786 0.4544285
vt 0.8495268 0.4762112
vt 0.8683005 0.4574375
vt 0.8495268 0.4574375
vt 0.6534822 0.3019493
vt 0.6534822 0.2613929
vt 0.6722559 0.2613929
vt 0.6316995 0.3049583
vt 0.6316995 0.3455148
vt 0.6504732 0.3049583
vt 0.6286904 0.3049583
vt 0.6099167 0.3455148
vt 0.6099167 0.3049583
vt 0.6940386 0.3049583
vt 0.675265 0.3049583
vt 0.675265 0.3455148
vt 0.7841786 0.8277441
vt 0.7841786 0.8465178
vt 0.792061 0.8277441
vt 0.6722559 0.3049583
vt 0.6534822 0.3049583
vt 0.6534822 0.3455148
vt 0.2831756 0.6504732
vt 0.3019493 0.6099167
vt 0.2831756 0.6099167
vt 0.2613929 0.6099167
vt 0.2801666 0.6099167
vt 0.2613929 0.6504732
vt 0.3267411 0.6504732
vt 0.3455148 0.6099167
vt 0.3267411 0.6099167
vt 0.3049583 0.6504732
vt 0.3049583 0.6099167
vt 0.3237321 0.6099167
vt 0.2831756 0.6534822
vt 0.2831756 0.6940386
vt 0.3019493 0.6534822
vt 0.2613929 0.6940386
vt 0.2801666 0.6534822
vt 0.2613929 0.6534822
vt 0.3267411 0.6534822
vt 0.3455148 0.6534822
vt 0.3267411 0.6940386
vt 0.3237321 0.6534822
vt 0.3049583 0.6940386
vt 0.3049583 0.6534822
vt 0.1960447 0.6504732
vt 0.1960447 0.6099167
vt 0.2148184 0.6099167
vt 0.1742619 0.6504732
vt 0.1930356 0.6099167
vt 0.1742619 0.6099167
vt 0.2583838 0.6099167
vt 0.2396101 0.6099167
vt 0.2396101 0.6504732
vt 0.2178274 0.6099167
vt 0.2366011 0.6099167
vt 0.2178274 0.6504732
vt 0.1960447 0.6940386
vt 0.2148184 0.6534822
vt 0.1960447 0.6534822
vt 0.8277441 0.4762112
vt 0.8277441 0.4574375
vt 0.8465178 0.4574375
vt 0.8495268 0.4544285
vt 0.8683005 0.4356548
vt 0.8495268 0.4356548
vt 0.8683005 0.9584405
vt 0.7841786 0.9772143
vt 0.7841786 0.9584405
vt 0.9584405 0.5227857
vt 0.9772143 0.5227857
vt 0.9584405 0.6069077
vt 0.8277441 0.4544285
vt 0.8277441 0.4356548
vt 0.8465178 0.4356548
vt 0.824735 0.501003
vt 0.8059614 0.5197767
vt 0.8059614 0.501003
vt 0.1742619 0.6534822
vt 0.1930356 0.6534822
vt 0.1742619 0.6940386
vt 0.2396101 0.6940386
vt 0.2583838 0.6534822
vt 0.2396101 0.6534822
vt 0.2593869 0.6544852
vt 0.2593869 0.6950417
vt 0.2406131 0.6950417
vt 0.2178274 0.6534822
vt 0.2178274 0.6940386
vt 0.2366011 0.6534822
vt 0.6316995 0.1742619
vt 0.6504732 0.1742619
vt 0.6316995 0.2148184
vt 0.7386071 0.001003009
vt 0.7198334 0.04155946
vt 0.7386071 0.04155946
vt 0.6099167 0.2148184
vt 0.6099167 0.1742619
vt 0.6286904 0.1742619
vt 0.675265 0.1742619
vt 0.675265 0.2148184
vt 0.6940386 0.1742619
vt 0.1688162 0.06233919
vt 0.1712529 0.05445685
vt 0.1688162 0.05445685
vt 0.6534822 0.1742619
vt 0.6722559 0.1742619
vt 0.6534822 0.2148184
vt 0.6316995 0.2583838
vt 0.6504732 0.2178274
vt 0.6316995 0.2178274
vt 0.6099167 0.2583838
vt 0.6099167 0.2178274
vt 0.6286904 0.2178274
vt 0.675265 0.2178274
vt 0.675265 0.2583838
vt 0.6940386 0.2178274
vt 0.6970477 0.9772143
vt 0.6970477 0.9584405
vt 0.7811696 0.9584405
vt 0.9584405 0.5197767
vt 0.9584405 0.4356548
vt 0.9772143 0.4356548
vt 0.7821726 0.2188304
vt 0.7821726 0.2593869
vt 0.7633989 0.2593869
vt 0.6534822 0.2178274
vt 0.6534822 0.2583838
vt 0.6722559 0.2178274
vt 0.1089137 0.6504732
vt 0.1089137 0.6099167
vt 0.1276874 0.6099167
vt 0.08713096 0.6099167
vt 0.08713096 0.6504732
vt 0.1059047 0.6099167
vt 0.1633705 0.3019493
vt 0.1633705 0.2613929
vt 0.1712529 0.2613929
vt 0.1712529 0.6099167
vt 0.1524792 0.6099167
vt 0.1524792 0.6504732
vt 0.824735 0.8277441
vt 0.8168527 0.8465178
vt 0.8168527 0.8277441
vt 0.1306964 0.6504732
vt 0.1306964 0.6099167
vt 0.1494702 0.6099167
vt 0.1089137 0.6534822
vt 0.1089137 0.6940386
vt 0.1276874 0.6534822
vt 0.1059047 0.6534822
vt 0.08713096 0.6940386
vt 0.08713096 0.6534822
vt 0.1524792 0.6940386
vt 0.1524792 0.6534822
vt 0.1712529 0.6534822
vt 0.1494702 0.6534822
vt 0.1306964 0.6534822
vt 0.1306964 0.6940386
vt 0.6316995 0.1276874
vt 0.6504732 0.08713096
vt 0.6316995 0.08713096
vt 0.6286904 0.08713096
vt 0.6099167 0.08713096
vt 0.6099167 0.1276874
vt 0.675265 0.1276874
vt 0.6940386 0.08713096
vt 0.675265 0.08713096
vt 0.6722559 0.08713096
vt 0.6534822 0.08713096
vt 0.6534822 0.1276874
vt 0.6316995 0.1712529
vt 0.6316995 0.1306964
vt 0.6504732 0.1306964
vt 0.7841786 0.5197767
vt 0.7841786 0.501003
vt 0.8029523 0.501003
vt 0.824735 0.4792203
vt 0.8059614 0.497994
vt 0.8059614 0.4792203
vt 0.8059614 0.8465178
vt 0.8138437 0.8277441
vt 0.8059614 0.8277441
vt 0.6099167 0.1712529
vt 0.6099167 0.1306964
vt 0.6286904 0.1306964
vt 0.675265 0.1306964
vt 0.675265 0.1712529
vt 0.6940386 0.1306964
vt 0.6722559 0.1306964
vt 0.6534822 0.1712529
vt 0.6534822 0.1306964
vt 0.04055645 0.6099167
vt 0.02178274 0.6504732
vt 0.02178274 0.6099167
vt 0 0.6504732
vt 0 0.6099167
vt 0.01877371 0.6099167
vt 0.06534822 0.6504732
vt 0.06534822 0.6099167
vt 0.08412194 0.6099167
vt 0.04356548 0.6504732
vt 0.06233919 0.6099167
vt 0.04356548 0.6099167
vt 0.04055645 0.6534822
vt 0.02178274 0.6534822
vt 0.02178274 0.6940386
vt 0.7841786 0.497994
vt 0.7841786 0.4792203
vt 0.8029523 0.4792203
vt 0.8495268 0.5197767
vt 0.8683005 0.501003
vt 0.8495268 0.501003
vt 0.8277441 0.5197767
vt 0.8277441 0.501003
vt 0.8465178 0.501003
vt 0.8495268 0.497994
vt 0.8683005 0.4792203
vt 0.8495268 0.4792203
vt 0 0.6940386
vt 0 0.6534822
vt 0.01877371 0.6534822
vt 0.08412194 0.6534822
vt 0.06534822 0.6940386
vt 0.06534822 0.6534822
vt 0.04356548 0.6534822
vt 0.06233919 0.6534822
vt 0.04356548 0.6940386
vt 0.6316995 0.04055645
vt 0.6504732 0
vt 0.6316995 0
vt 0.8277441 0.497994
vt 0.8277441 0.4792203
vt 0.8465178 0.4792203
vt 0.4762112 0.8059614
vt 0.4574375 0.824735
vt 0.4574375 0.8059614
vt 0.4356548 0.824735
vt 0.4356548 0.8059614
vt 0.4544285 0.8059614
vt 0.8029523 0.8495268
vt 0.79507 0.8683005
vt 0.79507 0.8495268
vt 0.4574375 0.8029523
vt 0.4574375 0.7841786
vt 0.4762112 0.7841786
vt 0.4544285 0.7841786
vt 0.4356548 0.8029523
vt 0.4356548 0.7841786
vt 0.501003 0.824735
vt 0.501003 0.8059614
vt 0.5197767 0.8059614
vt 0.497994 0.8059614
vt 0.4792203 0.824735
vt 0.4792203 0.8059614
vt 0.7841786 0.8683005
vt 0.7841786 0.8495268
vt 0.792061 0.8495268
vt 0.5197767 0.7841786
vt 0.501003 0.8029523
vt 0.501003 0.7841786
vt 0.4792203 0.8029523
vt 0.4792203 0.7841786
vt 0.497994 0.7841786
vt 0.4574375 0.8683005
vt 0.4762112 0.8495268
vt 0.4574375 0.8495268
vt 0.8168527 0.8683005
vt 0.824735 0.8495268
vt 0.8168527 0.8495268
vt 0.8059614 0.8683005
vt 0.8059614 0.8495268
vt 0.8138437 0.8495268
vt 0.8465178 0.7841786
vt 0.8386354 0.8029523
vt 0.8386354 0.7841786
vt 0.6099167 0.04055645
vt 0.6099167 0
vt 0.6286904 0
vt 0.6762679 0.04155946
vt 0.6950417 0.001003009
vt 0.6950417 0.04155946
vt 0.6534822 0.04055645
vt 0.6534822 0
vt 0.6722559 0
vt 0.6504732 0.04356548
vt 0.6316995 0.08412194
vt 0.6316995 0.04356548
vt 0.4544285 0.8495268
vt 0.4356548 0.8495268
vt 0.4356548 0.8683005
vt 0.4574375 0.8465178
vt 0.4762112 0.8277441
vt 0.4574375 0.8277441
vt 0.4356548 0.8465178
vt 0.4356548 0.8277441
vt 0.4544285 0.8277441
vt 0.6099167 0.08412194
vt 0.6099167 0.04356548
vt 0.6286904 0.04356548
vt 0.6762679 0.08512494
vt 0.6950417 0.04456849
vt 0.6950417 0.08512494
vt 0.6534822 0.08412194
vt 0.6534822 0.04356548
vt 0.6722559 0.04356548
vt 0.5445685 0.5633422
vt 0.5445685 0.5227857
vt 0.5633422 0.5227857
vt 0.6069077 0.5227857
vt 0.5881339 0.5633422
vt 0.5881339 0.5227857
vt 0.5455715 0.5643452
vt 0.5643452 0.5237888
vt 0.5643452 0.5643452
vt 0.5663512 0.5633422
vt 0.5851249 0.5227857
vt 0.5663512 0.5227857
vt 0.5633422 0.5663512
vt 0.5445685 0.5663512
vt 0.5445685 0.6069077
vt 0.5197767 0.8495268
vt 0.501003 0.8495268
vt 0.501003 0.8683005
vt 0.4792203 0.8683005
vt 0.497994 0.8495268
vt 0.4792203 0.8495268
vt 0.501003 0.8465178
vt 0.501003 0.8277441
vt 0.5197767 0.8277441
vt 0.497994 0.8277441
vt 0.4792203 0.8465178
vt 0.4792203 0.8277441
vt 0.04055645 0.02178274
vt 0.02178274 0.02178274
vt 0.02178274 0.04055645
vt 0 0.04055645
vt 0.01877371 0.02178274
vt 0 0.02178274
vt 0.04055645 0
vt 0.02178274 0
vt 0.02178274 0.01877371
vt 0 0.01877371
vt 0.01877371 0
vt 0 0
vt 0.06534822 0.04055645
vt 0.06534822 0.02178274
vt 0.08412194 0.02178274
vt 0.06233919 0.02178274
vt 0.04356548 0.04055645
vt 0.04356548 0.02178274
vt 0.08412194 0
vt 0.06534822 0
vt 0.06534822 0.01877371
vt 0.04356548 0.01877371
vt 0.06233919 0
vt 0.04356548 0
vt 0.04055645 0.06534822
vt 0.02178274 0.06534822
vt 0.02178274 0.08412194
vt 0 0.08412194
vt 0.01877371 0.06534822
vt 0 0.06534822
vt 0.5227857 0.6069077
vt 0.5415595 0.5663512
vt 0.5227857 0.5663512
vt 0.5881339 0.5663512
vt 0.5881339 0.6069077
vt 0.6069077 0.5663512
vt 0.5663512 0.6069077
vt 0.5663512 0.5663512
vt 0.5851249 0.5663512
vt 0.4574375 0.5633422
vt 0.4574375 0.5227857
vt 0.4762112 0.5227857
vt 0.4584405 0.5643452
vt 0.4772142 0.5237888
vt 0.4772142 0.5643452
vt 0.501003 0.5633422
vt 0.501003 0.5227857
vt 0.5197767 0.5227857
vt 0.502006 0.5643452
vt 0.5207797 0.5237888
vt 0.5207797 0.5643452
vt 0.4574375 0.6069077
vt 0.4574375 0.5663512
vt 0.4762112 0.5663512
vt 0.4584405 0.6079107
vt 0.4772142 0.5673542
vt 0.4772142 0.6079107
vt 0.501003 0.6069077
vt 0.501003 0.5663512
vt 0.5197767 0.5663512
vt 0.4802233 0.6079107
vt 0.498997 0.5673542
vt 0.498997 0.6079107
vt 0.04055645 0.04356548
vt 0.02178274 0.04356548
vt 0.02178274 0.06233919
vt 0 0.06233919
vt 0.01877371 0.04356548
vt 0 0.04356548
vt 0.08412194 0.06534822
vt 0.06534822 0.06534822
vt 0.06534822 0.08412194
vt 0.04356548 0.08412194
vt 0.06233919 0.06534822
vt 0.04356548 0.06534822
vt 0.8356264 0.7841786
vt 0.8277441 0.7841786
vt 0.8277441 0.8029523
vt 0.8604182 0.8029523
vt 0.8683005 0.7841786
vt 0.8604182 0.7841786
vt 0.8574092 0.7841786
vt 0.8495268 0.7841786
vt 0.8495268 0.8029523
vt 0.8386354 0.824735
vt 0.8465178 0.8059614
vt 0.8386354 0.8059614
vt 0.8277441 0.824735
vt 0.8356264 0.8059614
vt 0.8277441 0.8059614
vt 0.5445685 0.4762112
vt 0.5633422 0.4356548
vt 0.5445685 0.4356548
vt 0.5227857 0.4356548
vt 0.5227857 0.4762112
vt 0.5415595 0.4356548
vt 0.6069077 0.4356548
vt 0.5881339 0.4762112
vt 0.5881339 0.4356548
vt 0.5851249 0.4356548
vt 0.5663512 0.4762112
vt 0.5663512 0.4356548
vt 0.5445685 0.5197767
vt 0.5445685 0.4792203
vt 0.5633422 0.4792203
vt 0.5227857 0.5197767
vt 0.5227857 0.4792203
vt 0.5415595 0.4792203
vt 0.6069077 0.4792203
vt 0.5881339 0.5197767
vt 0.5881339 0.4792203
vt 0.5663512 0.5197767
vt 0.5663512 0.4792203
vt 0.5851249 0.4792203
vt 0.8604182 0.824735
vt 0.8683005 0.8059614
vt 0.8604182 0.8059614
vt 0.3703066 0.5633422
vt 0.3703066 0.5227857
vt 0.3890803 0.5227857
vt 0.3485238 0.5227857
vt 0.3485238 0.5633422
vt 0.3672976 0.5227857
vt 0.4326457 0.5227857
vt 0.413872 0.5633422
vt 0.413872 0.5227857
vt 0.410863 0.5227857
vt 0.3920893 0.5633422
vt 0.3920893 0.5227857
vt 0.3703066 0.6069077
vt 0.3703066 0.5663512
vt 0.3890803 0.5663512
vt 0.3485238 0.6069077
vt 0.3485238 0.5663512
vt 0.3672976 0.5663512
vt 0.413872 0.6069077
vt 0.4326457 0.5663512
vt 0.413872 0.5663512
vt 0.410863 0.5663512
vt 0.3920893 0.5663512
vt 0.3920893 0.6069077
vt 0.5445685 0.3890803
vt 0.5445685 0.3485238
vt 0.5633422 0.3485238
vt 0.5415595 0.3485238
vt 0.5227857 0.3890803
vt 0.5227857 0.3485238
vt 0.6069077 0.3485238
vt 0.5881339 0.3485238
vt 0.5881339 0.3890803
vt 0.5861279 0.3495269
vt 0.5673542 0.3900833
vt 0.5861279 0.3900833
vt 0.5445685 0.4326457
vt 0.5633422 0.3920893
vt 0.5445685 0.3920893
vt 0.5415595 0.3920893
vt 0.5227857 0.3920893
vt 0.5227857 0.4326457
vt 0.6069077 0.3920893
vt 0.5881339 0.4326457
vt 0.5881339 0.3920893
vt 0.5851249 0.3920893
vt 0.5663512 0.3920893
vt 0.5663512 0.4326457
vt 0.8495268 0.8059614
vt 0.8574092 0.8059614
vt 0.8495268 0.824735
vt 0.2831756 0.5633422
vt 0.2831756 0.5227857
vt 0.3019493 0.5227857
vt 0.2801666 0.5227857
vt 0.2613929 0.5633422
vt 0.2613929 0.5227857
vt 0.3267411 0.5633422
vt 0.3267411 0.5227857
vt 0.3455148 0.5227857
vt 0.2831756 0.6069077
vt 0.2831756 0.5663512
vt 0.3019493 0.5663512
vt 0.2801666 0.5663512
vt 0.2613929 0.6069077
vt 0.2613929 0.5663512
vt 0.3455148 0.5663512
vt 0.3267411 0.6069077
vt 0.3267411 0.5663512
vt 0.3049583 0.6069077
vt 0.3237321 0.5663512
vt 0.3049583 0.5663512
vt 0.5633422 0.2613929
vt 0.5445685 0.2613929
vt 0.5445685 0.3019493
vt 0.08412194 0.04356548
vt 0.06534822 0.04356548
vt 0.06534822 0.06233919
vt 0.04356548 0.06233919
vt 0.06233919 0.04356548
vt 0.04356548 0.04356548
vt 0.824735 0.5445685
vt 0.8059614 0.5445685
vt 0.8059614 0.5633422
vt 0.7841786 0.5633422
vt 0.8029523 0.5445685
vt 0.7841786 0.5445685
vt 0.8059614 0.5415595
vt 0.8059614 0.5227857
vt 0.824735 0.5227857
vt 0.8029523 0.5227857
vt 0.7841786 0.5415595
vt 0.7841786 0.5227857
vt 0.5227857 0.3019493
vt 0.5227857 0.2613929
vt 0.5415595 0.2613929
vt 0.6069077 0.2613929
vt 0.5881339 0.3019493
vt 0.5881339 0.2613929
vt 0.5425625 0.2623959
vt 0.5425625 0.3029523
vt 0.5237888 0.3029523
vt 0.5633422 0.3049583
vt 0.5445685 0.3455148
vt 0.5445685 0.3049583
vt 0.5227857 0.3455148
vt 0.5227857 0.3049583
vt 0.5415595 0.3049583
vt 0.6069077 0.3049583
vt 0.5881339 0.3455148
vt 0.5881339 0.3049583
vt 0.5663512 0.3455148
vt 0.5663512 0.3049583
vt 0.5851249 0.3049583
vt 0.5633422 0.1742619
vt 0.5445685 0.2148184
vt 0.5445685 0.1742619
vt 0.8029523 0.7841786
vt 0.79507 0.7841786
vt 0.79507 0.8029523
vt 0.7841786 0.8029523
vt 0.792061 0.7841786
vt 0.7841786 0.7841786
vt 0.5227857 0.2148184
vt 0.5227857 0.1742619
vt 0.5415595 0.1742619
vt 0.6069077 0.1742619
vt 0.5881339 0.2148184
vt 0.5881339 0.1742619
vt 0.5663512 0.2148184
vt 0.5663512 0.1742619
vt 0.5851249 0.1742619
vt 0.5445685 0.2583838
vt 0.5445685 0.2178274
vt 0.5633422 0.2178274
vt 0.5415595 0.2178274
vt 0.5227857 0.2583838
vt 0.5227857 0.2178274
vt 0.6069077 0.2178274
vt 0.5881339 0.2583838
vt 0.5881339 0.2178274
vt 0.5663512 0.2583838
vt 0.5851249 0.2178274
vt 0.5663512 0.2178274
vt 0.2148184 0.5227857
vt 0.1960447 0.5227857
vt 0.1960447 0.5633422
vt 0.8683005 0.5445685
vt 0.8495268 0.5445685
vt 0.8495268 0.5633422
vt 0.8277441 0.5633422
vt 0.8465178 0.5445685
vt 0.8277441 0.5445685
vt 0.8683005 0.5227857
vt 0.8495268 0.5227857
vt 0.8495268 0.5415595
vt 0.8277441 0.5415595
vt 0.8465178 0.5227857
vt 0.8277441 0.5227857
vt 0.8059614 0.6069077
vt 0.8059614 0.5881339
vt 0.824735 0.5881339
vt 0.8029523 0.5881339
vt 0.7841786 0.6069077
vt 0.7841786 0.5881339
vt 0.824735 0.5663512
vt 0.8059614 0.5663512
vt 0.8059614 0.5851249
vt 0.7841786 0.5851249
vt 0.8029523 0.5663512
vt 0.7841786 0.5663512
vt 0.1742619 0.5633422
vt 0.1742619 0.5227857
vt 0.1930356 0.5227857
vt 0.2406131 0.5643452
vt 0.2593869 0.5237888
vt 0.2593869 0.5643452
vt 0.2178274 0.5633422
vt 0.2178274 0.5227857
vt 0.2366011 0.5227857
vt 0.2148184 0.5663512
vt 0.1960447 0.6069077
vt 0.1960447 0.5663512
vt 0.8683005 0.5881339
vt 0.8495268 0.5881339
vt 0.8495268 0.6069077
vt 0.8277441 0.6069077
vt 0.8465178 0.5881339
vt 0.8277441 0.5881339
vt 0.824735 0.7841786
vt 0.8168527 0.7841786
vt 0.8168527 0.8029523
vt 0.8059614 0.8029523
vt 0.8138437 0.7841786
vt 0.8059614 0.7841786
vt 0.79507 0.824735
vt 0.8029523 0.8059614
vt 0.79507 0.8059614
vt 0.1742619 0.6069077
vt 0.1930356 0.5663512
vt 0.1742619 0.5663512
vt 0.2396101 0.5663512
vt 0.2396101 0.6069077
vt 0.2583838 0.5663512
vt 0.5336771 0.7841786
vt 0.5361138 0.7841786
vt 0.5336771 0.824735
vt 0.5935796 0.824735
vt 0.5960163 0.7841786
vt 0.5935796 0.7841786
vt 0.5881339 0.824735
vt 0.5881339 0.7841786
vt 0.5905706 0.7841786
vt 0.604471 0.824735
vt 0.604471 0.7841786
vt 0.6069077 0.7841786
vt 0.6940386 0.9584405
vt 0.6099167 0.9584405
vt 0.6099167 0.9772143
vt 0.9594436 0.4336488
vt 0.9782172 0.3495269
vt 0.9782172 0.4336488
vt 0.9772143 0.3485238
vt 0.9584405 0.3485238
vt 0.9584405 0.4326457
vt 0.6109197 0.9782172
vt 0.6950417 0.9594436
vt 0.6950417 0.9782172
vt 0.2178274 0.5663512
vt 0.2366011 0.5663512
vt 0.2178274 0.6069077
vt 0.1089137 0.5633422
vt 0.1276874 0.5227857
vt 0.1089137 0.5227857
vt 0.08713096 0.5227857
vt 0.1059047 0.5227857
vt 0.08713096 0.5633422
vt 0.1524792 0.5633422
vt 0.1712529 0.5227857
vt 0.1524792 0.5227857
vt 0.1494702 0.5227857
vt 0.1306964 0.5227857
vt 0.1306964 0.5633422
vt 0.1089137 0.6069077
vt 0.1276874 0.5663512
vt 0.1089137 0.5663512
vt 0.08713096 0.6069077
vt 0.08713096 0.5663512
vt 0.1059047 0.5663512
vt 0.1712529 0.5663512
vt 0.1524792 0.6069077
vt 0.1524792 0.5663512
vt 0.6069077 0.9584405
vt 0.5227857 0.9584405
vt 0.5227857 0.9772143
vt 0.9772143 0.2613929
vt 0.9584405 0.3455148
vt 0.9584405 0.2613929
vt 0.1306964 0.6069077
vt 0.1306964 0.5663512
vt 0.1494702 0.5663512
vt 0.5455715 0.1286904
vt 0.5643452 0.08813397
vt 0.5643452 0.1286904
vt 0.5227857 0.1276874
vt 0.5227857 0.08713096
vt 0.5415595 0.08713096
vt 0.6069077 0.08713096
vt 0.5881339 0.1276874
vt 0.5881339 0.08713096
vt 0.5227857 0.1712529
vt 0.5227857 0.1306964
vt 0.5415595 0.1306964
vt 0.5237888 0.1722559
vt 0.5425625 0.1316994
vt 0.5425625 0.1722559
vt 0.5643452 0.1316994
vt 0.5643452 0.1722559
vt 0.5455715 0.1722559
vt 0.5633422 0.1306964
vt 0.5445685 0.1712529
vt 0.5445685 0.1306964
vt 0.5663512 0.1712529
vt 0.5663512 0.1306964
vt 0.5851249 0.1306964
vt 0.04055645 0.5227857
vt 0.02178274 0.5633422
vt 0.02178274 0.5227857
vt 0 0.5633422
vt 0 0.5227857
vt 0.01877371 0.5227857
vt 0.08412194 0.5227857
vt 0.06534822 0.5633422
vt 0.06534822 0.5227857
vt 0.06233919 0.5227857
vt 0.04356548 0.5227857
vt 0.04356548 0.5633422
vt 0.02178274 0.6069077
vt 0.04055645 0.5663512
vt 0.02178274 0.5663512
vt 0.2583838 0.9584405
vt 0.1742619 0.9584405
vt 0.1742619 0.998997
vt 0.9158781 0.6950417
vt 0.9564345 0.6109197
vt 0.9564345 0.6950417
vt 0.7811696 0.8713096
vt 0.6970477 0.8713096
vt 0.6970477 0.9118661
vt 0.9554315 0.6970477
vt 0.9148751 0.7811696
vt 0.9148751 0.6970477
vt 0.8683005 0.8713096
vt 0.7841786 0.8713096
vt 0.7841786 0.9118661
vt 0.998997 0
vt 0.9584405 0.08412194
vt 0.9584405 0
vt 0.1712529 0.9584405
vt 0.08713096 0.9584405
vt 0.08713096 0.998997
vt 0.9118661 0.6099167
vt 0.8713096 0.6940386
vt 0.8713096 0.6099167
vt 0 0.998997
vt 0 0.9584405
vt 0.08412194 0.9584405
vt 0.9148751 0.9554315
vt 0.9554315 0.8713096
vt 0.9148751 0.8713096
vt 0.8683005 0.9148751
vt 0.7841786 0.9148751
vt 0.7841786 0.9554315
vt 0.9118661 0.8713096
vt 0.8713096 0.9554315
vt 0.8713096 0.8713096
vt 0.6970477 0.9554315
vt 0.6970477 0.9148751
vt 0.7811696 0.9148751
vt 0.9148751 0.8683005
vt 0.9554315 0.7841786
vt 0.9148751 0.7841786
vt 0.6940386 0.6099167
vt 0.6099167 0.6099167
vt 0.6099167 0.6940386
vt 0.6950417 0.6109197
vt 0.6109197 0.6950417
vt 0.6950417 0.6950417
vt 0.6099167 0.9554315
vt 0.6099167 0.9148751
vt 0.6940386 0.9148751
vt 0.6109197 0.9564345
vt 0.6950417 0.9158781
vt 0.6950417 0.9564345
vt 0.9554315 0.6099167
vt 0.9148751 0.6099167
vt 0.9148751 0.6940386
vt 0.1752649 1
vt 0.2593869 0.9594436
vt 0.2593869 1
vt 0.9584405 0.2583838
vt 0.9584405 0.1742619
vt 0.9772143 0.1742619
vt 0.2613929 0.9772143
vt 0.3455148 0.9584405
vt 0.2613929 0.9584405
vt 0.3465178 0.9594436
vt 0.3465178 0.9782172
vt 0.2623959 0.9782172
vt 0.9584405 0.1712529
vt 0.9772143 0.08713096
vt 0.9584405 0.08713096
vt 0 0.5663512
vt 0 0.6069077
vt 0.01877371 0.5663512
vt 0.06534822 0.6069077
vt 0.06534822 0.5663512
vt 0.08412194 0.5663512
vt 0.06233919 0.5663512
vt 0.04356548 0.5663512
vt 0.04356548 0.6069077
vt 0.5445685 0.04055645
vt 0.5633422 0
vt 0.5445685 0
vt 0.5415595 0
vt 0.5227857 0.04055645
vt 0.5227857 0
vt 0.5881339 0.04055645
vt 0.5881339 0
vt 0.6069077 0
vt 0.5851249 0
vt 0.5663512 0
vt 0.5663512 0.04055645
vt 0.5445685 0.08412194
vt 0.5633422 0.04356548
vt 0.5445685 0.04356548
vt 0.5415595 0.04356548
vt 0.5227857 0.08412194
vt 0.5227857 0.04356548
vt 0.5881339 0.08412194
vt 0.5881339 0.04356548
vt 0.6069077 0.04356548
vt 0.5851249 0.04356548
vt 0.5663512 0.08412194
vt 0.5663512 0.04356548
vt 0.4762112 0.4356548
vt 0.4574375 0.4762112
vt 0.4574375 0.4356548
vt 0.1440245 0
vt 0.1415878 0.01877371
vt 0.1415878 0
vt 0.4544285 0.4356548
vt 0.4356548 0.4762112
vt 0.4356548 0.4356548
vt 0.501003 0.4762112
vt 0.5197767 0.4356548
vt 0.501003 0.4356548
vt 0.497994 0.4356548
vt 0.4792203 0.4356548
vt 0.4792203 0.4762112
vt 0.4574375 0.4792203
vt 0.4762112 0.4792203
vt 0.4574375 0.5197767
vt 0.1143594 0.06534822
vt 0.116796 0.06534822
vt 0.1143594 0.08412194
vt 0.4356548 0.5197767
vt 0.4544285 0.4792203
vt 0.4356548 0.4792203
vt 0.5197767 0.4792203
vt 0.501003 0.4792203
vt 0.501003 0.5197767
vt 0.497994 0.4792203
vt 0.4792203 0.5197767
vt 0.4792203 0.4792203
vt 0.4574375 0.3890803
vt 0.4574375 0.3485238
vt 0.4762112 0.3485238
vt 0.4544285 0.3485238
vt 0.4356548 0.3485238
vt 0.4356548 0.3890803
vt 0.501003 0.3890803
vt 0.501003 0.3485238
vt 0.5197767 0.3485238
vt 0.497994 0.3485238
vt 0.4792203 0.3890803
vt 0.4792203 0.3485238
vt 0.4574375 0.4326457
vt 0.4574375 0.3920893
vt 0.4762112 0.3920893
vt 0.4544285 0.3920893
vt 0.4356548 0.4326457
vt 0.4356548 0.3920893
vt 0.5197767 0.3920893
vt 0.501003 0.4326457
vt 0.501003 0.3920893
vt 0.4792203 0.4326457
vt 0.4792203 0.3920893
vt 0.497994 0.3920893
vt 0.3703066 0.4762112
vt 0.3703066 0.4356548
vt 0.3890803 0.4356548
vt 0.3485238 0.4762112
vt 0.3672976 0.4356548
vt 0.3485238 0.4356548
vt 0.4326457 0.4356548
vt 0.413872 0.4356548
vt 0.413872 0.4762112
vt 0.410863 0.4356548
vt 0.3920893 0.4762112
vt 0.3920893 0.4356548
vt 0.3900833 0.4802233
vt 0.3900833 0.5207797
vt 0.3713096 0.5207797
vt 0.3672976 0.4792203
vt 0.3485238 0.5197767
vt 0.3485238 0.4792203
vt 0.413872 0.5197767
vt 0.413872 0.4792203
vt 0.4326457 0.4792203
vt 0.410863 0.4792203
vt 0.3920893 0.4792203
vt 0.3920893 0.5197767
vt 0.4574375 0.3019493
vt 0.4762112 0.2613929
vt 0.4574375 0.2613929
vt 0.4544285 0.2613929
vt 0.4356548 0.2613929
vt 0.4356548 0.3019493
vt 0.501003 0.3019493
vt 0.5197767 0.2613929
vt 0.501003 0.2613929
vt 0.1524792 0.3019493
vt 0.1524792 0.2613929
vt 0.1603615 0.2613929
vt 0.09802233 0.2613929
vt 0.09802233 0.3019493
vt 0.1059047 0.2613929
vt 0.497994 0.2613929
vt 0.4792203 0.3019493
vt 0.4792203 0.2613929
vt 0.4574375 0.3455148
vt 0.4574375 0.3049583
vt 0.4762112 0.3049583
vt 0.08713096 0.2613929
vt 0.08713096 0.3019493
vt 0.0950133 0.2613929
vt 0.1198051 0.3019493
vt 0.1276874 0.2613929
vt 0.1198051 0.2613929
vt 0.1306964 0.05445685
vt 0.1385788 0.05445685
vt 0.1306964 0.06233919
vt 0.4544285 0.3049583
vt 0.4356548 0.3049583
vt 0.4356548 0.3455148
vt 0.5197767 0.3049583
vt 0.501003 0.3049583
vt 0.501003 0.3455148
vt 0.497994 0.3049583
vt 0.4792203 0.3455148
vt 0.4792203 0.3049583
vt 0.2831756 0.4762112
vt 0.3019493 0.4356548
vt 0.2831756 0.4356548
vt 0.2801666 0.4356548
vt 0.2613929 0.4356548
vt 0.2613929 0.4762112
vt 0.3267411 0.4762112
vt 0.3267411 0.4356548
vt 0.3455148 0.4356548
vt 0.3049583 0.4762112
vt 0.3237321 0.4356548
vt 0.3049583 0.4356548
vt 0.3019493 0.4792203
vt 0.2831756 0.5197767
vt 0.2831756 0.4792203
vt 0.1089137 0.2613929
vt 0.1089137 0.3019493
vt 0.116796 0.2613929
vt 0.3158498 0.1712529
vt 0.3158498 0.1306964
vt 0.3237321 0.1306964
vt 0.3049583 0.1712529
vt 0.3128407 0.1306964
vt 0.3049583 0.1306964
vt 0.8683005 0.5663512
vt 0.8495268 0.5851249
vt 0.8495268 0.5663512
vt 0.8277441 0.5851249
vt 0.8465178 0.5663512
vt 0.8277441 0.5663512
vt 0.2613929 0.5197767
vt 0.2801666 0.4792203
vt 0.2613929 0.4792203
vt 0.3267411 0.5197767
vt 0.3267411 0.4792203
vt 0.3455148 0.4792203
vt 0.3049583 0.5197767
vt 0.3237321 0.4792203
vt 0.3049583 0.4792203
vt 0.4574375 0.1742619
vt 0.4762112 0.1742619
vt 0.4574375 0.2148184
vt 0.4356548 0.2148184
vt 0.4356548 0.1742619
vt 0.4544285 0.1742619
vt 0.1089137 0.06534822
vt 0.1113504 0.06534822
vt 0.1089137 0.08412194
vt 0.501003 0.1742619
vt 0.5197767 0.1742619
vt 0.501003 0.2148184
vt 0.497994 0.1742619
vt 0.4792203 0.1742619
vt 0.4792203 0.2148184
vt 0.4762112 0.2178274
vt 0.4574375 0.2583838
vt 0.4574375 0.2178274
vt 0.4544285 0.2178274
vt 0.4356548 0.2178274
vt 0.4356548 0.2583838
vt 0.501003 0.2583838
vt 0.5197767 0.2178274
vt 0.501003 0.2178274
vt 0.4792203 0.2583838
vt 0.497994 0.2178274
vt 0.4792203 0.2178274
vt 0.2148184 0.4356548
vt 0.1960447 0.4356548
vt 0.1960447 0.4762112
vt 0.1742619 0.4762112
vt 0.1930356 0.4356548
vt 0.1742619 0.4356548
vt 0.1252508 0.06534822
vt 0.1276874 0.06534822
vt 0.1252508 0.08412194
vt 0.2583838 0.4356548
vt 0.2396101 0.4356548
vt 0.2396101 0.4762112
vt 0.2366011 0.4356548
vt 0.2178274 0.4356548
vt 0.2178274 0.4762112
vt 0.2148184 0.4792203
vt 0.1960447 0.5197767
vt 0.1960447 0.4792203
vt 0.1930356 0.4792203
vt 0.1742619 0.4792203
vt 0.1742619 0.5197767
vt 0.2396101 0.5197767
vt 0.2583838 0.4792203
vt 0.2396101 0.4792203
vt 0.2178274 0.5197767
vt 0.2366011 0.4792203
vt 0.2178274 0.4792203
vt 0.1276874 0.4356548
vt 0.1089137 0.4356548
vt 0.1089137 0.4762112
vt 0.08713096 0.4762112
vt 0.1059047 0.4356548
vt 0.08713096 0.4356548
vt 0.1524792 0.4762112
vt 0.1524792 0.4356548
vt 0.1712529 0.4356548
vt 0.1306964 0.4356548
vt 0.1306964 0.4762112
vt 0.1494702 0.4356548
vt 0.1089137 0.5197767
vt 0.1276874 0.4792203
vt 0.1089137 0.4792203
vt 0.08713096 0.5197767
vt 0.08713096 0.4792203
vt 0.1059047 0.4792203
vt 0.1524792 0.4792203
vt 0.1524792 0.5197767
vt 0.1712529 0.4792203
vt 0.7841786 0.8059614
vt 0.792061 0.8059614
vt 0.7841786 0.824735
vt 0.1494702 0.4792203
vt 0.1306964 0.4792203
vt 0.1306964 0.5197767
vt 0.4762112 0.08713096
vt 0.4574375 0.08713096
vt 0.4574375 0.1276874
vt 0.4544285 0.08713096
vt 0.4356548 0.1276874
vt 0.4356548 0.08713096
vt 0.5197767 0.08713096
vt 0.501003 0.08713096
vt 0.501003 0.1276874
vt 0.4792203 0.1276874
vt 0.497994 0.08713096
vt 0.4792203 0.08713096
vt 0.4574375 0.1712529
vt 0.4762112 0.1306964
vt 0.4574375 0.1306964
vt 0.4544285 0.1306964
vt 0.4356548 0.1306964
vt 0.4356548 0.1712529
vt 0.501003 0.1712529
vt 0.5197767 0.1306964
vt 0.501003 0.1306964
vt 0.1415878 0.04356548
vt 0.1415878 0.05144782
vt 0.1494702 0.04356548
vt 0.497994 0.1306964
vt 0.4792203 0.1306964
vt 0.4792203 0.1712529
vt 0.04055645 0.4356548
vt 0.02178274 0.4356548
vt 0.02178274 0.4762112
vt 0.01877371 0.4356548
vt 0 0.4762112
vt 0 0.4356548
vt 0.06534822 0.4762112
vt 0.08412194 0.4356548
vt 0.06534822 0.4356548
vt 0.06233919 0.4356548
vt 0.04356548 0.4356548
vt 0.04356548 0.4762112
vt 0.02178274 0.5197767
vt 0.02178274 0.4792203
vt 0.04055645 0.4792203
vt 0 0.5197767
vt 0.01877371 0.4792203
vt 0 0.4792203
vt 0.08412194 0.4792203
vt 0.06534822 0.5197767
vt 0.06534822 0.4792203
vt 0.04356548 0.5197767
vt 0.06233919 0.4792203
vt 0.04356548 0.4792203
vt 0.4762112 0
vt 0.4574375 0
vt 0.4574375 0.04055645
vt 0.4356548 0.04055645
vt 0.4544285 0
vt 0.4356548 0
vt 0.501003 0.04055645
vt 0.5197767 0
vt 0.501003 0
vt 0.497994 0
vt 0.4792203 0
vt 0.4792203 0.04055645
vt 0.4762112 0.04356548
vt 0.4574375 0.04356548
vt 0.4574375 0.08412194
vt 0.4356548 0.08412194
vt 0.4356548 0.04356548
vt 0.4544285 0.04356548
vt 0.5197767 0.04356548
vt 0.501003 0.08412194
vt 0.501003 0.04356548
vt 0.4792203 0.08412194
vt 0.497994 0.04356548
vt 0.4792203 0.04356548
vt 0.3890803 0.3485238
vt 0.3703066 0.3485238
vt 0.3703066 0.3890803
vt 0.3485238 0.3890803
vt 0.3672976 0.3485238
vt 0.3485238 0.3485238
vt 0.413872 0.3890803
vt 0.4326457 0.3485238
vt 0.413872 0.3485238
vt 0.410863 0.3485238
vt 0.3920893 0.3485238
vt 0.3920893 0.3890803
vt 0.3890803 0.3920893
vt 0.3703066 0.3920893
vt 0.3703066 0.4326457
vt 0.3485238 0.4326457
vt 0.3485238 0.3920893
vt 0.3672976 0.3920893
vt 0.4326457 0.3920893
vt 0.413872 0.4326457
vt 0.413872 0.3920893
vt 0.3920893 0.4326457
vt 0.410863 0.3920893
vt 0.3920893 0.3920893
vt 0.3019493 0.3485238
vt 0.2831756 0.3485238
vt 0.2831756 0.3890803
vt 0.2613929 0.3890803
vt 0.2801666 0.3485238
vt 0.2613929 0.3485238
vt 0.5990253 0.824735
vt 0.5990253 0.7841786
vt 0.601462 0.7841786
vt 0.5742335 0.7841786
vt 0.571797 0.7841786
vt 0.571797 0.824735
vt 0.5663512 0.824735
vt 0.5663512 0.7841786
vt 0.5687879 0.7841786
vt 0.3267411 0.3890803
vt 0.3455148 0.3485238
vt 0.3267411 0.3485238
vt 0.5826883 0.7841786
vt 0.5851249 0.7841786
vt 0.5826883 0.824735
vt 0.3237321 0.3485238
vt 0.3049583 0.3485238
vt 0.3049583 0.3890803
vt 0.2831756 0.4326457
vt 0.2831756 0.3920893
vt 0.3019493 0.3920893
vt 0.2801666 0.3920893
vt 0.2613929 0.4326457
vt 0.2613929 0.3920893
vt 0.1633705 0.06233919
vt 0.1658072 0.05445685
vt 0.1633705 0.05445685
vt 0.3267411 0.3920893
vt 0.3455148 0.3920893
vt 0.3267411 0.4326457
vt 0.1385788 0.04356548
vt 0.1306964 0.05144782
vt 0.1306964 0.04356548
vt 0.3049583 0.3920893
vt 0.3237321 0.3920893
vt 0.3049583 0.4326457
vt 0.3703066 0.3019493
vt 0.3890803 0.2613929
vt 0.3703066 0.2613929
vt 0.3485238 0.3019493
vt 0.3485238 0.2613929
vt 0.3672976 0.2613929
vt 0.413872 0.3019493
vt 0.413872 0.2613929
vt 0.4326457 0.2613929
vt 0.410863 0.2613929
vt 0.3920893 0.3019493
vt 0.3920893 0.2613929
vt 0.3890803 0.3049583
vt 0.3703066 0.3455148
vt 0.3703066 0.3049583
vt 0.4326457 0.3049583
vt 0.413872 0.3049583
vt 0.413872 0.3455148
vt 0.3900833 0.3059613
vt 0.3713096 0.3465178
vt 0.3900833 0.3465178
vt 0.9782172 0.1752649
vt 0.9594436 0.2593869
vt 0.9782172 0.2593869
vt 0.3485238 0.9772143
vt 0.3485238 0.9584405
vt 0.4326457 0.9584405
vt 0.4336488 0.9594436
vt 0.3495269 0.9782172
vt 0.4336488 0.9782172
vt 0.9782172 0.08813397
vt 0.9782172 0.1722559
vt 0.9594436 0.1722559
vt 0.7821726 0.001003009
vt 0.7633989 0.04155946
vt 0.7821726 0.04155946
vt 0.7416161 0.04155946
vt 0.7603899 0.04155946
vt 0.7603899 0.001003009
vt 0.7386071 0.04456849
vt 0.7198334 0.08512494
vt 0.7386071 0.08512494
vt 0.6980507 0.08512494
vt 0.7168244 0.08512494
vt 0.7168244 0.04456849
vt 0.7633989 0.08512494
vt 0.7821726 0.08512494
vt 0.7821726 0.04456849
vt 0.02278575 0.8910863
vt 0.03066809 0.8910863
vt 0.03066809 0.8723125
vt 0.1504731 0.01977672
vt 0.1480365 0.01977672
vt 0.1504731 0.001003009
vt 0.4148751 0.8039553
vt 0.4336488 0.8039553
vt 0.4336488 0.7851816
vt 0.01189438 0.912869
vt 0.01977672 0.912869
vt 0.01977672 0.8940954
vt 0.3930923 0.8039553
vt 0.411866 0.8039553
vt 0.411866 0.7851816
vt 0.7416161 0.08512494
vt 0.7603899 0.04456849
vt 0.7603899 0.08512494
vt 0.6514762 0.5237888
vt 0.6514762 0.5643452
vt 0.6327025 0.5643452
vt 0.6109197 0.5643452
vt 0.6296934 0.5237888
vt 0.6296934 0.5643452
vt 0.6762679 0.5643452
vt 0.6950417 0.5237888
vt 0.6950417 0.5643452
vt 0.6732589 0.5237888
vt 0.6732589 0.5643452
vt 0.6544852 0.5643452
vt 0.6514762 0.6079107
vt 0.6327025 0.6079107
vt 0.6514762 0.5673542
vt 0.6296934 0.6079107
vt 0.6109197 0.6079107
vt 0.6296934 0.5673542
vt 0.6762679 0.6079107
vt 0.6950417 0.5673542
vt 0.6950417 0.6079107
vt 0.6732589 0.5673542
vt 0.6732589 0.6079107
vt 0.6544852 0.6079107
vt 0.5455715 0.6514762
vt 0.5643452 0.6514762
vt 0.5643452 0.6109197
vt 0.5425625 0.6109197
vt 0.5237888 0.6514762
vt 0.5425625 0.6514762
vt 0.589137 0.6514762
vt 0.6079107 0.6109197
vt 0.6079107 0.6514762
vt 0.5861279 0.6109197
vt 0.5861279 0.6514762
vt 0.5673542 0.6514762
vt 0.5316711 0.8257381
vt 0.5316711 0.7851816
vt 0.5292345 0.8257381
vt 0.5262254 0.7851816
vt 0.5237888 0.8257381
vt 0.5262254 0.8257381
vt 0.5643452 0.6544852
vt 0.5455715 0.6950417
vt 0.5643452 0.6950417
vt 0.5237888 0.6950417
vt 0.5425625 0.6950417
vt 0.5425625 0.6544852
vt 0.589137 0.6950417
vt 0.6079107 0.6544852
vt 0.6079107 0.6950417
vt 0.5861279 0.6544852
vt 0.5861279 0.6950417
vt 0.5673542 0.6950417
vt 0.5425625 0.8257381
vt 0.5401258 0.8257381
vt 0.5425625 0.7851816
vt 0.6327025 0.4772142
vt 0.6514762 0.4366578
vt 0.6514762 0.4772142
vt 0.6296934 0.4366578
vt 0.6296934 0.4772142
vt 0.6109197 0.4772142
vt 0.6762679 0.4772142
vt 0.6950417 0.4772142
vt 0.6950417 0.4366578
vt 0.6732589 0.4366578
vt 0.6544852 0.4772142
vt 0.6732589 0.4772142
vt 0.008885351 0.8940954
vt 0.001003009 0.912869
vt 0.008885351 0.912869
vt 0.03367712 0.912869
vt 0.04155946 0.912869
vt 0.04155946 0.8940954
vt 0.6514762 0.4802233
vt 0.6514762 0.5207797
vt 0.6327025 0.5207797
vt 0.6109197 0.5207797
vt 0.6296934 0.4802233
vt 0.6296934 0.5207797
vt 0.6950417 0.5207797
vt 0.6950417 0.4802233
vt 0.6762679 0.5207797
vt 0.6732589 0.4802233
vt 0.6732589 0.5207797
vt 0.6544852 0.5207797
vt 0.20493 0.1752649
vt 0.20493 0.2158214
vt 0.1970477 0.2158214
vt 0.0633422 0.3465178
vt 0.0633422 0.3059613
vt 0.05545986 0.3465178
vt 0.05245083 0.3059613
vt 0.05245083 0.3465178
vt 0.04456849 0.3465178
vt 0.08512494 0.3465178
vt 0.08512494 0.3059613
vt 0.0772426 0.3465178
vt 0.07423357 0.3059613
vt 0.07423357 0.3465178
vt 0.06635123 0.3465178
vt 0.01977672 0.3465178
vt 0.01977672 0.3059613
vt 0.01189438 0.3465178
vt 0.008885351 0.3465178
vt 0.001003009 0.3465178
vt 0.008885351 0.3059613
vt 0.04155946 0.3059613
vt 0.03367712 0.3465178
vt 0.04155946 0.3465178
vt 0.03066809 0.3059613
vt 0.03066809 0.3465178
vt 0.02278575 0.3465178
vt 0.0633422 0.3029523
vt 0.0633422 0.2623959
vt 0.05545986 0.3029523
vt 0.05245083 0.3029523
vt 0.05245083 0.2623959
vt 0.04456849 0.3029523
vt 0.08512494 0.2623959
vt 0.08512494 0.3029523
vt 0.0772426 0.3029523
vt 0.07423357 0.2623959
vt 0.06635123 0.3029523
vt 0.07423357 0.3029523
vt 0.01977672 0.3029523
vt 0.01189438 0.3029523
vt 0.01977672 0.2623959
vt 0.4772142 0.6109197
vt 0.4584405 0.6514762
vt 0.4772142 0.6514762
vt 0.4366578 0.6514762
vt 0.4554315 0.6514762
vt 0.4554315 0.6109197
vt 0.008885351 0.2623959
vt 0.008885351 0.3029523
vt 0.001003009 0.3029523
vt 0.04155946 0.3029523
vt 0.04155946 0.2623959
vt 0.03367712 0.3029523
vt 0.5207797 0.6514762
vt 0.502006 0.6514762
vt 0.5207797 0.6109197
vt 0.498997 0.6109197
vt 0.4802233 0.6514762
vt 0.498997 0.6514762
vt 0.3713096 0.8693035
vt 0.3900833 0.8505298
vt 0.3900833 0.8693035
vt 0.3683006 0.8505298
vt 0.3683006 0.8693035
vt 0.3495269 0.8693035
vt 0.03066809 0.8940954
vt 0.02278575 0.912869
vt 0.03066809 0.912869
vt 0.8396385 0.8475208
vt 0.8475208 0.8475208
vt 0.8475208 0.8287471
vt 0.4772142 0.6544852
vt 0.4584405 0.6950417
vt 0.4772142 0.6950417
vt 0.4554315 0.6950417
vt 0.4366578 0.6950417
vt 0.4554315 0.6544852
vt 0.3900833 0.8287471
vt 0.3713096 0.8475208
vt 0.3900833 0.8475208
vt 0.3495269 0.8475208
vt 0.3683006 0.8475208
vt 0.3683006 0.8287471
vt 0.8366295 0.8287471
vt 0.8287471 0.8475208
vt 0.8366295 0.8475208
vt 0.8693035 0.8287471
vt 0.8693035 0.8475208
vt 0.8614212 0.8475208
vt 0.4336488 0.8505298
vt 0.4148751 0.8693035
vt 0.4336488 0.8693035
vt 0.3930923 0.8693035
vt 0.411866 0.8693035
vt 0.411866 0.8505298
vt 0.03066809 0.2623959
vt 0.02278575 0.3029523
vt 0.03066809 0.3029523
vt 0.3247351 0.08512494
vt 0.3168527 0.08512494
vt 0.3247351 0.04456849
vt 0.3138437 0.08512494
vt 0.3138437 0.04456849
vt 0.3059613 0.08512494
vt 0.3465178 0.04456849
vt 0.3465178 0.08512494
vt 0.3386355 0.08512494
vt 0.3356265 0.04456849
vt 0.3277441 0.08512494
vt 0.3356265 0.08512494
vt 0.2811696 0.04456849
vt 0.2732872 0.08512494
vt 0.2811696 0.08512494
vt 0.2702782 0.08512494
vt 0.2702782 0.04456849
vt 0.2623959 0.08512494
vt 0.3029523 0.04456849
vt 0.3029523 0.08512494
vt 0.29507 0.08512494
vt 0.2920609 0.04456849
vt 0.2920609 0.08512494
vt 0.2841786 0.08512494
vt 0.3247351 0.04155946
vt 0.3168527 0.04155946
vt 0.3247351 0.001003009
vt 0.3138437 0.04155946
vt 0.3138437 0.001003009
vt 0.3059613 0.04155946
vt 0.3465178 0.001003009
vt 0.3465178 0.04155946
vt 0.3386355 0.04155946
vt 0.3356265 0.001003009
vt 0.3277441 0.04155946
vt 0.3356265 0.04155946
vt 0.2811696 0.04155946
vt 0.2732872 0.04155946
vt 0.2811696 0.001003009
vt 0.5207797 0.6544852
vt 0.5207797 0.6950417
vt 0.502006 0.6950417
vt 0.498997 0.6950417
vt 0.498997 0.6544852
vt 0.4802233 0.6950417
vt 0.2702782 0.04155946
vt 0.2623959 0.04155946
vt 0.2702782 0.001003009
vt 0.3029523 0.001003009
vt 0.29507 0.04155946
vt 0.3029523 0.04155946
vt 0.3900833 0.6109197
vt 0.3713096 0.6514762
vt 0.3900833 0.6514762
vt 0.2841786 0.04155946
vt 0.2920609 0.001003009
vt 0.2920609 0.04155946
vt 0.3683006 0.6514762
vt 0.3683006 0.6109197
vt 0.3495269 0.6514762
vt 0.4336488 0.6109197
vt 0.4336488 0.6514762
vt 0.4148751 0.6514762
vt 0.1504731 0.3465178
vt 0.1504731 0.3059613
vt 0.1425908 0.3465178
vt 0.1395818 0.3059613
vt 0.1395818 0.3465178
vt 0.1316994 0.3465178
vt 0.8584121 0.8287471
vt 0.8505298 0.8475208
vt 0.8584121 0.8475208
vt 0.8396385 0.8693035
vt 0.8475208 0.8693035
vt 0.8475208 0.8505298
vt 0.4336488 0.8287471
vt 0.4148751 0.8475208
vt 0.4336488 0.8475208
vt 0.3930923 0.8475208
vt 0.411866 0.8475208
vt 0.411866 0.8287471
vt 0.1722559 0.3059613
vt 0.1643736 0.3465178
vt 0.1722559 0.3465178
vt 0.1534822 0.3465178
vt 0.1613645 0.3465178
vt 0.1613645 0.3059613
vt 0.1069077 0.3059613
vt 0.09902534 0.3465178
vt 0.1069077 0.3465178
vt 0.09601631 0.3465178
vt 0.08813397 0.3465178
vt 0.09601631 0.3059613
vt 0.411866 0.6514762
vt 0.411866 0.6109197
vt 0.3930923 0.6514762
vt 0.3900833 0.6544852
vt 0.3900833 0.6950417
vt 0.3713096 0.6950417
vt 0.3683006 0.6544852
vt 0.3495269 0.6950417
vt 0.3683006 0.6950417
vt 0.4336488 0.6950417
vt 0.4148751 0.6950417
vt 0.4336488 0.6544852
vt 0.1286904 0.3465178
vt 0.1286904 0.3059613
vt 0.1208081 0.3465178
vt 0.1177991 0.3059613
vt 0.1177991 0.3465178
vt 0.1099167 0.3465178
vt 0.1504731 0.3029523
vt 0.1504731 0.2623959
vt 0.1425908 0.3029523
vt 0.1395818 0.2623959
vt 0.1395818 0.3029523
vt 0.1316994 0.3029523
vt 0.411866 0.6950417
vt 0.411866 0.6544852
vt 0.3930923 0.6950417
vt 0.6514762 0.3495269
vt 0.6514762 0.3900833
vt 0.6327025 0.3900833
vt 0.6296934 0.3495269
vt 0.6109197 0.3900833
vt 0.6296934 0.3900833
vt 0.6950417 0.3900833
vt 0.6762679 0.3900833
vt 0.6950417 0.3495269
vt 0.6732589 0.3495269
vt 0.6732589 0.3900833
vt 0.6544852 0.3900833
vt 0.6514762 0.4336488
vt 0.6327025 0.4336488
vt 0.6514762 0.3930923
vt 0.6296934 0.3930923
vt 0.6296934 0.4336488
vt 0.6109197 0.4336488
vt 0.6950417 0.4336488
vt 0.6950417 0.3930923
vt 0.6762679 0.4336488
vt 0.8257381 0.4584405
vt 0.8069643 0.4772142
vt 0.8257381 0.4772142
vt 0.8039553 0.4584405
vt 0.8039553 0.4772142
vt 0.7851816 0.4772142
vt 0.6732589 0.4336488
vt 0.6732589 0.3930923
vt 0.6544852 0.4336488
vt 0.6514762 0.2623959
vt 0.6327025 0.3029523
vt 0.6514762 0.3029523
vt 0.6296934 0.2623959
vt 0.6109197 0.3029523
vt 0.6296934 0.3029523
vt 0.6950417 0.3029523
vt 0.6762679 0.3029523
vt 0.6950417 0.2623959
vt 0.8366295 0.8505298
vt 0.8287471 0.8693035
vt 0.8366295 0.8693035
vt 0.8693035 0.8505298
vt 0.8693035 0.8693035
vt 0.8614212 0.8693035
vt 0.8069643 0.4554315
vt 0.8257381 0.4366578
vt 0.8257381 0.4554315
vt 0.8584121 0.8505298
vt 0.8505298 0.8693035
vt 0.8584121 0.8693035
vt 0.8039553 0.8475208
vt 0.796073 0.8475208
vt 0.8039553 0.8287471
vt 0.7851816 0.4554315
vt 0.8039553 0.4366578
vt 0.8039553 0.4554315
vt 0.8693035 0.4584405
vt 0.8693035 0.4772142
vt 0.8505298 0.4772142
vt 0.6732589 0.2623959
vt 0.6544852 0.3029523
vt 0.6732589 0.3029523
vt 0.6514762 0.3465178
vt 0.6327025 0.3465178
vt 0.6514762 0.3059613
vt 0.6109197 0.3465178
vt 0.6296934 0.3465178
vt 0.6296934 0.3059613
vt 0.6762679 0.3465178
vt 0.6950417 0.3059613
vt 0.6950417 0.3465178
vt 0.7930639 0.8475208
vt 0.7851816 0.8475208
vt 0.7930639 0.8287471
vt 0.6544852 0.3465178
vt 0.6732589 0.3059613
vt 0.6732589 0.3465178
vt 0.3029523 0.6109197
vt 0.3029523 0.6514762
vt 0.2841786 0.6514762
vt 0.2811696 0.6514762
vt 0.2811696 0.6109197
vt 0.2623959 0.6514762
vt 0.3465178 0.6109197
vt 0.3465178 0.6514762
vt 0.3277441 0.6514762
vt 0.3247351 0.6109197
vt 0.3059613 0.6514762
vt 0.3247351 0.6514762
vt 0.3029523 0.6950417
vt 0.2841786 0.6950417
vt 0.3029523 0.6544852
vt 0.2811696 0.6544852
vt 0.2811696 0.6950417
vt 0.2623959 0.6950417
vt 0.3465178 0.6950417
vt 0.3465178 0.6544852
vt 0.3277441 0.6950417
vt 0.3059613 0.6950417
vt 0.3247351 0.6950417
vt 0.3247351 0.6544852
vt 0.2158214 0.6109197
vt 0.1970477 0.6514762
vt 0.2158214 0.6514762
vt 0.1940386 0.6109197
vt 0.1940386 0.6514762
vt 0.1752649 0.6514762
vt 0.2406131 0.6514762
vt 0.2593869 0.6109197
vt 0.2593869 0.6514762
vt 0.2376041 0.6514762
vt 0.2376041 0.6109197
vt 0.2188304 0.6514762
vt 0.2158214 0.6544852
vt 0.2158214 0.6950417
vt 0.1970477 0.6950417
vt 0.8475208 0.4584405
vt 0.8287471 0.4772142
vt 0.8475208 0.4772142
vt 0.8693035 0.4366578
vt 0.8693035 0.4554315
vt 0.8505298 0.4554315
vt 0.7851816 0.9782172
vt 0.8693035 0.9782172
vt 0.8693035 0.9594436
vt 0.9782172 0.6079107
vt 0.9782172 0.5237888
vt 0.9594436 0.6079107
vt 0.8475208 0.4366578
vt 0.8287471 0.4554315
vt 0.8475208 0.4554315
vt 0.8069643 0.5207797
vt 0.8257381 0.5207797
vt 0.8257381 0.502006
vt 0.1940386 0.6950417
vt 0.1940386 0.6544852
vt 0.1752649 0.6950417
vt 0.3920893 0.3455148
vt 0.3920893 0.3049583
vt 0.410863 0.3049583
vt 0.411866 0.3059613
vt 0.3930923 0.3465178
vt 0.411866 0.3465178
vt 0.2376041 0.6950417
vt 0.2188304 0.6950417
vt 0.2376041 0.6544852
vt 0.6514762 0.2158214
vt 0.6514762 0.1752649
vt 0.6327025 0.2158214
vt 0.3703066 0.2148184
vt 0.3703066 0.1742619
vt 0.3890803 0.1742619
vt 0.3900833 0.1752649
vt 0.3713096 0.2158214
vt 0.3900833 0.2158214
vt 0.6950417 0.2158214
vt 0.6762679 0.2158214
vt 0.6950417 0.1752649
vt 0.1722559 0.05545986
vt 0.1722559 0.0633422
vt 0.1698193 0.0633422
vt 0.6732589 0.2158214
vt 0.6732589 0.1752649
vt 0.6544852 0.2158214
vt 0.6514762 0.2188304
vt 0.6514762 0.2593869
vt 0.6327025 0.2593869
vt 0.6296934 0.2188304
vt 0.6109197 0.2593869
vt 0.6296934 0.2593869
vt 0.6950417 0.2593869
vt 0.6762679 0.2593869
vt 0.6950417 0.2188304
vt 0.7821726 0.9594436
vt 0.6980507 0.9782172
vt 0.7821726 0.9782172
vt 0.9782172 0.4366578
vt 0.9594436 0.5207797
vt 0.9782172 0.5207797
vt 0.6296934 0.1752649
vt 0.6109197 0.2158214
vt 0.6296934 0.2158214
vt 0.6732589 0.2593869
vt 0.6544852 0.2593869
vt 0.6732589 0.2188304
vt 0.1286904 0.6109197
vt 0.1099167 0.6514762
vt 0.1286904 0.6514762
vt 0.1069077 0.6514762
vt 0.08813397 0.6514762
vt 0.1069077 0.6109197
vt 0.1722559 0.2623959
vt 0.1643736 0.3029523
vt 0.1722559 0.3029523
vt 0.1534822 0.6514762
vt 0.1722559 0.6109197
vt 0.1722559 0.6514762
vt 0.8178557 0.8475208
vt 0.8257381 0.8475208
vt 0.8257381 0.8287471
vt 0.1504731 0.6109197
vt 0.1316994 0.6514762
vt 0.1504731 0.6514762
vt 0.1286904 0.6950417
vt 0.1099167 0.6950417
vt 0.1286904 0.6544852
vt 0.08813397 0.6950417
vt 0.1069077 0.6950417
vt 0.1069077 0.6544852
vt 0.1722559 0.6544852
vt 0.1534822 0.6950417
vt 0.1722559 0.6950417
vt 0.1316994 0.6950417
vt 0.1504731 0.6544852
vt 0.1504731 0.6950417
vt 0.6514762 0.08813397
vt 0.6514762 0.1286904
vt 0.6327025 0.1286904
vt 0.6762679 0.1286904
vt 0.6950417 0.08813397
vt 0.6950417 0.1286904
vt 0.6296934 0.08813397
vt 0.6296934 0.1286904
vt 0.6109197 0.1286904
vt 0.6544852 0.1286904
vt 0.6732589 0.08813397
vt 0.6732589 0.1286904
vt 0.6514762 0.1316994
vt 0.6327025 0.1722559
vt 0.6514762 0.1722559
vt 0.8039553 0.502006
vt 0.7851816 0.5207797
vt 0.8039553 0.5207797
vt 0.8069643 0.498997
vt 0.8257381 0.498997
vt 0.8257381 0.4802233
vt 0.8148467 0.8287471
vt 0.8148467 0.8475208
vt 0.8069643 0.8475208
vt 0.6296934 0.1316994
vt 0.6109197 0.1722559
vt 0.6296934 0.1722559
vt 0.6950417 0.1722559
vt 0.6762679 0.1722559
vt 0.6950417 0.1316994
vt 0.6544852 0.1722559
vt 0.6732589 0.1722559
vt 0.6732589 0.1316994
vt 0.02278575 0.6514762
vt 0.04155946 0.6514762
vt 0.04155946 0.6109197
vt 0.01977672 0.6109197
vt 0.001003009 0.6514762
vt 0.01977672 0.6514762
vt 0.08512494 0.6109197
vt 0.06635123 0.6514762
vt 0.08512494 0.6514762
vt 0.0633422 0.6109197
vt 0.0633422 0.6514762
vt 0.04456849 0.6514762
vt 0.02278575 0.6950417
vt 0.04155946 0.6544852
vt 0.04155946 0.6950417
vt 0.8039553 0.4802233
vt 0.7851816 0.498997
vt 0.8039553 0.498997
vt 0.8693035 0.502006
vt 0.8693035 0.5207797
vt 0.8505298 0.5207797
vt 0.8475208 0.502006
vt 0.8287471 0.5207797
vt 0.8475208 0.5207797
vt 0.8693035 0.4802233
vt 0.8693035 0.498997
vt 0.8505298 0.498997
vt 0.01977672 0.6544852
vt 0.001003009 0.6950417
vt 0.01977672 0.6950417
vt 0.06635123 0.6950417
vt 0.08512494 0.6950417
vt 0.08512494 0.6544852
vt 0.0633422 0.6950417
vt 0.0633422 0.6544852
vt 0.04456849 0.6950417
vt 0.6514762 0.001003009
vt 0.6514762 0.04155946
vt 0.6327025 0.04155946
vt 0.8475208 0.4802233
vt 0.8287471 0.498997
vt 0.8475208 0.498997
vt 0.4584405 0.8257381
vt 0.4772142 0.8257381
vt 0.4772142 0.8069643
vt 0.4554315 0.8069643
vt 0.4366578 0.8257381
vt 0.4554315 0.8257381
vt 0.796073 0.8693035
vt 0.8039553 0.8693035
vt 0.8039553 0.8505298
vt 0.4772142 0.7851816
vt 0.4584405 0.8039553
vt 0.4772142 0.8039553
vt 0.4366578 0.8039553
vt 0.4554315 0.8039553
vt 0.4554315 0.7851816
vt 0.5207797 0.8069643
vt 0.502006 0.8257381
vt 0.5207797 0.8257381
vt 0.4802233 0.8257381
vt 0.498997 0.8257381
vt 0.498997 0.8069643
vt 0.7930639 0.8505298
vt 0.7851816 0.8693035
vt 0.7930639 0.8693035
vt 0.502006 0.8039553
vt 0.5207797 0.8039553
vt 0.5207797 0.7851816
vt 0.498997 0.7851816
vt 0.4802233 0.8039553
vt 0.498997 0.8039553
vt 0.4772142 0.8505298
vt 0.4772142 0.8693035
vt 0.4584405 0.8693035
vt 0.8257381 0.8505298
vt 0.8257381 0.8693035
vt 0.8178557 0.8693035
vt 0.8148467 0.8505298
vt 0.8069643 0.8693035
vt 0.8148467 0.8693035
vt 0.8396385 0.8039553
vt 0.8475208 0.8039553
vt 0.8475208 0.7851816
vt 0.675265 0.04055645
vt 0.6940386 0
vt 0.675265 0
vt 0.6109197 0.04155946
vt 0.6296934 0.04155946
vt 0.6296934 0.001003009
vt 0.6514762 0.04456849
vt 0.6327025 0.08512494
vt 0.6514762 0.08512494
vt 0.6544852 0.04155946
vt 0.6732589 0.04155946
vt 0.6732589 0.001003009
vt 0.4366578 0.8693035
vt 0.4554315 0.8505298
vt 0.4554315 0.8693035
vt 0.4772142 0.8287471
vt 0.4772142 0.8475208
vt 0.4584405 0.8475208
vt 0.4554315 0.8287471
vt 0.4366578 0.8475208
vt 0.4554315 0.8475208
vt 0.675265 0.08412194
vt 0.6940386 0.04356548
vt 0.675265 0.04356548
vt 0.6109197 0.08512494
vt 0.6296934 0.08512494
vt 0.6296934 0.04456849
vt 0.6732589 0.04456849
vt 0.6544852 0.08512494
vt 0.6732589 0.08512494
vt 0.5425625 0.5237888
vt 0.5237888 0.5643452
vt 0.5425625 0.5643452
vt 0.589137 0.5643452
vt 0.6079107 0.5643452
vt 0.6079107 0.5237888
vt 0.5415595 0.5227857
vt 0.5227857 0.5227857
vt 0.5227857 0.5633422
vt 0.5861279 0.5237888
vt 0.5861279 0.5643452
vt 0.5673542 0.5643452
vt 0.5455715 0.6079107
vt 0.5643452 0.5673542
vt 0.5643452 0.6079107
vt 0.502006 0.8693035
vt 0.5207797 0.8505298
vt 0.5207797 0.8693035
vt 0.498997 0.8505298
vt 0.498997 0.8693035
vt 0.4802233 0.8693035
vt 0.5207797 0.8287471
vt 0.502006 0.8475208
vt 0.5207797 0.8475208
vt 0.4802233 0.8475208
vt 0.498997 0.8475208
vt 0.498997 0.8287471
vt 0.02278575 0.04155946
vt 0.04155946 0.02278575
vt 0.04155946 0.04155946
vt 0.01977672 0.02278575
vt 0.01977672 0.04155946
vt 0.001003009 0.04155946
vt 0.02278575 0.01977672
vt 0.04155946 0.001003009
vt 0.04155946 0.01977672
vt 0.01977672 0.001003009
vt 0.01977672 0.01977672
vt 0.001003009 0.01977672
vt 0.08512494 0.02278575
vt 0.06635123 0.04155946
vt 0.08512494 0.04155946
vt 0.04456849 0.04155946
vt 0.0633422 0.04155946
vt 0.0633422 0.02278575
vt 0.06635123 0.01977672
vt 0.08512494 0.001003009
vt 0.08512494 0.01977672
vt 0.0633422 0.001003009
vt 0.0633422 0.01977672
vt 0.04456849 0.01977672
vt 0.02278575 0.08512494
vt 0.04155946 0.06635123
vt 0.04155946 0.08512494
vt 0.01977672 0.06635123
vt 0.01977672 0.08512494
vt 0.001003009 0.08512494
vt 0.5425625 0.5673542
vt 0.5425625 0.6079107
vt 0.5237888 0.6079107
vt 0.6079107 0.6079107
vt 0.589137 0.6079107
vt 0.6079107 0.5673542
vt 0.5861279 0.5673542
vt 0.5673542 0.6079107
vt 0.5861279 0.6079107
vt 0.4356548 0.5633422
vt 0.4544285 0.5227857
vt 0.4356548 0.5227857
vt 0.4366578 0.5643452
vt 0.4554315 0.5643452
vt 0.4554315 0.5237888
vt 0.498997 0.5237888
vt 0.4802233 0.5643452
vt 0.498997 0.5643452
vt 0.497994 0.5227857
vt 0.4792203 0.5227857
vt 0.4792203 0.5633422
vt 0.4554315 0.5673542
vt 0.4366578 0.6079107
vt 0.4554315 0.6079107
vt 0.4544285 0.5663512
vt 0.4356548 0.5663512
vt 0.4356548 0.6069077
vt 0.5207797 0.5673542
vt 0.502006 0.6079107
vt 0.5207797 0.6079107
vt 0.497994 0.5663512
vt 0.4792203 0.5663512
vt 0.4792203 0.6069077
vt 0.02278575 0.0633422
vt 0.04155946 0.04456849
vt 0.04155946 0.0633422
vt 0.01977672 0.04456849
vt 0.01977672 0.0633422
vt 0.001003009 0.0633422
vt 0.06635123 0.08512494
vt 0.08512494 0.06635123
vt 0.08512494 0.08512494
vt 0.0633422 0.06635123
vt 0.0633422 0.08512494
vt 0.04456849 0.08512494
vt 0.8287471 0.8039553
vt 0.8366295 0.7851816
vt 0.8366295 0.8039553
vt 0.8693035 0.7851816
vt 0.8693035 0.8039553
vt 0.8614212 0.8039553
vt 0.8505298 0.8039553
vt 0.8584121 0.7851816
vt 0.8584121 0.8039553
vt 0.8475208 0.8069643
vt 0.8475208 0.8257381
vt 0.8396385 0.8257381
vt 0.8366295 0.8069643
vt 0.8366295 0.8257381
vt 0.8287471 0.8257381
vt 0.5643452 0.4366578
vt 0.5643452 0.4772142
vt 0.5455715 0.4772142
vt 0.5425625 0.4772142
vt 0.5237888 0.4772142
vt 0.5425625 0.4366578
vt 0.589137 0.4772142
vt 0.6079107 0.4772142
vt 0.6079107 0.4366578
vt 0.5673542 0.4772142
vt 0.5861279 0.4772142
vt 0.5861279 0.4366578
vt 0.5643452 0.4802233
vt 0.5455715 0.5207797
vt 0.5643452 0.5207797
vt 0.5425625 0.4802233
vt 0.5237888 0.5207797
vt 0.5425625 0.5207797
vt 0.589137 0.5207797
vt 0.6079107 0.5207797
vt 0.6079107 0.4802233
vt 0.5861279 0.4802233
vt 0.5673542 0.5207797
vt 0.5861279 0.5207797
vt 0.8693035 0.8069643
vt 0.8693035 0.8257381
vt 0.8614212 0.8257381
vt 0.3900833 0.5237888
vt 0.3713096 0.5643452
vt 0.3900833 0.5643452
vt 0.3683006 0.5643452
vt 0.3495269 0.5643452
vt 0.3683006 0.5237888
vt 0.4148751 0.5643452
vt 0.4336488 0.5643452
vt 0.4336488 0.5237888
vt 0.3930923 0.5643452
vt 0.411866 0.5643452
vt 0.411866 0.5237888
vt 0.3900833 0.5673542
vt 0.3713096 0.6079107
vt 0.3900833 0.6079107
vt 0.3683006 0.5673542
vt 0.3495269 0.6079107
vt 0.3683006 0.6079107
vt 0.4336488 0.5673542
vt 0.4336488 0.6079107
vt 0.4148751 0.6079107
vt 0.3930923 0.6079107
vt 0.411866 0.5673542
vt 0.411866 0.6079107
vt 0.5643452 0.3495269
vt 0.5455715 0.3900833
vt 0.5643452 0.3900833
vt 0.5237888 0.3900833
vt 0.5425625 0.3900833
vt 0.5425625 0.3495269
vt 0.589137 0.3900833
vt 0.6079107 0.3495269
vt 0.6079107 0.3900833
vt 0.5663512 0.3890803
vt 0.5663512 0.3485238
vt 0.5851249 0.3485238
vt 0.5643452 0.3930923
vt 0.5643452 0.4336488
vt 0.5455715 0.4336488
vt 0.5237888 0.4336488
vt 0.5425625 0.3930923
vt 0.5425625 0.4336488
vt 0.589137 0.4336488
vt 0.6079107 0.4336488
vt 0.6079107 0.3930923
vt 0.5673542 0.4336488
vt 0.5861279 0.3930923
vt 0.5861279 0.4336488
vt 0.8584121 0.8257381
vt 0.8584121 0.8069643
vt 0.8505298 0.8257381
vt 0.3029523 0.5237888
vt 0.2841786 0.5643452
vt 0.3029523 0.5643452
vt 0.2623959 0.5643452
vt 0.2811696 0.5643452
vt 0.2811696 0.5237888
vt 0.3465178 0.5237888
vt 0.3277441 0.5643452
vt 0.3465178 0.5643452
vt 0.3029523 0.5673542
vt 0.2841786 0.6079107
vt 0.3029523 0.6079107
vt 0.2623959 0.6079107
vt 0.2811696 0.6079107
vt 0.2811696 0.5673542
vt 0.3277441 0.6079107
vt 0.3465178 0.6079107
vt 0.3465178 0.5673542
vt 0.3247351 0.5673542
vt 0.3247351 0.6079107
vt 0.3059613 0.6079107
vt 0.5455715 0.3029523
vt 0.5643452 0.2623959
vt 0.5643452 0.3029523
vt 0.06635123 0.0633422
vt 0.08512494 0.04456849
vt 0.08512494 0.0633422
vt 0.0633422 0.04456849
vt 0.0633422 0.0633422
vt 0.04456849 0.0633422
vt 0.8069643 0.5643452
vt 0.8257381 0.5455715
vt 0.8257381 0.5643452
vt 0.8039553 0.5455715
vt 0.8039553 0.5643452
vt 0.7851816 0.5643452
vt 0.8257381 0.5237888
vt 0.8069643 0.5425625
vt 0.8257381 0.5425625
vt 0.7851816 0.5425625
vt 0.8039553 0.5425625
vt 0.8039553 0.5237888
vt 0.5861279 0.2623959
vt 0.5673542 0.3029523
vt 0.5861279 0.3029523
vt 0.589137 0.3029523
vt 0.6079107 0.3029523
vt 0.6079107 0.2623959
vt 0.5663512 0.3019493
vt 0.5851249 0.2613929
vt 0.5663512 0.2613929
vt 0.5455715 0.3465178
vt 0.5643452 0.3465178
vt 0.5643452 0.3059613
vt 0.5425625 0.3059613
vt 0.5237888 0.3465178
vt 0.5425625 0.3465178
vt 0.589137 0.3465178
vt 0.6079107 0.3465178
vt 0.6079107 0.3059613
vt 0.5861279 0.3059613
vt 0.5673542 0.3465178
vt 0.5861279 0.3465178
vt 0.5455715 0.2158214
vt 0.5643452 0.2158214
vt 0.5643452 0.1752649
vt 0.796073 0.8039553
vt 0.8039553 0.7851816
vt 0.8039553 0.8039553
vt 0.7930639 0.7851816
vt 0.7930639 0.8039553
vt 0.7851816 0.8039553
vt 0.5425625 0.1752649
vt 0.5237888 0.2158214
vt 0.5425625 0.2158214
vt 0.589137 0.2158214
vt 0.6079107 0.2158214
vt 0.6079107 0.1752649
vt 0.5861279 0.1752649
vt 0.5673542 0.2158214
vt 0.5861279 0.2158214
vt 0.5643452 0.2188304
vt 0.5455715 0.2593869
vt 0.5643452 0.2593869
vt 0.5237888 0.2593869
vt 0.5425625 0.2593869
vt 0.5425625 0.2188304
vt 0.589137 0.2593869
vt 0.6079107 0.2593869
vt 0.6079107 0.2188304
vt 0.5861279 0.2188304
vt 0.5861279 0.2593869
vt 0.5673542 0.2593869
vt 0.1970477 0.5643452
vt 0.2158214 0.5237888
vt 0.2158214 0.5643452
vt 0.8505298 0.5643452
vt 0.8693035 0.5455715
vt 0.8693035 0.5643452
vt 0.8475208 0.5455715
vt 0.8475208 0.5643452
vt 0.8287471 0.5643452
vt 0.8505298 0.5425625
vt 0.8693035 0.5237888
vt 0.8693035 0.5425625
vt 0.8475208 0.5237888
vt 0.8475208 0.5425625
vt 0.8287471 0.5425625
vt 0.8257381 0.589137
vt 0.8069643 0.6079107
vt 0.8257381 0.6079107
vt 0.7851816 0.6079107
vt 0.8039553 0.6079107
vt 0.8039553 0.589137
vt 0.8069643 0.5861279
vt 0.8257381 0.5673542
vt 0.8257381 0.5861279
vt 0.8039553 0.5673542
vt 0.8039553 0.5861279
vt 0.7851816 0.5861279
vt 0.2396101 0.5633422
vt 0.2583838 0.5227857
vt 0.2396101 0.5227857
vt 0.1752649 0.5643452
vt 0.1940386 0.5643452
vt 0.1940386 0.5237888
vt 0.2158214 0.5673542
vt 0.1970477 0.6079107
vt 0.2158214 0.6079107
vt 0.2188304 0.5643452
vt 0.2376041 0.5643452
vt 0.2376041 0.5237888
vt 0.8505298 0.6079107
vt 0.8693035 0.589137
vt 0.8693035 0.6079107
vt 0.8475208 0.589137
vt 0.8475208 0.6079107
vt 0.8287471 0.6079107
vt 0.8178557 0.8039553
vt 0.8257381 0.7851816
vt 0.8257381 0.8039553
vt 0.8148467 0.7851816
vt 0.8148467 0.8039553
vt 0.8069643 0.8039553
vt 0.8039553 0.8069643
vt 0.8039553 0.8257381
vt 0.796073 0.8257381
vt 0.1940386 0.5673542
vt 0.1940386 0.6079107
vt 0.1752649 0.6079107
vt 0.2593869 0.6079107
vt 0.2406131 0.6079107
vt 0.2593869 0.5673542
vt 0.5371168 0.8257381
vt 0.5371168 0.7851816
vt 0.5346801 0.8257381
vt 0.5970193 0.7851816
vt 0.5970193 0.8257381
vt 0.5945827 0.8257381
vt 0.5915737 0.7851816
vt 0.589137 0.8257381
vt 0.5915737 0.8257381
vt 0.6079107 0.7851816
vt 0.6054741 0.8257381
vt 0.6079107 0.8257381
vt 0.2376041 0.6079107
vt 0.2376041 0.5673542
vt 0.2188304 0.6079107
vt 0.1286904 0.5237888
vt 0.1286904 0.5643452
vt 0.1099167 0.5643452
vt 0.1069077 0.5643452
vt 0.1069077 0.5237888
vt 0.08813397 0.5643452
vt 0.1722559 0.5237888
vt 0.1722559 0.5643452
vt 0.1534822 0.5643452
vt 0.1316994 0.5643452
vt 0.1504731 0.5237888
vt 0.1504731 0.5643452
vt 0.1286904 0.5673542
vt 0.1286904 0.6079107
vt 0.1099167 0.6079107
vt 0.1069077 0.5673542
vt 0.08813397 0.6079107
vt 0.1069077 0.6079107
vt 0.1534822 0.6079107
vt 0.1722559 0.6079107
vt 0.1722559 0.5673542
vt 0.5237888 0.9782172
vt 0.6079107 0.9594436
vt 0.6079107 0.9782172
vt 0.9594436 0.3465178
vt 0.9782172 0.3465178
vt 0.9782172 0.2623959
vt 0.1504731 0.5673542
vt 0.1316994 0.6079107
vt 0.1504731 0.6079107
vt 0.5633422 0.08713096
vt 0.5445685 0.08713096
vt 0.5445685 0.1276874
vt 0.5425625 0.08813397
vt 0.5237888 0.1286904
vt 0.5425625 0.1286904
vt 0.589137 0.1286904
vt 0.6079107 0.1286904
vt 0.6079107 0.08813397
vt 0.6079107 0.1316994
vt 0.589137 0.1722559
vt 0.6079107 0.1722559
vt 0.6069077 0.1306964
vt 0.5881339 0.1306964
vt 0.5881339 0.1712529
vt 0.5663512 0.1276874
vt 0.5851249 0.08713096
vt 0.5663512 0.08713096
vt 0.5673542 0.1286904
vt 0.5861279 0.1286904
vt 0.5861279 0.08813397
vt 0.5861279 0.1316994
vt 0.5673542 0.1722559
vt 0.5861279 0.1722559
vt 0.02278575 0.5643452
vt 0.04155946 0.5643452
vt 0.04155946 0.5237888
vt 0.01977672 0.5237888
vt 0.001003009 0.5643452
vt 0.01977672 0.5643452
vt 0.06635123 0.5643452
vt 0.08512494 0.5643452
vt 0.08512494 0.5237888
vt 0.04456849 0.5643452
vt 0.0633422 0.5237888
vt 0.0633422 0.5643452
vt 0.04155946 0.5673542
vt 0.04155946 0.6079107
vt 0.02278575 0.6079107
vt 0.8713096 0.8683005
vt 0.9118661 0.7841786
vt 0.8713096 0.7841786
vt 0.8723125 0.8693035
vt 0.912869 0.8693035
vt 0.912869 0.7851816
vt 0.6980507 0.912869
vt 0.7821726 0.8723125
vt 0.7821726 0.912869
vt 0.9158781 0.7821726
vt 0.9564345 0.7821726
vt 0.9564345 0.6980507
vt 0.7851816 0.912869
vt 0.8693035 0.8723125
vt 0.8693035 0.912869
vt 0.9594436 0.08512494
vt 1 0.08512494
vt 1 0.001003009
vt 0.08813397 1
vt 0.1722559 0.9594436
vt 0.1722559 1
vt 0.8723125 0.6950417
vt 0.912869 0.6950417
vt 0.912869 0.6109197
vt 0.08512494 0.9594436
vt 0.001003009 1
vt 0.08512494 1
vt 0.9564345 0.8723125
vt 0.9564345 0.9564345
vt 0.9158781 0.9564345
vt 0.7851816 0.9564345
vt 0.8693035 0.9158781
vt 0.8693035 0.9564345
vt 0.8723125 0.9564345
vt 0.912869 0.9564345
vt 0.912869 0.8723125
vt 0.7821726 0.9158781
vt 0.6980507 0.9564345
vt 0.7821726 0.9564345
vt 0.9564345 0.7851816
vt 0.9564345 0.8693035
vt 0.9158781 0.8693035
vt 0.7811696 0.2613929
vt 0.6970477 0.3455148
vt 0.6970477 0.2613929
vt 0.7821726 0.2623959
vt 0.7821726 0.3465178
vt 0.6980507 0.3465178
vt 0.6099167 0.9118661
vt 0.6940386 0.8713096
vt 0.6099167 0.8713096
vt 0.6109197 0.912869
vt 0.6950417 0.912869
vt 0.6950417 0.8723125
vt 0.9118661 0.6970477
vt 0.8713096 0.7811696
vt 0.8713096 0.6970477
vt 0.912869 0.6980507
vt 0.912869 0.7821726
vt 0.8723125 0.7821726
vt 0.01977672 0.6079107
vt 0.001003009 0.6079107
vt 0.01977672 0.5673542
vt 0.08512494 0.5673542
vt 0.06635123 0.6079107
vt 0.08512494 0.6079107
vt 0.04456849 0.6079107
vt 0.0633422 0.5673542
vt 0.0633422 0.6079107
vt 0.5643452 0.001003009
vt 0.5643452 0.04155946
vt 0.5455715 0.04155946
vt 0.5237888 0.04155946
vt 0.5425625 0.04155946
vt 0.5425625 0.001003009
vt 0.6079107 0.001003009
vt 0.589137 0.04155946
vt 0.6079107 0.04155946
vt 0.5673542 0.04155946
vt 0.5861279 0.001003009
vt 0.5861279 0.04155946
vt 0.5643452 0.04456849
vt 0.5643452 0.08512494
vt 0.5455715 0.08512494
vt 0.5237888 0.08512494
vt 0.5425625 0.08512494
vt 0.5425625 0.04456849
vt 0.6079107 0.04456849
vt 0.589137 0.08512494
vt 0.6079107 0.08512494
vt 0.5673542 0.08512494
vt 0.5861279 0.08512494
vt 0.5861279 0.04456849
vt 0.4584405 0.4772142
vt 0.4772142 0.4772142
vt 0.4772142 0.4366578
vt 0.1425908 0.01977672
vt 0.1450275 0.01977672
vt 0.1450275 0.001003009
vt 0.4366578 0.4772142
vt 0.4554315 0.4772142
vt 0.4554315 0.4366578
vt 0.5207797 0.4366578
vt 0.5207797 0.4772142
vt 0.502006 0.4772142
vt 0.4802233 0.4772142
vt 0.498997 0.4366578
vt 0.498997 0.4772142
vt 0.4772142 0.5207797
vt 0.4772142 0.4802233
vt 0.4584405 0.5207797
vt 0.1177991 0.08512494
vt 0.1177991 0.06635123
vt 0.1153624 0.08512494
vt 0.4554315 0.4802233
vt 0.4554315 0.5207797
vt 0.4366578 0.5207797
vt 0.502006 0.5207797
vt 0.5207797 0.4802233
vt 0.5207797 0.5207797
vt 0.4802233 0.5207797
vt 0.498997 0.5207797
vt 0.498997 0.4802233
vt 0.4772142 0.3495269
vt 0.4584405 0.3900833
vt 0.4772142 0.3900833
vt 0.4366578 0.3900833
vt 0.4554315 0.3495269
vt 0.4554315 0.3900833
vt 0.5207797 0.3495269
vt 0.502006 0.3900833
vt 0.5207797 0.3900833
vt 0.4802233 0.3900833
vt 0.498997 0.3900833
vt 0.498997 0.3495269
vt 0.4772142 0.3930923
vt 0.4584405 0.4336488
vt 0.4772142 0.4336488
vt 0.4366578 0.4336488
vt 0.4554315 0.4336488
vt 0.4554315 0.3930923
vt 0.502006 0.4336488
vt 0.5207797 0.4336488
vt 0.5207797 0.3930923
vt 0.498997 0.3930923
vt 0.4802233 0.4336488
vt 0.498997 0.4336488
vt 0.3900833 0.4366578
vt 0.3713096 0.4772142
vt 0.3900833 0.4772142
vt 0.3683006 0.4366578
vt 0.3683006 0.4772142
vt 0.3495269 0.4772142
vt 0.4148751 0.4772142
vt 0.4336488 0.4366578
vt 0.4336488 0.4772142
vt 0.3930923 0.4772142
vt 0.411866 0.4772142
vt 0.411866 0.4366578
vt 0.3703066 0.5197767
vt 0.3890803 0.4792203
vt 0.3703066 0.4792203
vt 0.3495269 0.5207797
vt 0.3683006 0.5207797
vt 0.3683006 0.4802233
vt 0.4336488 0.4802233
vt 0.4148751 0.5207797
vt 0.4336488 0.5207797
vt 0.3930923 0.5207797
vt 0.411866 0.4802233
vt 0.411866 0.5207797
vt 0.4772142 0.2623959
vt 0.4772142 0.3029523
vt 0.4584405 0.3029523
vt 0.4366578 0.3029523
vt 0.4554315 0.2623959
vt 0.4554315 0.3029523
vt 0.5207797 0.2623959
vt 0.5207797 0.3029523
vt 0.502006 0.3029523
vt 0.1613645 0.2623959
vt 0.1534822 0.3029523
vt 0.1613645 0.3029523
vt 0.1069077 0.3029523
vt 0.09902534 0.3029523
vt 0.1069077 0.2623959
vt 0.4802233 0.3029523
vt 0.498997 0.3029523
vt 0.498997 0.2623959
vt 0.4772142 0.3059613
vt 0.4584405 0.3465178
vt 0.4772142 0.3465178
vt 0.09601631 0.3029523
vt 0.08813397 0.3029523
vt 0.09601631 0.2623959
vt 0.1286904 0.2623959
vt 0.1286904 0.3029523
vt 0.1208081 0.3029523
vt 0.1395818 0.0633422
vt 0.1395818 0.05545986
vt 0.1316994 0.0633422
vt 0.4366578 0.3465178
vt 0.4554315 0.3059613
vt 0.4554315 0.3465178
vt 0.502006 0.3465178
vt 0.5207797 0.3059613
vt 0.5207797 0.3465178
vt 0.4802233 0.3465178
vt 0.498997 0.3465178
vt 0.498997 0.3059613
vt 0.3029523 0.4366578
vt 0.3029523 0.4772142
vt 0.2841786 0.4772142
vt 0.2623959 0.4772142
vt 0.2811696 0.4366578
vt 0.2811696 0.4772142
vt 0.3465178 0.4366578
vt 0.3277441 0.4772142
vt 0.3465178 0.4772142
vt 0.3247351 0.4366578
vt 0.3247351 0.4772142
vt 0.3059613 0.4772142
vt 0.2841786 0.5207797
vt 0.3029523 0.5207797
vt 0.3029523 0.4802233
vt 0.1177991 0.3029523
vt 0.1099167 0.3029523
vt 0.1177991 0.2623959
vt 0.3247351 0.1316994
vt 0.3168527 0.1722559
vt 0.3247351 0.1722559
vt 0.3138437 0.1316994
vt 0.3138437 0.1722559
vt 0.3059613 0.1722559
vt 0.8505298 0.5861279
vt 0.8693035 0.5861279
vt 0.8693035 0.5673542
vt 0.8475208 0.5673542
vt 0.8475208 0.5861279
vt 0.8287471 0.5861279
vt 0.2811696 0.4802233
vt 0.2811696 0.5207797
vt 0.2623959 0.5207797
vt 0.3465178 0.4802233
vt 0.3277441 0.5207797
vt 0.3465178 0.5207797
vt 0.3247351 0.4802233
vt 0.3247351 0.5207797
vt 0.3059613 0.5207797
vt 0.4772142 0.2158214
vt 0.4772142 0.1752649
vt 0.4584405 0.2158214
vt 0.4554315 0.1752649
vt 0.4366578 0.2158214
vt 0.4554315 0.2158214
vt 0.1123534 0.08512494
vt 0.1123534 0.06635123
vt 0.1099167 0.08512494
vt 0.5207797 0.2158214
vt 0.5207797 0.1752649
vt 0.502006 0.2158214
vt 0.4802233 0.2158214
vt 0.498997 0.1752649
vt 0.498997 0.2158214
vt 0.4584405 0.2593869
vt 0.4772142 0.2593869
vt 0.4772142 0.2188304
vt 0.4366578 0.2593869
vt 0.4554315 0.2188304
vt 0.4554315 0.2593869
vt 0.5207797 0.2188304
vt 0.5207797 0.2593869
vt 0.502006 0.2593869
vt 0.498997 0.2188304
vt 0.498997 0.2593869
vt 0.4802233 0.2593869
vt 0.1970477 0.4772142
vt 0.2158214 0.4366578
vt 0.2158214 0.4772142
vt 0.1940386 0.4366578
vt 0.1940386 0.4772142
vt 0.1752649 0.4772142
vt 0.1286904 0.08512494
vt 0.1286904 0.06635123
vt 0.1262538 0.08512494
vt 0.2406131 0.4772142
vt 0.2593869 0.4366578
vt 0.2593869 0.4772142
vt 0.2188304 0.4772142
vt 0.2376041 0.4366578
vt 0.2376041 0.4772142
vt 0.1970477 0.5207797
vt 0.2158214 0.5207797
vt 0.2158214 0.4802233
vt 0.1752649 0.5207797
vt 0.1940386 0.4802233
vt 0.1940386 0.5207797
vt 0.2593869 0.4802233
vt 0.2593869 0.5207797
vt 0.2406131 0.5207797
vt 0.2376041 0.4802233
vt 0.2376041 0.5207797
vt 0.2188304 0.5207797
vt 0.1099167 0.4772142
vt 0.1286904 0.4366578
vt 0.1286904 0.4772142
vt 0.1069077 0.4366578
vt 0.1069077 0.4772142
vt 0.08813397 0.4772142
vt 0.1722559 0.4366578
vt 0.1534822 0.4772142
vt 0.1722559 0.4772142
vt 0.1504731 0.4772142
vt 0.1316994 0.4772142
vt 0.1504731 0.4366578
vt 0.1286904 0.4802233
vt 0.1286904 0.5207797
vt 0.1099167 0.5207797
vt 0.1069077 0.4802233
vt 0.08813397 0.5207797
vt 0.1069077 0.5207797
vt 0.1722559 0.5207797
vt 0.1534822 0.5207797
vt 0.1722559 0.4802233
vt 0.7930639 0.8257381
vt 0.7930639 0.8069643
vt 0.7851816 0.8257381
vt 0.1316994 0.5207797
vt 0.1504731 0.4802233
vt 0.1504731 0.5207797
vt 0.4584405 0.1286904
vt 0.4772142 0.08813397
vt 0.4772142 0.1286904
vt 0.4366578 0.1286904
vt 0.4554315 0.1286904
vt 0.4554315 0.08813397
vt 0.502006 0.1286904
vt 0.5207797 0.08813397
vt 0.5207797 0.1286904
vt 0.498997 0.08813397
vt 0.498997 0.1286904
vt 0.4802233 0.1286904
vt 0.4772142 0.1316994
vt 0.4772142 0.1722559
vt 0.4584405 0.1722559
vt 0.4366578 0.1722559
vt 0.4554315 0.1316994
vt 0.4554315 0.1722559
vt 0.5207797 0.1316994
vt 0.5207797 0.1722559
vt 0.502006 0.1722559
vt 0.1504731 0.05245083
vt 0.1425908 0.05245083
vt 0.1504731 0.04456849
vt 0.4802233 0.1722559
vt 0.498997 0.1316994
vt 0.498997 0.1722559
vt 0.02278575 0.4772142
vt 0.04155946 0.4366578
vt 0.04155946 0.4772142
vt 0.001003009 0.4772142
vt 0.01977672 0.4772142
vt 0.01977672 0.4366578
vt 0.08512494 0.4366578
vt 0.08512494 0.4772142
vt 0.06635123 0.4772142
vt 0.04456849 0.4772142
vt 0.0633422 0.4366578
vt 0.0633422 0.4772142
vt 0.04155946 0.4802233
vt 0.02278575 0.5207797
vt 0.04155946 0.5207797
vt 0.01977672 0.4802233
vt 0.01977672 0.5207797
vt 0.001003009 0.5207797
vt 0.06635123 0.5207797
vt 0.08512494 0.5207797
vt 0.08512494 0.4802233
vt 0.0633422 0.4802233
vt 0.0633422 0.5207797
vt 0.04456849 0.5207797
vt 0.4584405 0.04155946
vt 0.4772142 0.001003009
vt 0.4772142 0.04155946
vt 0.4554315 0.001003009
vt 0.4554315 0.04155946
vt 0.4366578 0.04155946
vt 0.5207797 0.001003009
vt 0.5207797 0.04155946
vt 0.502006 0.04155946
vt 0.4802233 0.04155946
vt 0.498997 0.001003009
vt 0.498997 0.04155946
vt 0.4584405 0.08512494
vt 0.4772142 0.04456849
vt 0.4772142 0.08512494
vt 0.4554315 0.04456849
vt 0.4366578 0.08512494
vt 0.4554315 0.08512494
vt 0.502006 0.08512494
vt 0.5207797 0.08512494
vt 0.5207797 0.04456849
vt 0.498997 0.04456849
vt 0.498997 0.08512494
vt 0.4802233 0.08512494
vt 0.3713096 0.3900833
vt 0.3900833 0.3495269
vt 0.3900833 0.3900833
vt 0.3683006 0.3495269
vt 0.3683006 0.3900833
vt 0.3495269 0.3900833
vt 0.4336488 0.3495269
vt 0.4336488 0.3900833
vt 0.4148751 0.3900833
vt 0.3930923 0.3900833
vt 0.411866 0.3495269
vt 0.411866 0.3900833
vt 0.3713096 0.4336488
vt 0.3900833 0.3930923
vt 0.3900833 0.4336488
vt 0.3683006 0.3930923
vt 0.3495269 0.4336488
vt 0.3683006 0.4336488
vt 0.4148751 0.4336488
vt 0.4336488 0.4336488
vt 0.4336488 0.3930923
vt 0.411866 0.3930923
vt 0.411866 0.4336488
vt 0.3930923 0.4336488
vt 0.2841786 0.3900833
vt 0.3029523 0.3495269
vt 0.3029523 0.3900833
vt 0.2811696 0.3495269
vt 0.2811696 0.3900833
vt 0.2623959 0.3900833
vt 0.602465 0.7851816
vt 0.6000283 0.8257381
vt 0.602465 0.8257381
vt 0.5727999 0.8257381
vt 0.5752366 0.7851816
vt 0.5752366 0.8257381
vt 0.5697909 0.7851816
vt 0.5673542 0.8257381
vt 0.5697909 0.8257381
vt 0.3465178 0.3495269
vt 0.3465178 0.3900833
vt 0.3277441 0.3900833
vt 0.5861279 0.8257381
vt 0.5861279 0.7851816
vt 0.5836913 0.8257381
vt 0.3059613 0.3900833
vt 0.3247351 0.3495269
vt 0.3247351 0.3900833
vt 0.3029523 0.3930923
vt 0.2841786 0.4336488
vt 0.3029523 0.4336488
vt 0.2623959 0.4336488
vt 0.2811696 0.4336488
vt 0.2811696 0.3930923
vt 0.1668102 0.05545986
vt 0.1668102 0.0633422
vt 0.1643736 0.0633422
vt 0.3465178 0.4336488
vt 0.3465178 0.3930923
vt 0.3277441 0.4336488
vt 0.1316994 0.05245083
vt 0.1395818 0.05245083
vt 0.1395818 0.04456849
vt 0.3247351 0.4336488
vt 0.3247351 0.3930923
vt 0.3059613 0.4336488
vt 0.3900833 0.2623959
vt 0.3900833 0.3029523
vt 0.3713096 0.3029523
vt 0.3683006 0.2623959
vt 0.3495269 0.3029523
vt 0.3683006 0.3029523
vt 0.4336488 0.2623959
vt 0.4148751 0.3029523
vt 0.4336488 0.3029523
vt 0.3930923 0.3029523
vt 0.411866 0.3029523
vt 0.411866 0.2623959
vt 0.3672976 0.3049583
vt 0.3485238 0.3049583
vt 0.3485238 0.3455148
vt 0.4148751 0.3465178
vt 0.4336488 0.3059613
vt 0.4336488 0.3465178
vt 0.3683006 0.3059613
vt 0.3683006 0.3465178
vt 0.3495269 0.3465178
vt 0.5772426 0.824735
vt 0.5796793 0.7841786
vt 0.5772426 0.7841786
vt 0.5524508 0.8277441
vt 0.5500142 0.8277441
vt 0.5500142 0.8683005
vt 0.8059614 0.6316995
vt 0.824735 0.6316995
vt 0.8059614 0.6504732
vt 0.1712529 0.1306964
vt 0.1306964 0.1712529
vt 0.1306964 0.1306964
vt 0.7841786 0.6504732
vt 0.8029523 0.6316995
vt 0.7841786 0.6316995
vt 0.8039553 0.6514762
vt 0.7851816 0.6514762
vt 0.8039553 0.6327025
vt 0.1722559 0.1316994
vt 0.1316994 0.1722559
vt 0.1722559 0.1722559
vt 0.8257381 0.6327025
vt 0.8069643 0.6514762
vt 0.8257381 0.6514762
vt 0.8059614 0.6099167
vt 0.824735 0.6099167
vt 0.8059614 0.6286904
vt 0.8257381 0.6296934
vt 0.8257381 0.6109197
vt 0.8069643 0.6296934
vt 0.8168527 0.8059614
vt 0.824735 0.8059614
vt 0.8168527 0.824735
vt 0.7841786 0.6099167
vt 0.7841786 0.6286904
vt 0.8029523 0.6099167
vt 0.8039553 0.6109197
vt 0.7851816 0.6296934
vt 0.8039553 0.6296934
vt 0.8495268 0.6504732
vt 0.8495268 0.6316995
vt 0.8683005 0.6316995
vt 0.8693035 0.6514762
vt 0.8505298 0.6514762
vt 0.8693035 0.6327025
vt 0.8257381 0.8257381
vt 0.8257381 0.8069643
vt 0.8178557 0.8257381
vt 0.8138437 0.8059614
vt 0.8059614 0.8059614
vt 0.8059614 0.824735
vt 0.7623959 0.8277441
vt 0.7623959 0.8465178
vt 0.7702782 0.8277441
vt 0.7494985 0.8287471
vt 0.7494985 0.8475208
vt 0.7416161 0.8475208
vt 0.7515045 0.8683005
vt 0.7515045 0.8495268
vt 0.7593868 0.8495268
vt 0.8277441 0.6316995
vt 0.8465178 0.6316995
vt 0.8277441 0.6504732
vt 0.7515045 0.8277441
vt 0.7593868 0.8277441
vt 0.7515045 0.8465178
vt 0.8683005 0.6099167
vt 0.8495268 0.6099167
vt 0.8495268 0.6286904
vt 0.7732872 0.8277441
vt 0.7732872 0.8465178
vt 0.7811696 0.8277441
vt 0.8465178 0.6099167
vt 0.8277441 0.6099167
vt 0.8277441 0.6286904
vt 0.8059614 0.6534822
vt 0.8059614 0.6722559
vt 0.824735 0.6534822
vt 0.7841786 0.6940386
vt 0.7841786 0.675265
vt 0.8029523 0.675265
vt 0.7841786 0.6722559
vt 0.7841786 0.6534822
vt 0.8029523 0.6534822
vt 0.8495268 0.675265
vt 0.8683005 0.675265
vt 0.8495268 0.6940386
vt 0.8257381 0.6950417
vt 0.8069643 0.6950417
vt 0.8257381 0.6762679
vt 0.8505298 0.6950417
vt 0.8693035 0.6950417
vt 0.8693035 0.6762679
vt 0.8039553 0.6950417
vt 0.8039553 0.6762679
vt 0.7851816 0.6950417
vt 0.8723125 0.01977672
vt 0.880195 0.01977672
vt 0.880195 0.001003009
vt 0.7406132 0.8495268
vt 0.7406132 0.8683005
vt 0.7484955 0.8495268
vt 0.912869 0.001003009
vt 0.912869 0.01977672
vt 0.9049867 0.01977672
vt 0.7732872 0.8683005
vt 0.7732872 0.8495268
vt 0.7811696 0.8495268
vt 0.8495268 0.6534822
vt 0.8683005 0.6534822
vt 0.8495268 0.6722559
vt 0.7623959 0.8495268
vt 0.7702782 0.8495268
vt 0.7623959 0.8683005
vt 0.8465178 0.6534822
vt 0.8277441 0.6534822
vt 0.8277441 0.6722559
vt 0.707939 0.8277441
vt 0.707939 0.8465178
vt 0.7158214 0.8277441
vt 0.70493 0.8277441
vt 0.6970477 0.8277441
vt 0.6970477 0.8465178
vt 0.6316995 0.8059614
vt 0.6316995 0.824735
vt 0.6504732 0.8059614
vt 0.7297218 0.8465178
vt 0.7297218 0.8277441
vt 0.7376041 0.8277441
vt 0.6099167 0.824735
vt 0.6099167 0.8059614
vt 0.6286904 0.8059614
vt 0.6316995 0.7841786
vt 0.6504732 0.7841786
vt 0.6316995 0.8029523
vt 0.7188304 0.8277441
vt 0.7267128 0.8277441
vt 0.7188304 0.8465178
vt 0.6286904 0.7841786
vt 0.6099167 0.7841786
vt 0.6099167 0.8029523
vt 0.7277158 0.8475208
vt 0.7277158 0.8287471
vt 0.7198334 0.8475208
vt 0.8059614 0.1306964
vt 0.824735 0.1306964
vt 0.8059614 0.1494702
vt 0.8039553 0.1722559
vt 0.8039553 0.1534822
vt 0.7851816 0.1722559
vt 0.8257381 0.1316994
vt 0.8257381 0.1504731
vt 0.8069643 0.1504731
vt 0.7841786 0.1712529
vt 0.8029523 0.1524792
vt 0.7841786 0.1524792
vt 0.8475208 0.1722559
vt 0.8287471 0.1722559
vt 0.8475208 0.1534822
vt 0.8277441 0.1524792
vt 0.8277441 0.1712529
vt 0.8465178 0.1524792
vt 0.8069643 0.8257381
vt 0.8148467 0.8069643
vt 0.8148467 0.8257381
vt 0.7712812 0.8475208
vt 0.7633989 0.8475208
vt 0.7712812 0.8287471
vt 0.7821726 0.8287471
vt 0.7742903 0.8475208
vt 0.7821726 0.8475208
vt 0.7603899 0.8505298
vt 0.7525075 0.8693035
vt 0.7603899 0.8693035
vt 0.8475208 0.6514762
vt 0.8475208 0.6327025
vt 0.8287471 0.6514762
vt 0.7603899 0.8475208
vt 0.7603899 0.8287471
vt 0.7525075 0.8475208
vt 0.8505298 0.6296934
vt 0.8693035 0.6109197
vt 0.8693035 0.6296934
vt 0.7406132 0.8277441
vt 0.7484955 0.8277441
vt 0.7406132 0.8465178
vt 0.675265 0.8059614
vt 0.6940386 0.8059614
vt 0.675265 0.824735
vt 0.6534822 0.8059614
vt 0.6534822 0.824735
vt 0.6722559 0.8059614
vt 0.6762679 0.8257381
vt 0.6950417 0.8069643
vt 0.6950417 0.8257381
vt 0.6940386 0.7841786
vt 0.675265 0.7841786
vt 0.675265 0.8029523
vt 0.6950417 0.8039553
vt 0.6762679 0.8039553
vt 0.6950417 0.7851816
vt 0.6732589 0.8257381
vt 0.6732589 0.8069643
vt 0.6544852 0.8257381
vt 0.707939 0.8495268
vt 0.7158214 0.8495268
vt 0.707939 0.8683005
vt 0.06534822 0.9148751
vt 0.06534822 0.9336488
vt 0.07323056 0.9148751
vt 0.70493 0.8495268
vt 0.6970477 0.8495268
vt 0.6970477 0.8683005
vt 0.05545986 0.9564345
vt 0.0633422 0.9564345
vt 0.0633422 0.9376608
vt 0.7297218 0.8683005
vt 0.7297218 0.8495268
vt 0.7376041 0.8495268
vt 0.05144782 0.9366578
vt 0.04356548 0.9554315
vt 0.04356548 0.9366578
vt 0.7386071 0.8505298
vt 0.7307248 0.8693035
vt 0.7386071 0.8693035
vt 0.07623959 0.9366578
vt 0.08412194 0.9366578
vt 0.07623959 0.9554315
vt 0.6980507 0.8693035
vt 0.705933 0.8505298
vt 0.705933 0.8693035
vt 0.7168244 0.8693035
vt 0.7168244 0.8505298
vt 0.7089421 0.8693035
vt 0.8287471 0.6296934
vt 0.8475208 0.6109197
vt 0.8475208 0.6296934
vt 0.8257381 0.6732589
vt 0.8069643 0.6732589
vt 0.8257381 0.6544852
vt 0.6534822 0.8029523
vt 0.6722559 0.7841786
vt 0.6534822 0.7841786
vt 0.8039553 0.6544852
vt 0.7851816 0.6732589
vt 0.8039553 0.6732589
vt 0.8277441 0.675265
vt 0.8277441 0.6940386
vt 0.8465178 0.675265
vt 0.8059614 0.675265
vt 0.8059614 0.6940386
vt 0.824735 0.675265
vt 0.8287471 0.6950417
vt 0.8475208 0.6762679
vt 0.8475208 0.6950417
vt 0.6732589 0.8039553
vt 0.6544852 0.8039553
vt 0.6732589 0.7851816
vt 0.8900833 0
vt 0.882201 0.01877371
vt 0.882201 0
vt 0.7494985 0.8693035
vt 0.7416161 0.8693035
vt 0.7494985 0.8505298
vt 0.9039837 0.01877371
vt 0.9118661 0
vt 0.9039837 0
vt 0.7821726 0.8505298
vt 0.7742903 0.8693035
vt 0.7821726 0.8693035
vt 0.8693035 0.6732589
vt 0.8693035 0.6544852
vt 0.8505298 0.6732589
vt 0.7712812 0.8693035
vt 0.7712812 0.8505298
vt 0.7633989 0.8693035
vt 0.8287471 0.6732589
vt 0.8475208 0.6544852
vt 0.8475208 0.6732589
vt 0.7168244 0.8475208
vt 0.7089421 0.8475208
vt 0.7168244 0.8287471
vt 0.7267128 0.8495268
vt 0.7188304 0.8683005
vt 0.7188304 0.8495268
vt 0.6514762 0.8257381
vt 0.6327025 0.8257381
vt 0.6514762 0.8069643
vt 0.7386071 0.8287471
vt 0.7307248 0.8475208
vt 0.7386071 0.8475208
vt 0.6296934 0.8069643
vt 0.6109197 0.8257381
vt 0.6296934 0.8257381
vt 0.6514762 0.8039553
vt 0.6514762 0.7851816
vt 0.6327025 0.8039553
vt 0.705933 0.8475208
vt 0.705933 0.8287471
vt 0.6980507 0.8475208
vt 0.6109197 0.8039553
vt 0.6296934 0.7851816
vt 0.6296934 0.8039553
vt 0.7277158 0.8693035
vt 0.7198334 0.8693035
vt 0.7277158 0.8505298
vt 0.3485238 0.2148184
vt 0.3672976 0.1742619
vt 0.3485238 0.1742619
vt 0.4326457 0.1742619
vt 0.413872 0.1742619
vt 0.413872 0.2148184
vt 0.3920893 0.2148184
vt 0.3920893 0.1742619
vt 0.410863 0.1742619
vt 0.3703066 0.2583838
vt 0.3703066 0.2178274
vt 0.3890803 0.2178274
vt 0.3672976 0.2178274
vt 0.3485238 0.2583838
vt 0.3485238 0.2178274
vt 0.4326457 0.2178274
vt 0.413872 0.2583838
vt 0.413872 0.2178274
vt 0.3920893 0.2583838
vt 0.410863 0.2178274
vt 0.3920893 0.2178274
vt 0.2148184 0.3485238
vt 0.1960447 0.3485238
vt 0.1960447 0.3890803
vt 0.5445685 0.8683005
vt 0.5470052 0.8277441
vt 0.5445685 0.8277441
vt 0.5609056 0.8277441
vt 0.5633422 0.8277441
vt 0.5609056 0.8683005
vt 0.5554599 0.8683005
vt 0.5554599 0.8277441
vt 0.5578966 0.8277441
vt 0.1742619 0.3890803
vt 0.1742619 0.3485238
vt 0.1930356 0.3485238
vt 0.5282314 0.8277441
vt 0.5282314 0.8683005
vt 0.5306681 0.8277441
vt 0.2583838 0.3485238
vt 0.2396101 0.3890803
vt 0.2396101 0.3485238
vt 0.2178274 0.3890803
vt 0.2366011 0.3485238
vt 0.2178274 0.3485238
vt 0.2148184 0.3920893
vt 0.1960447 0.3920893
vt 0.1960447 0.4326457
vt 0.1742619 0.4326457
vt 0.1930356 0.3920893
vt 0.1742619 0.3920893
vt 0.2583838 0.3920893
vt 0.2396101 0.3920893
vt 0.2396101 0.4326457
vt 0.2178274 0.4326457
vt 0.2178274 0.3920893
vt 0.2366011 0.3920893
vt 0.08713096 0.3890803
vt 0.08713096 0.3485238
vt 0.1059047 0.3485238
vt 0.1276874 0.3485238
vt 0.1089137 0.3890803
vt 0.1089137 0.3485238
vt 0.1712529 0.3485238
vt 0.1524792 0.3890803
vt 0.1524792 0.3485238
vt 0.3247351 0.5237888
vt 0.3059613 0.5643452
vt 0.3247351 0.5643452
vt 0.1494702 0.3485238
vt 0.1306964 0.3485238
vt 0.1306964 0.3890803
vt 0.1089137 0.4326457
vt 0.1276874 0.3920893
vt 0.1089137 0.3920893
vt 0.1059047 0.3920893
vt 0.08713096 0.3920893
vt 0.08713096 0.4326457
vt 0.5197767 0.9584405
vt 0.4356548 0.9584405
vt 0.4356548 0.9772143
vt 0.1524792 0.4326457
vt 0.1524792 0.3920893
vt 0.1712529 0.3920893
vt 0.1494702 0.3920893
vt 0.1306964 0.4326457
vt 0.1306964 0.3920893
vt 0.3890803 0.08713096
vt 0.3703066 0.1276874
vt 0.3703066 0.08713096
vt 0.3485238 0.1276874
vt 0.3672976 0.08713096
vt 0.3485238 0.08713096
vt 0.4326457 0.08713096
vt 0.413872 0.08713096
vt 0.413872 0.1276874
vt 0.3920893 0.1276874
vt 0.410863 0.08713096
vt 0.3920893 0.08713096
vt 0.3890803 0.1306964
vt 0.3703066 0.1306964
vt 0.3703066 0.1712529
vt 0.3485238 0.1712529
vt 0.3485238 0.1306964
vt 0.3672976 0.1306964
vt 0.413872 0.1712529
vt 0.413872 0.1306964
vt 0.4326457 0.1306964
vt 0.410863 0.1306964
vt 0.3920893 0.1712529
vt 0.3920893 0.1306964
vt 0.3890803 0
vt 0.3703066 0.04055645
vt 0.3703066 0
vt 0.3485238 0.04055645
vt 0.3672976 0
vt 0.3485238 0
vt 0.4326457 0
vt 0.413872 0
vt 0.413872 0.04055645
vt 0.5227857 0.8683005
vt 0.5227857 0.8277441
vt 0.5252224 0.8277441
vt 0.5806823 0.8257381
vt 0.5782456 0.8257381
vt 0.5806823 0.7851816
vt 0.5391228 0.8683005
vt 0.5391228 0.8277441
vt 0.5415595 0.8277441
vt 0.3920893 0.04055645
vt 0.3920893 0
vt 0.410863 0
vt 0.5336771 0.8277441
vt 0.5336771 0.8683005
vt 0.5361138 0.8277441
vt 0.3890803 0.04356548
vt 0.3703066 0.08412194
vt 0.3703066 0.04356548
vt 0.3485238 0.08412194
vt 0.3672976 0.04356548
vt 0.3485238 0.04356548
vt 0.4326457 0.04356548
vt 0.413872 0.04356548
vt 0.413872 0.08412194
vt 0.3920893 0.08412194
vt 0.410863 0.04356548
vt 0.3920893 0.04356548
vt 0.04055645 0.3485238
vt 0.02178274 0.3485238
vt 0.02178274 0.3890803
vt 0 0.3890803
vt 0 0.3485238
vt 0.01877371 0.3485238
vt 0.06534822 0.3890803
vt 0.06534822 0.3485238
vt 0.08412194 0.3485238
vt 0.06233919 0.3485238
vt 0.04356548 0.3890803
vt 0.04356548 0.3485238
vt 0.04055645 0.3920893
vt 0.02178274 0.4326457
vt 0.02178274 0.3920893
vt 0 0.4326457
vt 0.01877371 0.3920893
vt 0 0.3920893
vt 0.08412194 0.3920893
vt 0.06534822 0.3920893
vt 0.06534822 0.4326457
vt 0.04356548 0.4326457
vt 0.06233919 0.3920893
vt 0.04356548 0.3920893
vt 0.3019493 0.2613929
vt 0.2831756 0.2613929
vt 0.2831756 0.3019493
vt 0.2613929 0.3019493
vt 0.2613929 0.2613929
vt 0.2801666 0.2613929
vt 0.3267411 0.3019493
vt 0.3267411 0.2613929
vt 0.3455148 0.2613929
vt 0.3237321 0.2613929
vt 0.3049583 0.3019493
vt 0.3049583 0.2613929
vt 0.3019493 0.3049583
vt 0.2831756 0.3455148
vt 0.2831756 0.3049583
vt 0.2613929 0.3455148
vt 0.2801666 0.3049583
vt 0.2613929 0.3049583
vt 0.3455148 0.3049583
vt 0.3267411 0.3049583
vt 0.3267411 0.3455148
vt 0.3049583 0.3455148
vt 0.3237321 0.3049583
vt 0.3049583 0.3049583
vt 0.3019493 0.1742619
vt 0.2831756 0.1742619
vt 0.2831756 0.2148184
vt 0.2613929 0.2148184
vt 0.2613929 0.1742619
vt 0.2801666 0.1742619
vt 0.3049583 0.2148184
vt 0.3049583 0.1742619
vt 0.3237321 0.1742619
vt 0.3019493 0.2178274
vt 0.2831756 0.2583838
vt 0.2831756 0.2178274
vt 0.3455148 0.2178274
vt 0.3267411 0.2583838
vt 0.3267411 0.2178274
vt 0.2613929 0.2583838
vt 0.2801666 0.2178274
vt 0.2613929 0.2178274
vt 0.2623959 0.2158214
vt 0.2811696 0.2158214
vt 0.2811696 0.1752649
vt 0.3049583 0.2583838
vt 0.3237321 0.2178274
vt 0.3049583 0.2178274
vt 0.2148184 0.2613929
vt 0.1960447 0.2613929
vt 0.1960447 0.3019493
vt 0.1742619 0.3019493
vt 0.1742619 0.2613929
vt 0.1930356 0.2613929
vt 0.2396101 0.3019493
vt 0.2583838 0.2613929
vt 0.2396101 0.2613929
vt 0.2366011 0.2613929
vt 0.2178274 0.3019493
vt 0.2178274 0.2613929
vt 0.2148184 0.3049583
vt 0.1960447 0.3455148
vt 0.1960447 0.3049583
vt 0.1742619 0.3455148
vt 0.1742619 0.3049583
vt 0.1930356 0.3049583
vt 0.2583838 0.3049583
vt 0.2396101 0.3049583
vt 0.2396101 0.3455148
vt 0.2178274 0.3455148
vt 0.2366011 0.3049583
vt 0.2178274 0.3049583
vt 0.3019493 0.08713096
vt 0.2831756 0.08713096
vt 0.2831756 0.1276874
vt 0.2613929 0.1276874
vt 0.2613929 0.08713096
vt 0.2801666 0.08713096
vt 0.3267411 0.1276874
vt 0.3267411 0.08713096
vt 0.3455148 0.08713096
vt 0.3237321 0.08713096
vt 0.3049583 0.1276874
vt 0.3049583 0.08713096
vt 0.3019493 0.1306964
vt 0.2831756 0.1712529
vt 0.2831756 0.1306964
vt 0.2613929 0.1712529
vt 0.2613929 0.1306964
vt 0.2801666 0.1306964
vt 0.3267411 0.1306964
vt 0.3267411 0.1712529
vt 0.3455148 0.1306964
vt 0.6504732 0.8495268
vt 0.6316995 0.8495268
vt 0.6316995 0.8683005
vt 0.6099167 0.8683005
vt 0.6286904 0.8495268
vt 0.6099167 0.8495268
vt 0.6327025 0.8693035
vt 0.6514762 0.8505298
vt 0.6514762 0.8693035
vt 0.6316995 0.8465178
vt 0.6316995 0.8277441
vt 0.6504732 0.8277441
vt 0.6296934 0.8505298
vt 0.6296934 0.8693035
vt 0.6109197 0.8693035
vt 0.6286904 0.8277441
vt 0.6099167 0.8465178
vt 0.6099167 0.8277441
vt 0.6514762 0.8287471
vt 0.6327025 0.8475208
vt 0.6514762 0.8475208
vt 0.6109197 0.8475208
vt 0.6296934 0.8475208
vt 0.6296934 0.8287471
vt 0.6940386 0.8495268
vt 0.675265 0.8495268
vt 0.675265 0.8683005
vt 0.6534822 0.8683005
vt 0.6722559 0.8495268
vt 0.6534822 0.8495268
vt 0.6762679 0.8693035
vt 0.6950417 0.8505298
vt 0.6950417 0.8693035
vt 0.675265 0.8465178
vt 0.675265 0.8277441
vt 0.6940386 0.8277441
vt 0.6732589 0.8505298
vt 0.6732589 0.8693035
vt 0.6544852 0.8693035
vt 0.6722559 0.8277441
vt 0.6534822 0.8465178
vt 0.6534822 0.8277441
vt 0.6950417 0.8287471
vt 0.6762679 0.8475208
vt 0.6950417 0.8475208
vt 0.6544852 0.8475208
vt 0.6732589 0.8475208
vt 0.6732589 0.8287471
vt 0.824735 0.7188304
vt 0.8059614 0.7188304
vt 0.8059614 0.7376041
vt 0.7841786 0.7376041
vt 0.8029523 0.7188304
vt 0.7841786 0.7188304
vt 0.8069643 0.7386071
vt 0.8257381 0.7198334
vt 0.8257381 0.7386071
vt 0.8059614 0.7158214
vt 0.8059614 0.6970477
vt 0.824735 0.6970477
vt 0.8039553 0.7198334
vt 0.8039553 0.7386071
vt 0.7851816 0.7386071
vt 0.8029523 0.6970477
vt 0.7841786 0.7158214
vt 0.7841786 0.6970477
vt 0.8257381 0.6980507
vt 0.8069643 0.7168244
vt 0.8257381 0.7168244
vt 0.7851816 0.7168244
vt 0.8039553 0.7168244
vt 0.8039553 0.6980507
vt 0.8683005 0.7188304
vt 0.8495268 0.7188304
vt 0.8495268 0.7376041
vt 0.8277441 0.7376041
vt 0.8465178 0.7188304
vt 0.8277441 0.7188304
vt 0.8683005 0.6970477
vt 0.8495268 0.7158214
vt 0.8495268 0.6970477
vt 0.8475208 0.7198334
vt 0.8475208 0.7386071
vt 0.8287471 0.7386071
vt 0.8277441 0.7158214
vt 0.8277441 0.6970477
vt 0.8465178 0.6970477
vt 0.824735 0.7623959
vt 0.8059614 0.7811696
vt 0.8059614 0.7623959
vt 0.8475208 0.6980507
vt 0.8287471 0.7168244
vt 0.8475208 0.7168244
vt 0.8069643 0.7821726
vt 0.8257381 0.7821726
vt 0.8257381 0.7633989
vt 0.8505298 0.7168244
vt 0.8693035 0.7168244
vt 0.8693035 0.6980507
vt 0.7841786 0.7811696
vt 0.8029523 0.7623959
vt 0.7841786 0.7623959
vt 0.824735 0.7406132
vt 0.8059614 0.7593868
vt 0.8059614 0.7406132
vt 0.8039553 0.7633989
vt 0.8039553 0.7821726
vt 0.7851816 0.7821726
vt 0.7841786 0.7593868
vt 0.7841786 0.7406132
vt 0.8029523 0.7406132
vt 0.8505298 0.7386071
vt 0.8693035 0.7198334
vt 0.8693035 0.7386071
vt 0.8039553 0.7416161
vt 0.7851816 0.7603899
vt 0.8039553 0.7603899
vt 0.8069643 0.7603899
vt 0.8257381 0.7603899
vt 0.8257381 0.7416161
vt 0.8495268 0.7811696
vt 0.8495268 0.7623959
vt 0.8683005 0.7623959
vt 0.8683005 0.7406132
vt 0.8495268 0.7593868
vt 0.8495268 0.7406132
vt 0.8693035 0.7633989
vt 0.8505298 0.7821726
vt 0.8693035 0.7821726
vt 0.8465178 0.7406132
vt 0.8277441 0.7406132
vt 0.8277441 0.7593868
vt 0.8287471 0.7603899
vt 0.8475208 0.7603899
vt 0.8475208 0.7416161
vt 0.8475208 0.7633989
vt 0.8287471 0.7821726
vt 0.8475208 0.7821726
vt 0.8505298 0.7603899
vt 0.8693035 0.7416161
vt 0.8693035 0.7603899
vt 0.8277441 0.7811696
vt 0.8277441 0.7623959
vt 0.8465178 0.7623959
vt 0.3683006 0.1752649
vt 0.3683006 0.2158214
vt 0.3495269 0.2158214
vt 0.4148751 0.2158214
vt 0.4336488 0.1752649
vt 0.4336488 0.2158214
vt 0.411866 0.1752649
vt 0.3930923 0.2158214
vt 0.411866 0.2158214
vt 0.3900833 0.2188304
vt 0.3713096 0.2593869
vt 0.3900833 0.2593869
vt 0.3495269 0.2593869
vt 0.3683006 0.2593869
vt 0.3683006 0.2188304
vt 0.4148751 0.2593869
vt 0.4336488 0.2593869
vt 0.4336488 0.2188304
vt 0.411866 0.2188304
vt 0.411866 0.2593869
vt 0.3930923 0.2593869
vt 0.1970477 0.3900833
vt 0.2158214 0.3495269
vt 0.2158214 0.3900833
vt 0.5480081 0.8287471
vt 0.5480081 0.8693035
vt 0.5455715 0.8693035
vt 0.5643452 0.8693035
vt 0.5643452 0.8287471
vt 0.5619085 0.8693035
vt 0.5588995 0.8287471
vt 0.5564628 0.8693035
vt 0.5588995 0.8693035
vt 0.1940386 0.3495269
vt 0.1752649 0.3900833
vt 0.1940386 0.3900833
vt 0.5316711 0.8693035
vt 0.5292345 0.8693035
vt 0.5316711 0.8287471
vt 0.2406131 0.3900833
vt 0.2593869 0.3900833
vt 0.2593869 0.3495269
vt 0.2376041 0.3495269
vt 0.2376041 0.3900833
vt 0.2188304 0.3900833
vt 0.1970477 0.4336488
vt 0.2158214 0.3930923
vt 0.2158214 0.4336488
vt 0.1940386 0.3930923
vt 0.1940386 0.4336488
vt 0.1752649 0.4336488
vt 0.2406131 0.4336488
vt 0.2593869 0.3930923
vt 0.2593869 0.4336488
vt 0.2376041 0.3930923
vt 0.2188304 0.4336488
vt 0.2376041 0.4336488
vt 0.1069077 0.3495269
vt 0.08813397 0.3900833
vt 0.1069077 0.3900833
vt 0.1099167 0.3900833
vt 0.1286904 0.3900833
vt 0.1286904 0.3495269
vt 0.1534822 0.3900833
vt 0.1722559 0.3900833
vt 0.1722559 0.3495269
vt 0.3049583 0.5633422
vt 0.3049583 0.5227857
vt 0.3237321 0.5227857
vt 0.1316994 0.3900833
vt 0.1504731 0.3495269
vt 0.1504731 0.3900833
vt 0.1286904 0.3930923
vt 0.1286904 0.4336488
vt 0.1099167 0.4336488
vt 0.08813397 0.4336488
vt 0.1069077 0.3930923
vt 0.1069077 0.4336488
vt 0.4366578 0.9782172
vt 0.5207797 0.9594436
vt 0.5207797 0.9782172
vt 0.1722559 0.3930923
vt 0.1534822 0.4336488
vt 0.1722559 0.4336488
vt 0.1316994 0.4336488
vt 0.1504731 0.4336488
vt 0.1504731 0.3930923
vt 0.3713096 0.1286904
vt 0.3900833 0.1286904
vt 0.3900833 0.08813397
vt 0.3683006 0.08813397
vt 0.3683006 0.1286904
vt 0.3495269 0.1286904
vt 0.4148751 0.1286904
vt 0.4336488 0.08813397
vt 0.4336488 0.1286904
vt 0.411866 0.08813397
vt 0.411866 0.1286904
vt 0.3930923 0.1286904
vt 0.3713096 0.1722559
vt 0.3900833 0.1316994
vt 0.3900833 0.1722559
vt 0.3683006 0.1316994
vt 0.3495269 0.1722559
vt 0.3683006 0.1722559
vt 0.4336488 0.1316994
vt 0.4148751 0.1722559
vt 0.4336488 0.1722559
vt 0.3930923 0.1722559
vt 0.411866 0.1722559
vt 0.411866 0.1316994
vt 0.3713096 0.04155946
vt 0.3900833 0.04155946
vt 0.3900833 0.001003009
vt 0.3683006 0.001003009
vt 0.3683006 0.04155946
vt 0.3495269 0.04155946
vt 0.4148751 0.04155946
vt 0.4336488 0.001003009
vt 0.4336488 0.04155946
vt 0.5262254 0.8287471
vt 0.5237888 0.8693035
vt 0.5262254 0.8693035
vt 0.5534538 0.8693035
vt 0.5534538 0.8287471
vt 0.5510172 0.8693035
vt 0.5425625 0.8287471
vt 0.5401258 0.8693035
vt 0.5425625 0.8693035
vt 0.411866 0.001003009
vt 0.3930923 0.04155946
vt 0.411866 0.04155946
vt 0.5371168 0.8693035
vt 0.5346801 0.8693035
vt 0.5371168 0.8287471
vt 0.3713096 0.08512494
vt 0.3900833 0.08512494
vt 0.3900833 0.04456849
vt 0.3683006 0.04456849
vt 0.3683006 0.08512494
vt 0.3495269 0.08512494
vt 0.4148751 0.08512494
vt 0.4336488 0.04456849
vt 0.4336488 0.08512494
vt 0.411866 0.04456849
vt 0.411866 0.08512494
vt 0.3930923 0.08512494
vt 0.02278575 0.3900833
vt 0.04155946 0.3495269
vt 0.04155946 0.3900833
vt 0.01977672 0.3495269
vt 0.001003009 0.3900833
vt 0.01977672 0.3900833
vt 0.08512494 0.3495269
vt 0.06635123 0.3900833
vt 0.08512494 0.3900833
vt 0.04456849 0.3900833
vt 0.0633422 0.3900833
vt 0.0633422 0.3495269
vt 0.02278575 0.4336488
vt 0.04155946 0.4336488
vt 0.04155946 0.3930923
vt 0.01977672 0.3930923
vt 0.01977672 0.4336488
vt 0.001003009 0.4336488
vt 0.06635123 0.4336488
vt 0.08512494 0.3930923
vt 0.08512494 0.4336488
vt 0.0633422 0.3930923
vt 0.0633422 0.4336488
vt 0.04456849 0.4336488
vt 0.2841786 0.3029523
vt 0.3029523 0.2623959
vt 0.3029523 0.3029523
vt 0.2811696 0.2623959
vt 0.2623959 0.3029523
vt 0.2811696 0.3029523
vt 0.3465178 0.2623959
vt 0.3277441 0.3029523
vt 0.3465178 0.3029523
vt 0.3059613 0.3029523
vt 0.3247351 0.3029523
vt 0.3247351 0.2623959
vt 0.2841786 0.3465178
vt 0.3029523 0.3465178
vt 0.3029523 0.3059613
vt 0.2811696 0.3059613
vt 0.2811696 0.3465178
vt 0.2623959 0.3465178
vt 0.3277441 0.3465178
vt 0.3465178 0.3059613
vt 0.3465178 0.3465178
vt 0.3247351 0.3059613
vt 0.3247351 0.3465178
vt 0.3059613 0.3465178
vt 0.2841786 0.2158214
vt 0.3029523 0.1752649
vt 0.3029523 0.2158214
vt 0.3267411 0.2148184
vt 0.3455148 0.1742619
vt 0.3267411 0.1742619
vt 0.3247351 0.1752649
vt 0.3059613 0.2158214
vt 0.3247351 0.2158214
vt 0.2623959 0.2593869
vt 0.2811696 0.2593869
vt 0.2811696 0.2188304
vt 0.3277441 0.2593869
vt 0.3465178 0.2593869
vt 0.3465178 0.2188304
vt 0.3029523 0.2188304
vt 0.3029523 0.2593869
vt 0.2841786 0.2593869
vt 0.3277441 0.2158214
vt 0.3465178 0.1752649
vt 0.3465178 0.2158214
vt 0.3247351 0.2188304
vt 0.3247351 0.2593869
vt 0.3059613 0.2593869
vt 0.1970477 0.3029523
vt 0.2158214 0.2623959
vt 0.2158214 0.3029523
vt 0.1940386 0.2623959
vt 0.1752649 0.3029523
vt 0.1940386 0.3029523
vt 0.2593869 0.2623959
vt 0.2593869 0.3029523
vt 0.2406131 0.3029523
vt 0.2188304 0.3029523
vt 0.2376041 0.3029523
vt 0.2376041 0.2623959
vt 0.1970477 0.3465178
vt 0.2158214 0.3465178
vt 0.2158214 0.3059613
vt 0.1940386 0.3059613
vt 0.1752649 0.3465178
vt 0.1940386 0.3465178
vt 0.2406131 0.3465178
vt 0.2593869 0.3059613
vt 0.2593869 0.3465178
vt 0.7376041 0.8059614
vt 0.7188304 0.8059614
vt 0.7188304 0.824735
vt 0.6970477 0.824735
vt 0.7158214 0.8059614
vt 0.6970477 0.8059614
vt 0.7198334 0.8257381
vt 0.7386071 0.8069643
vt 0.7386071 0.8257381
vt 0.7188304 0.8029523
vt 0.7188304 0.7841786
vt 0.7376041 0.7841786
vt 0.7168244 0.8069643
vt 0.7168244 0.8257381
vt 0.6980507 0.8257381
vt 0.6970477 0.7841786
vt 0.7158214 0.7841786
vt 0.6970477 0.8029523
vt 0.7386071 0.7851816
vt 0.7198334 0.8039553
vt 0.7386071 0.8039553
vt 0.7168244 0.8039553
vt 0.7168244 0.7851816
vt 0.6980507 0.8039553
vt 0.7811696 0.8059614
vt 0.7623959 0.8059614
vt 0.7623959 0.824735
vt 0.7406132 0.824735
vt 0.7593868 0.8059614
vt 0.7406132 0.8059614
vt 0.7633989 0.8257381
vt 0.7821726 0.8069643
vt 0.7821726 0.8257381
vt 0.7811696 0.7841786
vt 0.7623959 0.8029523
vt 0.7623959 0.7841786
vt 0.7603899 0.8069643
vt 0.7603899 0.8257381
vt 0.7416161 0.8257381
vt 0.7593868 0.7841786
vt 0.7406132 0.8029523
vt 0.7406132 0.7841786
vt 0.7633989 0.8039553
vt 0.7821726 0.8039553
vt 0.7821726 0.7851816
vt 0.7416161 0.8039553
vt 0.7603899 0.8039553
vt 0.7603899 0.7851816
vt 0.2376041 0.3059613
vt 0.2376041 0.3465178
vt 0.2188304 0.3465178
vt 0.2841786 0.1286904
vt 0.3029523 0.08813397
vt 0.3029523 0.1286904
vt 0.2811696 0.08813397
vt 0.2623959 0.1286904
vt 0.2811696 0.1286904
vt 0.3465178 0.08813397
vt 0.3277441 0.1286904
vt 0.3465178 0.1286904
vt 0.3059613 0.1286904
vt 0.3247351 0.1286904
vt 0.3247351 0.08813397
vt 0.2841786 0.1722559
vt 0.3029523 0.1722559
vt 0.3029523 0.1316994
vt 0.2811696 0.1316994
vt 0.2623959 0.1722559
vt 0.2811696 0.1722559
vt 0.3465178 0.1722559
vt 0.3277441 0.1722559
vt 0.3465178 0.1316994
vt 0.1198051 0.06534822
vt 0.1222417 0.06534822
vt 0.1198051 0.08412194
vt 0.1232447 0.08512494
vt 0.1232447 0.06635123
vt 0.1208081 0.08512494

vn -0.1651707 0.9822655 0.08873107
vn 0.5848977 0.4773104 0.655797
vn -0.04943446 0.9987686 0.004190476
vn 0.6120989 0.7639123 -0.2043844
vn 0.5784121 0.5480444 -0.6042243
vn 0.5654078 -0.5654107 0.6005204
vn 0 -1 0
vn 0 1 0
vn 1.192093E-07 0 1
vn 0.1651707 0.9822655 0.08873104
vn -0.5848976 0.4773104 0.6557971
vn 0.04943446 0.9987686 0.004190468
vn -0.6120996 0.7639119 -0.2043842
vn -0.5784125 0.5480448 -0.6042235
vn -0.5654099 -0.5654094 0.6005199
vn 0.2923096 0.09336895 0.951755
vn 0.1837461 0.9829425 -0.007832019
vn 0.5254514 0.003362292 0.8508171
vn 0.1886922 0.119392 -0.9747518
vn 0.9987082 0.01054866 -0.04970902
vn 0.2534775 0.3713857 -0.8932087
vn 0.1525443 0.3206383 -0.9348377
vn 0.1813912 -0.1061098 -0.9776698
vn 0.3104097 0.9506029 -3.700372E-08
vn 0.1744661 0.07398247 0.9818801
vn 0.1362729 -0.9906713 -2.9703E-08
vn 0.07667635 0.06304163 0.9950612
vn 0.1810569 0.1221839 0.9758533
vn 0.03132068 0.0899688 0.9954521
vn 0.1019852 -0.8291306 -0.549674
vn 0.1814227 -0.1046008 -0.9778265
vn 0.1274983 -0.1418422 -0.9816442
vn 0.1808406 -0.9831253 0.02759136
vn 0.3787803 0.9254867 -4.515412E-08
vn 0.1113054 -0.9931152 0.03651279
vn 0.27953 -0.9589415 -0.0478977
vn 0.08984307 0.9959559 -1.071013E-08
vn 0.2872099 -0.9552866 -0.07027129
vn 0.5481934 0.8361986 0.01599959
vn 0.2989831 0.08234589 0.950699
vn 0.1593633 0.9867567 -0.03024157
vn 0.07648054 -0.09935067 -0.9921091
vn 0.1821237 -0.05725275 0.9816076
vn 0.1823457 0.02945444 0.9827934
vn 0.02290397 -0.6852074 -0.7279879
vn 0.09891815 0.04070416 -0.9942628
vn 0.1823895 0.07827538 0.9801058
vn 0.1742988 -0.08588633 -0.9809402
vn 0.1816811 0.08997894 0.9792324
vn 0.1821813 -0.05122532 -0.9819298
vn 0.1822768 0.03964425 0.9824478
vn 0.2725804 -0.9620495 -0.01267988
vn 0.2772294 -0.9608038 -3.304831E-08
vn 0.1918765 -0.9814191 -2.287345E-08
vn 0.2228301 -0.9748573 -2.656341E-08
vn 0.5616061 0.1665474 -0.8104695
vn 0.116219 -0.9930814 0.01680966
vn 0.1267844 -0.9913921 0.03267114
vn 0.2780271 0.002407774 -0.9605703
vn 0.1864961 -0.9823544 -0.0141073
vn 0.181833 0.9800512 -0.08022717
vn 0.2479496 -0.9687729 -2.955789E-08
vn 0.1819766 0.9808161 -0.06988753
vn 0.2052224 -0.9787154 -2.446441E-08
vn 0.2811807 -0.9596096 0.009316524
vn 0.2660098 0.9636079 0.02643074
vn 0.2045259 -0.9786413 0.0207457
vn 0.2337814 0.9720237 -0.0227215
vn 0.2452476 0.9694605 -2.923579E-08
vn 0.1879611 0.9814795 0.03699512
vn 0.1953967 -0.167377 0.9663361
vn 0.2816375 -0.9591202 0.02772586
vn 0.1145578 -0.05960477 -0.991627
vn 0.1954146 0.1668691 0.9664202
vn 0.2284266 -0.1490366 -0.9620861
vn 0.1942836 0.07580249 0.9780123
vn 0.2004347 -0.05861308 -0.9779523
vn 0.1240371 0.1999547 0.9719225
vn 0.1018368 0.5940249 -0.7979748
vn 0.2161778 -0.3781151 -0.9001647
vn 0.1286107 0.0986933 0.9867721
vn 0.1337278 -0.04937061 -0.9897877
vn 0.1978131 0.06185286 0.9782865
vn 0.1981066 -0.02975805 -0.9797288
vn 0.1360238 -0.9894712 -0.04944027
vn 0.1296393 -0.03852148 -0.9908128
vn 0.1200253 -0.9925478 -0.0210441
vn 0.1950914 -0.9806569 0.0158553
vn 0.1054613 -0.9940495 -0.02726576
vn 0.238539 0.04215241 -0.9702178
vn 0.04188567 -0.9984134 -0.03763344
vn 0.2160562 0.0910868 0.972123
vn 0.1752194 -0.9831451 0.05219049
vn 0.3096496 -0.01059132 0.9507918
vn 0.1792101 0.2478247 0.9520856
vn 0.1933526 -0.05118544 -0.9797934
vn 0.3156686 -0.0163739 0.9487284
vn 0.1395853 0.990209 -0.00143592
vn 0.1799256 0.9835788 0.01412484
vn 0.1097423 0.1657036 0.9800506
vn 0.03924428 -0.114342 -0.9926661
vn 0.2669409 0.04670221 -0.9625807
vn 0.1839394 -0.9827954 -0.01671697
vn 0.2500805 0.968141 0.0127601
vn 0.2973279 0.9547755 -3.544424E-08
vn 0.2021214 0.228497 0.9523321
vn 0.3204389 0.9472394 0.007515601
vn 0.135619 -0.9907611 -1.616704E-08
vn 0.239831 -0.970637 -0.01857201
vn 0.189556 -0.04810674 -0.9806908
vn 0.692646 -0.4075318 0.5951132
vn 0.1252636 -0.9917808 -0.02607313
vn 0.28501 0.1098547 0.9522087
vn 0.1934212 0.1226365 0.9734212
vn 0.1714107 0.05996922 0.9833729
vn 0.3842173 0.923122 -0.01492515
vn 0.4093708 0.9123682 8.042748E-07
vn 0.1775604 0.9836818 0.02902558
vn 0.1859855 -0.08531294 0.9788418
vn 0.1586588 0.1630153 0.9737832
vn 0.1583742 0.9870381 0.02594842
vn 0.1827488 0.04848973 -0.9819633
vn 0.2629037 -0.009060627 -0.9647796
vn 0.2632112 0.009246503 -0.964694
vn 0.2809066 -0.03502589 -0.9590959
vn 0.2829229 -0.009927269 0.9590914
vn 0.2823441 0.01007438 0.9592604
vn 0.2355801 -0.009314865 0.9718104
vn 0.2355471 0.00912658 0.9718202
vn 0.2860097 -0.008965719 -0.9581849
vn 0.2860102 0.008965527 -0.9581847
vn 0.3293181 -0.03505644 0.9435682
vn 0.3391528 -0.009879444 -0.9406796
vn 0.3391635 0.009736464 -0.9406772
vn 0.3596113 -1.20569E-07 0.9331024
vn 0.3009371 -1.00897E-07 -0.9536442
vn 0.3072751 -0.9514341 0.01884538
vn 0.2306556 -0.01058623 -0.972978
vn 0.1898153 -0.01816326 -0.9816519
vn 0.189833 0.01848448 -0.9816425
vn 0.2312845 0.01083658 -0.9728259
vn 0.1566153 -0.06921533 -0.9852315
vn 0.2151504 -0.01925653 -0.9763911
vn 0.1866615 -0.0002740791 -0.9824244
vn 0.2338854 0.3181285 -0.9187449
vn 0.2650398 0.006279381 0.9642172
vn 0.209611 -0.1050612 0.9721243
vn 0.2600988 0.9655323 0.009800448
vn 0.2486537 0.9685707 -0.006486144
vn 0.1465338 0.0002758447 0.9892058
vn 0.1393063 0.01984319 0.9900507
vn 0.1402477 0.01952332 0.9899241
vn 0.2723915 -9.132652E-08 0.9621866
vn 0.3064926 0.1668042 -0.937144
vn 0.2930984 -0.0640716 0.9539331
vn 0.3197309 -0.09250845 -0.9429818
vn 0.387056 -0.05450882 -0.9204438
vn 0.9963047 0.02834522 -0.08107895
vn 0.392835 -0.07517466 -0.9165313
vn 0.3929514 -0.1076254 0.9132394
vn 0.448473 -1.503623E-07 -0.8937966
vn 0.1868021 -6.263028E-08 0.9823977
vn 0.1697678 -5.691908E-08 0.9854842
vn 0.116051 -0.03851238 0.9924965
vn 0.2662831 -0.05404279 -0.9623787
vn 0.1972482 -0.03682369 -0.9796619
vn 0.2441273 -0.04242878 -0.9688147
vn 0.3386244 -0.05275475 0.9394417
vn 0.992735 -0.1090177 -0.05091792
vn 0.4360111 0.01707331 -0.8997795
vn 0.3090768 -0.007612682 0.9510068
vn 0.3093803 0.00727305 0.9509107
vn 0.327049 -0.01868358 -0.9448228
vn 0.2801397 0.018212 0.9597866
vn 0.2696449 -0.01826912 0.9627866
vn 0.2749432 -0.003799791 -0.9614531
vn 0.379666 -1.272932E-07 -0.9251238
vn 0.3495024 -1.171798E-07 -0.9369357
vn 0.3494303 -1.171557E-07 0.9369625
vn 0.3612422 -1.211158E-07 0.9324722
vn 0.3229831 0.025871 -0.9460512
vn 0.3979028 -0.08777325 0.9132193
vn 0.1955815 0.02593263 -0.9803447
vn 0.2086786 0.01526399 -0.9778653
vn 0.4312304 -0.147716 -0.8900678
vn 0.2955496 -9.909068E-08 0.9553275
vn 0.3670239 -0.6552548 0.6602536
vn 0.2418979 0.5202956 0.8190104
vn 0.3045712 0.368873 0.8781625
vn 0.1319698 -0.3091666 0.9418069
vn 0.2471257 -0.09875235 -0.9639383
vn 0.3078651 -1.032199E-07 -0.9514302
vn 0.3393633 -6.868002E-08 -0.9406555
vn 0.1493079 -6.043363E-08 0.9887909
vn 0.1350816 -4.025743E-08 0.9908346
vn 0.8340768 0.5509178 -0.02838627
vn 0.368234 0.566831 0.7369576
vn 0.8048682 -0.4213779 -0.4178852
vn 0.5351591 0.6193379 0.5744786
vn 0.6992266 0.5041641 -0.5068539
vn 0.7151841 0.4738807 -0.5137596
vn 0.09566484 -0.03792619 -0.994691
vn 0.5924041 0.5874155 0.5513626
vn 0.6532542 0.5752714 0.4922622
vn 0.6807907 0.5635118 0.4679515
vn 0.1792612 0.9803122 0.08278581
vn 0.7724359 0.4971043 0.3952598
vn 0.2977093 0.9546198 -0.008388916
vn 0.2813805 0.9591916 0.02786862
vn 0.6022017 0.5857819 -0.5424138
vn 0.0764217 0.1018602 -0.9918591
vn 0.6850908 0.6480113 -0.3327644
vn 0.2451226 0.9691758 -0.02476495
vn 0.6967636 -0.5322375 0.4808782
vn 0.7856972 0.5021841 -0.3612356
vn 0.367321 0.9300943 -4.378807E-08
vn 0.7020121 0.5655438 0.4328272
vn 0.2842595 0.9583441 -0.02780598
vn 0.7892167 0.4675538 -0.3981591
vn 0.7827906 0.4782135 0.3981845
vn 0.3547061 0.9347401 -0.02108415
vn 0.1758196 0.2420368 0.9542043
vn 0.3244688 0.0164525 0.9457535
vn 0.1702096 0.1881299 0.9672829
vn 0.2502215 0.1170342 0.9610892
vn 0.03379455 0.9978571 -0.05602812
vn 0.07933791 0.9876246 0.1352888
vn 0.07015526 0.9862127 0.1498756
vn 0.2197982 0.2453071 0.9441999
vn 0.4028098 0.04554962 0.9141497
vn 0.1094774 0.264183 0.9582392
vn 0.09041856 0.07473592 0.9930958
vn 0.3011435 0.04037557 -0.9527239
vn 0.270379 0.01059724 -0.9626958
vn 0.216586 0.06468034 -0.9741186
vn 0.9950224 -0.0996525 -1.186159E-07
vn 0.5793235 0.06534408 -0.8124745
vn 0.4594783 0.1526414 -0.8749746
vn 0.1747906 0.2702182 0.9468002
vn 0.3847219 0.07545429 0.9199435
vn 0.4823438 -1.571675E-07 -0.8759821
vn 0.3073652 0.06248634 -0.949538
vn 0.3492664 -1.171007E-07 -0.9370236
vn 0.2920802 -9.792745E-08 0.956394
vn 0.07858862 -0.9967282 0.01888631
vn 0.2909135 -1.083739E-07 -0.9567494
vn 0.1540157 -0.9880683 -1.83601E-08
vn 0.1754902 0.9826425 0.06014114
vn 0.2542998 -0.9671254 -3.03149E-08
vn 0.3167253 -0.9484938 0.006672924
vn 0.1762879 -0.9841076 -0.02132475
vn 0.2021088 -0.9791315 -0.0212969
vn 0.1819302 -0.9829291 -0.02741776
vn 0.1867798 -0.9818754 -0.03215501
vn 0.1552628 0.9657468 0.2079103
vn 0.1195002 -0.9926983 0.01642945
vn 0.295322 -0.9550861 0.02440485
vn 0.2158827 -7.238028E-08 -0.9764194
vn 0.3451254 -0.1860441 0.9199327
vn 0.2784649 0.0986011 -0.9553718
vn 0.0673347 -0.5350035 -0.8421624
vn 0.1733102 0.2585364 -0.9503277
vn 0.3833557 -0.04161156 0.922663
vn 0.2758601 0.03507909 0.9605576
vn 0.184311 -0.9821846 -0.03664692
vn 0.1170107 -0.9927878 -0.02609382
vn 0.1731173 -0.05063194 -0.983599
vn 0.2741086 -0.9592826 0.06812786
vn 0.1158976 0.1372076 -0.9837388
vn 0.4404952 0.897755 -5.251112E-08
vn 0.2611597 0.9652956 -3.113266E-08
vn 0.2574616 0.9662885 -3.069181E-08
vn 0.4011015 0.9160337 -4.781502E-08
vn 0.1922098 -6.262991E-08 -0.9813539
vn 0.1286037 0.05526479 -0.9901551
vn 0.2392812 -0.9707088 0.02165622
vn 0.2585312 -0.9656038 0.02776388
vn 0.1485082 0.9867814 0.06486857
vn 0.1389438 0.9890761 0.04922503
vn 0.3410611 -0.008795583 0.9400001
vn 0.2132464 -0.9756486 0.05133935
vn 0.4619481 -0.006733168 0.8868816
vn 0.3560567 -0.06328169 -0.9323193
vn 0.2672909 -0.01828155 -0.9634426
vn 0.2737851 0.09801918 0.9567832
vn 0.07898165 0.3109201 -0.9471488
vn 0.2864546 -0.8111612 -0.5098642
vn 0.2815872 0.03562492 -0.9588742
vn 0.285078 0.008968126 0.9584625
vn 0.2062652 -0.9781655 -0.02543582
vn 0.2057713 0.01688676 -0.9784545
vn 0.2468881 -0.9675997 -0.05288849
vn 0.2691001 0.9629394 -0.01824611
vn 0.1839261 -0.9829401 0.0002286754
vn 0.1870827 0.1967125 -0.9624471
vn 0.1335735 0.990862 -0.01872954
vn 0.3704257 -0.002328491 0.9288593
vn 0.06693961 0.9975613 -0.01975909
vn 0.324194 -0.9459907 -3.864693E-08
vn 0.2789871 -0.9602948 -3.325786E-08
vn 0.182451 -0.1081401 0.97725
vn 0.4824331 0.009529582 0.8758811
vn 0.27009 0.09211728 -0.9584185
vn 0.3508872 0.06275357 -0.9343128
vn 0.1688014 -0.1323772 0.9767204
vn 0.552938 -0.1460124 0.8203294
vn 0.3772678 -0.03921248 0.9252738
vn 0.3821471 -0.04259541 -0.9231194
vn 0.1306904 -0.9914232 -1.557951E-08
vn 0.1528529 -0.9882489 -1.822148E-08
vn 0.2891849 -0.07674221 0.9541923
vn 0.2144528 -0.9767243 -0.004438571
vn 0.4572052 -1.56944E-07 0.8893614
vn 0.2469483 0.9688013 0.02099303
vn 0.1881229 -0.9814301 -0.03747976
vn 0.2662835 0.05404258 -0.9623787
vn 0.3169498 0.09065886 -0.9440996
vn 0.215235 0.1598837 0.9633853
vn 0.2874947 0.05662062 0.9561073
vn 0.5139146 -0.2132113 0.830923
vn 0.06832653 0.9928852 0.09752128
vn 0.02074044 -0.9989248 -0.04146171
vn 0.2292453 0.9733084 0.01083198
vn 0.09806039 -0.02631596 0.9948326
vn 0.31573 0.03564017 0.9481796
vn 0.1102516 -3.696474E-08 -0.9939038
vn 0.1981066 0.02975769 -0.9797288
vn 0.1305816 0.0508521 -0.9901327
vn 0.1347596 -0.09715355 0.9861041
vn 0.1822702 -0.04054528 0.9824123
vn 0.1821813 0.05122501 -0.9819298
vn 0.180856 -0.130708 0.9747855
vn 0.1742791 0.08718714 -0.980829
vn 0.1736789 -0.1201117 0.9774503
vn 0.1817882 0.08322607 -0.9798095
vn 0.1889779 -0.9795626 0.06887974
vn 0.1563594 0.06769072 -0.985378
vn 0.1817072 0.08844338 0.9793674
vn 0.3200175 -1.072958E-07 0.9474117
vn 0.1156117 0.0640007 -0.9912306
vn 0.1181163 0.2468038 -0.9618403
vn 0.217119 -0.02118125 0.9759154
vn 0.2546172 -0.9669375 -0.01420773
vn 0.1125226 -0.1843203 0.9764041
vn 0.159335 0.9865816 0.03562553
vn 0.08994437 -0.04464938 0.9949456
vn 0.1821513 -0.05446583 0.981761
vn 0.2124055 0.233259 -0.9489333
vn 0.1931624 -0.1345063 0.9719036
vn 0.1848305 0.09129868 -0.9785205
vn 0.9935125 -0.1137149 -0.00147949
vn 0.2080299 0.02828882 -0.9777134
vn 0.1770104 -0.2417851 0.954048
vn 0.2919613 0.1164209 -0.9493182
vn 0.076611 -0.07997877 0.9938483
vn 0.173339 -1.82691E-07 0.9848624
vn 0.2435886 -0.06528123 -0.9676793
vn 0.1810157 -0.1782607 0.9671901
vn 1 -9.614456E-07 -2.456013E-07
vn 0.07356557 -0.9564312 0.2825377
vn 0.1868622 0.1819386 -0.9653916
vn 0.200904 -0.0737543 0.9768307
vn 0.2303699 0.04574054 -0.9720277
vn 0.1822913 -0.0382623 0.9825
vn 0.1809931 0.1249808 -0.9755109
vn 0.1814012 -0.1057278 0.9777094
vn 0.164613 0.1268537 -0.9781671
vn 0.2784432 -0.1882581 0.9418219
vn 0.04044315 0.1496572 -0.9879106
vn 0.1831834 -0.09200634 0.978764
vn 0.2594281 -0.2535213 0.9318928
vn 0.06963636 -0.8351135 0.5456522
vn 0.1597554 -0.4873357 0.8584767
vn 0.0849641 -0.5522919 0.8293099
vn 0.0313223 0.08877414 -0.9955593
vn 0.1818787 0.07728293 -0.9802794
vn 0.01733733 -0.8343086 0.5510251
vn -0.0173372 -0.8343086 0.5510252
vn 0.2594921 0.9418412 0.2135393
vn 0.09337697 0.007558364 -0.9956023
vn 0.1100972 -0.1007339 -0.988803
vn 0.1886781 -0.1182583 -0.9748927
vn 0.4580622 0.8889148 0.003090435
vn 0.2296991 0.9716702 0.05563697
vn 0.3336225 0.9423386 0.02634471
vn 0.1627102 0.01705658 -0.9865265
vn 0.1946993 0.978557 -0.06721902
vn 0.294259 0.955559 -0.01785272
vn 0.2313544 0.9704601 -0.06842715
vn 0.4201553 0.9052057 -0.06381427
vn 0.1824061 0.9831311 0.01346896
vn 0.0885255 0.9816416 -0.168947
vn 0.5347678 0.8327577 -0.1433117
vn 0.4345432 0.8986736 0.05964926
vn 0.1835736 0.9808474 0.06510886
vn 0.2470527 -8.049994E-08 0.9690021
vn -0.2923094 0.09336912 0.951755
vn -0.183746 0.9829426 -0.007831975
vn -0.525451 0.003362629 0.8508173
vn -0.1886924 0.1193922 -0.9747518
vn -0.9987082 0.01054928 -0.04970874
vn -0.2534778 0.3713859 -0.8932087
vn -0.1525445 0.3206384 -0.9348377
vn -0.1813915 -0.1061097 -0.9776698
vn -0.3104097 0.9506029 3.700371E-08
vn -0.1744658 0.0739826 0.9818801
vn -0.1362729 -0.9906713 5.478579E-09
vn -0.07667612 0.06304168 0.9950612
vn -0.1810566 0.122184 0.9758533
vn -0.03132045 0.08996883 0.9954521
vn -0.1019853 -0.8291305 -0.5496741
vn -0.181423 -0.1046007 -0.9778265
vn -0.1274985 -0.1418421 -0.9816442
vn -0.1808406 -0.9831253 0.0275914
vn -0.3787802 0.9254867 4.515411E-08
vn -0.1113054 -0.9931152 0.03651281
vn -0.27953 -0.9589415 -0.04789763
vn -0.08984307 0.9959559 1.071013E-08
vn -0.2872099 -0.9552866 -0.07027126
vn -0.5481932 0.8361987 0.01599973
vn -0.2989828 0.08234607 0.950699
vn -0.1593633 0.9867567 -0.03024154
vn -0.07648078 -0.09935062 -0.9921091
vn -0.1821235 -0.05725263 0.9816076
vn -0.1823455 0.02945456 0.9827934
vn -0.02290415 -0.6852074 -0.7279879
vn -0.09891839 0.04070424 -0.9942628
vn -0.1823893 0.07827552 0.9801058
vn -0.1742991 -0.08588623 -0.9809402
vn -0.1816809 0.08997907 0.9792324
vn -0.1821815 -0.0512252 -0.9819298
vn -0.1822765 0.03964436 0.9824478
vn -0.2725804 -0.9620495 -0.01267982
vn -0.2772294 -0.9608038 3.304832E-08
vn -0.1918765 -0.9814191 2.287346E-08
vn -0.2228301 -0.9748573 2.656342E-08
vn -0.5616063 0.1665477 -0.8104693
vn -0.116219 -0.9930814 0.01680969
vn -0.1267844 -0.9913921 0.03267117
vn -0.2780274 0.002407939 -0.9605702
vn -0.1864961 -0.9823544 -0.01410726
vn -0.181833 0.9800512 -0.08022711
vn -0.2479496 -0.9687729 2.955789E-08
vn -0.1819765 0.9808162 -0.06988748
vn -0.2052224 -0.9787154 2.446441E-08
vn -0.2811808 -0.9596096 0.0093166
vn -0.2660097 0.9636079 0.0264308
vn -0.204526 -0.9786413 0.02074575
vn -0.2337814 0.9720237 -0.02272144
vn -0.2452475 0.9694605 2.923578E-08
vn -0.187961 0.9814795 0.03699516
vn -0.1953965 -0.1673769 0.9663361
vn -0.2816376 -0.9591202 0.02772593
vn -0.114558 -0.05960469 -0.991627
vn -0.1954144 0.1668692 0.9664202
vn -0.2284269 -0.1490365 -0.962086
vn -0.1942834 0.07580262 0.9780123
vn -0.2004349 -0.05861296 -0.9779523
vn -0.1240369 0.1999547 0.9719224
vn -0.101837 0.5940251 -0.7979746
vn -0.216178 -0.378115 -0.9001646
vn -0.1286105 0.09869339 0.9867721
vn -0.133728 -0.04937055 -0.9897877
vn -0.1978129 0.061853 0.9782865
vn -0.1981068 -0.02975795 -0.9797288
vn -0.1360238 -0.9894712 -0.04944025
vn -0.1296396 -0.03852141 -0.9908128
vn -0.1200253 -0.9925478 -0.02104407
vn -0.1950914 -0.9806569 0.01585535
vn -0.1054614 -0.9940495 -0.02726574
vn -0.2385392 0.04215257 -0.9702177
vn -0.04188568 -0.9984134 -0.03763343
vn -0.216056 0.09108693 0.972123
vn -0.1752194 -0.9831451 0.05219053
vn -0.3096494 -0.0105911 0.950792
vn -0.1792099 0.2478248 0.9520856
vn -0.1933528 -0.05118531 -0.9797934
vn -0.3156683 -0.01637369 0.9487285
vn -0.1395852 0.990209 -0.001435887
vn -0.1799255 0.9835788 0.01412488
vn -0.1097421 0.1657037 0.9800506
vn -0.03924452 -0.114342 -0.9926661
vn -0.2669412 0.04670238 -0.9625807
vn -0.1839394 -0.9827954 -0.01671692
vn -0.2500804 0.968141 0.01276016
vn -0.2973278 0.9547755 3.544424E-08
vn -0.2021211 0.2284971 0.952332
vn -0.3204388 0.9472395 0.007515677
vn -0.135619 -0.9907611 1.616704E-08
vn -0.239831 -0.970637 -0.01857195
vn -0.1895562 -0.04810662 -0.9806908
vn -0.6926459 -0.4075314 0.5951135
vn -0.1252636 -0.9917808 -0.0260731
vn -0.2850098 0.1098549 0.9522088
vn -0.193421 0.1226366 0.9734212
vn -0.1714104 0.05996932 0.9833729
vn -0.3842172 0.9231221 -0.01492504
vn -0.4093707 0.9123682 9.018763E-07
vn -0.1775603 0.9836818 0.02902561
vn -0.1859853 -0.08531282 0.9788418
vn -0.1586585 0.1630154 0.9737831
vn -0.1583742 0.9870381 0.02594845
vn -0.182749 0.04848987 -0.9819633
vn -0.2629039 -0.009060452 -0.9647796
vn -0.2632114 0.009246662 -0.964694
vn -0.2809068 -0.03502571 -0.9590958
vn -0.2829227 -0.009927082 0.9590914
vn -0.2823438 0.01007457 0.9592605
vn -0.2355798 -0.009314722 0.9718105
vn -0.2355468 0.00912674 0.9718203
vn -0.28601 -0.008965529 -0.9581848
vn -0.2860104 0.008965718 -0.9581847
vn -0.3293178 -0.03505624 0.9435683
vn -0.339153 -0.009879217 -0.9406794
vn -0.3391637 0.009736688 -0.9406771
vn -0.3596111 1.20569E-07 0.9331025
vn -0.3009373 1.00897E-07 -0.953644
vn -0.3072751 -0.9514341 0.01884546
vn -0.2306558 -0.01058609 -0.9729779
vn -0.1898155 -0.01816314 -0.9816519
vn -0.1898332 0.0184846 -0.9816425
vn -0.2312847 0.01083673 -0.9728259
vn -0.1566155 -0.06921524 -0.9852315
vn -0.2151506 -0.0192564 -0.9763911
vn -0.1866618 -0.0002739381 -0.9824244
vn -0.2338856 0.3181287 -0.9187447
vn -0.2650396 0.006279541 0.9642172
vn -0.2096108 -0.105061 0.9721243
vn -0.2600987 0.9655323 0.00980051
vn -0.2486537 0.9685708 -0.006486086
vn -0.1465335 0.0002759554 0.9892058
vn -0.139306 0.0198433 0.9900507
vn -0.1402474 0.01952341 0.9899241
vn -0.2723913 9.132653E-08 0.9621866
vn -0.3064928 0.1668044 -0.9371439
vn -0.2930982 -0.06407141 0.9539332
vn -0.3197311 -0.09250826 -0.9429817
vn -0.3870563 -0.05450859 -0.9204437
vn -0.9963047 0.0283459 -0.0810787
vn -0.3928353 -0.07517441 -0.9165313
vn -0.3929511 -0.1076252 0.9132396
vn -0.4484732 1.503623E-07 -0.8937964
vn -0.1868019 6.263028E-08 0.9823977
vn -0.1697675 5.691908E-08 0.9854842
vn -0.1160507 -0.0385123 0.9924965
vn -0.2662833 -0.05404263 -0.9623787
vn -0.1972484 -0.03682356 -0.9796619
vn -0.2441275 -0.04242862 -0.9688146
vn -0.3386242 -0.05275452 0.9394418
vn -0.992735 -0.1090171 -0.05091764
vn -0.4360112 0.0170736 -0.8997794
vn -0.3090765 -0.007612474 0.9510068
vn -0.3093801 0.007273248 0.9509108
vn -0.3270492 -0.01868337 -0.9448227
vn -0.2801394 0.01821218 0.9597867
vn -0.2696447 -0.01826894 0.9627867
vn -0.2749435 -0.003799604 -0.961453
vn -0.3796661 1.272931E-07 -0.9251237
vn -0.3495027 1.171798E-07 -0.9369355
vn -0.3494301 1.171557E-07 0.9369626
vn -0.361242 1.211158E-07 0.9324723
vn -0.3229833 0.0258712 -0.9460511
vn -0.3979025 -0.08777296 0.9132195
vn -0.1955817 0.02593275 -0.9803447
vn -0.2086788 0.01526414 -0.9778653
vn -0.4312306 -0.1477158 -0.8900677
vn -0.2955493 9.909068E-08 0.9553276
vn -0.3670238 -0.6552545 0.6602538
vn -0.2418976 0.5202957 0.8190104
vn -0.304571 0.3688731 0.8781625
vn -0.1319696 -0.3091665 0.941807
vn -0.247126 -0.0987522 -0.9639382
vn -0.3078653 1.032199E-07 -0.9514301
vn -0.3393635 6.868002E-08 -0.9406554
vn -0.1493077 6.043362E-08 0.9887909
vn -0.1350814 4.025743E-08 0.9908346
vn -0.8340762 0.5509186 -0.02838604
vn -0.3682338 0.5668311 0.7369576
vn -0.8048686 -0.4213768 -0.4178854
vn -0.5351588 0.6193382 0.5744784
vn -0.6992265 0.5041643 -0.5068539
vn -0.715184 0.473881 -0.5137595
vn -0.09566509 -0.03792615 -0.994691
vn -0.5924038 0.5874155 0.5513627
vn -0.6532536 0.5752717 0.4922626
vn -0.6807904 0.563512 0.4679517
vn -0.1792612 0.9803122 0.08278581
vn -0.7724356 0.4971044 0.39526
vn -0.2977091 0.9546198 -0.008388845
vn -0.2813804 0.9591916 0.02786869
vn -0.6022018 0.5857821 -0.5424137
vn -0.07642194 0.1018603 -0.9918591
vn -0.6850907 0.6480116 -0.3327641
vn -0.2451227 0.9691758 -0.02476489
vn -0.6967637 -0.5322372 0.4808784
vn -0.785697 0.5021846 -0.3612353
vn -0.3673209 0.9300943 4.378806E-08
vn -0.7020119 0.565544 0.4328274
vn -0.2842594 0.9583441 -0.02780591
vn -0.7892166 0.4675542 -0.3981587
vn -0.7827904 0.4782138 0.3981847
vn -0.3547061 0.9347401 -0.02108406
vn -0.1758194 0.2420369 0.9542043
vn -0.3244686 0.01645269 0.9457535
vn -0.1702094 0.1881299 0.9672829
vn -0.2502212 0.1170345 0.9610893
vn -0.03379455 0.9978571 -0.05602811
vn -0.07933788 0.9876247 0.1352888
vn -0.07015523 0.9862127 0.1498756
vn -0.219798 0.2453072 0.9441999
vn -0.4028097 0.04554986 0.9141498
vn -0.1094771 0.264183 0.9582391
vn -0.09041833 0.07473596 0.9930958
vn -0.3011439 0.04037576 -0.9527237
vn -0.2703793 0.01059743 -0.9626956
vn -0.2165863 0.06468049 -0.9741186
vn -0.9950225 -0.09965178 1.186159E-07
vn -0.5793236 0.06534445 -0.8124743
vn -0.4594785 0.1526417 -0.8749745
vn -0.1747904 0.2702183 0.9468002
vn -0.3847218 0.07545453 0.9199435
vn -0.482344 1.571675E-07 -0.875982
vn -0.3073654 0.06248654 -0.9495379
vn -0.3492666 1.171007E-07 -0.9370235
vn -0.29208 9.792746E-08 0.956394
vn -0.07858861 -0.9967282 0.01888633
vn -0.2909138 1.083739E-07 -0.9567494
vn -0.1540157 -0.9880683 1.83601E-08
vn -0.1754902 0.9826425 0.06014116
vn -0.2542999 -0.9671254 3.031491E-08
vn -0.3167253 -0.9484938 0.006672999
vn -0.176288 -0.9841076 -0.02132471
vn -0.2021088 -0.9791315 -0.02129685
vn -0.1819302 -0.9829291 -0.02741774
vn -0.1867798 -0.9818754 -0.03215497
vn -0.1552627 0.9657468 0.2079103
vn -0.1195002 -0.9926983 0.01642948
vn -0.295322 -0.9550861 0.02440493
vn -0.215883 7.238029E-08 -0.9764194
vn -0.3451253 -0.1860439 0.9199329
vn -0.2784651 0.09860127 -0.9553717
vn -0.06733491 -0.5350034 -0.8421624
vn -0.1733105 0.2585365 -0.9503277
vn -0.3833556 -0.0416113 0.9226632
vn -0.2758598 0.03507928 0.9605576
vn -0.1843111 -0.9821846 -0.03664687
vn -0.1170107 -0.9927878 -0.02609379
vn -0.1731176 -0.05063182 -0.983599
vn -0.2741087 -0.9592826 0.06812795
vn -0.1158979 0.1372076 -0.9837388
vn -0.440495 0.8977551 5.251109E-08
vn -0.2611597 0.9652956 3.113266E-08
vn -0.2574616 0.9662886 3.069181E-08
vn -0.4011015 0.9160337 4.781501E-08
vn -0.19221 6.262992E-08 -0.9813539
vn -0.128604 0.05526489 -0.9901551
vn -0.2392813 -0.9707088 0.02165627
vn -0.2585312 -0.9656038 0.02776394
vn -0.1485081 0.9867814 0.0648686
vn -0.1389437 0.9890761 0.04922507
vn -0.3410609 -0.008795361 0.9400002
vn -0.2132465 -0.9756486 0.05133939
vn -0.4619479 -0.006732854 0.8868817
vn -0.3560569 -0.06328147 -0.9323193
vn -0.2672912 -0.01828137 -0.9634425
vn -0.2737848 0.09801936 0.9567833
vn -0.07898186 0.3109201 -0.9471487
vn -0.2864547 -0.8111613 -0.5098639
vn -0.2815875 0.03562509 -0.9588741
vn -0.2850777 0.008968317 0.9584625
vn -0.2062652 -0.9781655 -0.02543577
vn -0.2057715 0.0168869 -0.9784545
vn -0.2468881 -0.9675996 -0.05288845
vn -0.2691001 0.9629394 -0.01824605
vn -0.1839262 -0.9829401 0.0002287192
vn -0.1870829 0.1967128 -0.9624471
vn -0.1335735 0.990862 -0.0187295
vn -0.3704255 -0.002328243 0.9288594
vn -0.0669396 0.9975613 -0.01975907
vn -0.324194 -0.9459906 3.864693E-08
vn -0.2789872 -0.9602948 3.325787E-08
vn -0.1824507 -0.10814 0.9772501
vn -0.4824329 0.009529873 0.8758813
vn -0.2700902 0.09211746 -0.9584184
vn -0.3508874 0.0627538 -0.9343127
vn -0.1688011 -0.1323771 0.9767204
vn -0.5529377 -0.1460121 0.8203296
vn -0.3772676 -0.03921225 0.925274
vn -0.3821473 -0.04259518 -0.9231193
vn -0.1306904 -0.9914232 1.557951E-08
vn -0.1528529 -0.9882489 1.822148E-08
vn -0.2891847 -0.07674202 0.9541924
vn -0.2144528 -0.9767243 -0.004438527
vn -0.457205 1.56944E-07 0.8893615
vn -0.2469483 0.9688013 0.02099308
vn -0.2526826 -0.1562099 0.9548561
vn -0.1881229 -0.9814301 -0.03747972
vn -0.2662837 0.05404276 -0.9623786
vn -0.3169501 0.09065906 -0.9440995
vn -0.2152348 0.1598838 0.9633853
vn -0.2874945 0.0566208 0.9561073
vn -0.5139144 -0.2132109 0.8309232
vn -0.06832653 0.9928852 0.09752129
vn -0.02074045 -0.9989248 -0.0414617
vn -0.2292452 0.9733084 0.01083203
vn -0.09806017 -0.0263159 0.9948326
vn -0.3157297 0.03564037 0.9481797
vn -0.1102518 3.696474E-08 -0.9939038
vn -0.1981068 0.02975783 -0.9797288
vn -0.1305818 0.05085219 -0.9901327
vn -0.1347593 -0.09715347 0.9861041
vn -0.18227 -0.04054516 0.9824123
vn -0.1821816 0.05122513 -0.9819298
vn -0.1808558 -0.1307078 0.9747855
vn -0.1742793 0.08718725 -0.9808289
vn -0.1736787 -0.1201116 0.9774503
vn -0.1817885 0.08322617 -0.9798095
vn -0.1889779 -0.9795626 0.06887978
vn -0.1563596 0.06769083 -0.985378
vn -0.181707 0.08844347 0.9793674
vn -0.3200172 1.072958E-07 0.9474118
vn -0.115612 0.06400079 -0.9912306
vn -0.1181165 0.2468039 -0.9618402
vn -0.2171188 -0.02118112 0.9759155
vn -0.2546173 -0.9669375 -0.01420767
vn -0.1125224 -0.1843202 0.9764041
vn -0.159335 0.9865816 0.03562556
vn -0.08994414 -0.04464932 0.9949456
vn -0.1821511 -0.05446573 0.981761
vn -0.2124057 0.2332591 -0.9489332
vn -0.1931622 -0.1345062 0.9719036
vn -0.1848308 0.0912988 -0.9785205
vn -0.9935125 -0.1137143 -0.001479244
vn -0.2080301 0.02828895 -0.9777134
vn -0.1770102 -0.241785 0.954048
vn -0.2919616 0.1164211 -0.9493181
vn -0.07661077 -0.07997872 0.9938483
vn -0.1733388 -4.736433E-08 0.9848624
vn -0.2435888 -0.06528106 -0.9676793
vn -0.1810155 -0.1782607 0.9671901
vn -1 -2.094614E-07 1.020435E-07
vn -0.07356549 -0.9564312 0.2825377
vn -0.1868624 0.1819387 -0.9653916
vn -0.2009038 -0.07375418 0.9768307
vn -0.2303701 0.04574067 -0.9720276
vn -0.182291 -0.03826217 0.9825
vn 0.2526828 -0.1562101 0.954856
vn 0.1927117 -0.526317 -0.8281623
vn -0.1809933 0.1249809 -0.9755109
vn -0.181401 -0.1057276 0.9777094
vn -0.1646132 0.1268538 -0.9781671
vn -0.278443 -0.1882578 0.9418221
vn -0.04044338 0.1496573 -0.9879106
vn -0.1831832 -0.09200621 0.978764
vn -0.2594279 -0.2535212 0.9318929
vn -0.06963625 -0.8351134 0.5456523
vn -0.1597552 -0.4873358 0.8584767
vn -0.08496388 -0.552292 0.8293099
vn -0.03132255 0.08877416 -0.9955593
vn -0.1818789 0.07728304 -0.9802794
vn -0.259492 0.9418412 0.2135393
vn -0.09337721 0.007558424 -0.9956023
vn -0.1100975 -0.1007339 -0.9888031
vn -0.1886783 -0.1182582 -0.9748927
vn -0.1927119 -0.5263169 -0.8281623
vn -0.4580621 0.8889149 0.003090544
vn -0.229699 0.9716702 0.05563702
vn -0.3336224 0.9423386 0.02634481
vn -0.1627105 0.01705667 -0.9865265
vn -0.1946993 0.978557 -0.06721897
vn -0.294259 0.955559 -0.01785265
vn -0.2313544 0.9704602 -0.06842709
vn -0.4201551 0.9052058 -0.06381412
vn -0.1824061 0.9831311 0.013469
vn -0.08852555 0.9816416 -0.168947
vn -0.5347677 0.8327577 -0.1433115
vn -0.434543 0.8986737 0.05964934
vn -0.1835736 0.9808474 0.0651089
vn -0.2470524 8.049993E-08 0.9690022
vn -0.1728434 -0.2002699 0.9643741
vn 0.01808154 0.001985609 0.9998347
vn -0.0180813 0.00198562 0.9998347
vn 0.1728436 -0.20027 0.964374
vn -0.3173678 -0.2115407 -0.9244071
vn 0.05341223 0.06259356 -0.996609
vn -0.05341246 0.0625936 -0.996609
vn 0.3173675 -0.2115409 -0.9244071
vn -1.192093E-07 0 -1
vn -1.202603E-06 -0.998188 0.06017159
vn 0.1810002 0.9834831 -2.15769E-08
vn 0.1953311 0.9804187 -0.02500039
vn 0.2168689 0.05018453 0.9749101
vn 0.2565205 0.03125852 0.9660333
vn 0.07606915 -0.9965556 0.03302338
vn 0.1146442 0.9934067 -1.366665E-08
vn 0.101432 0.9948425 -1.209163E-08
vn 0.07552718 0.9970133 0.01613022
vn 0.07648361 0.9970147 -0.01057793
vn 0.1191363 0.9925554 -0.02530278
vn 0.1799261 -0.9834793 0.01987509
vn 0.1785313 -0.982783 0.04758458
vn 0.1823782 0.9829717 -0.02246647
vn 0.1247698 0.9919398 -0.02208972
vn 0.1425679 0.9896492 -0.01639402
vn 0.1900009 -0.9816319 -0.01727618
vn 0.2020122 -0.979382 0.001420179
vn 0.2115047 -0.9773395 0.008564646
vn 0.2092431 -0.9778213 0.009106152
vn 0.2102638 -0.9776447 -2.50654E-08
vn 0.245787 -0.9685034 0.03987344
vn 0.2428984 -0.9700518 -2.895574E-08
vn 0.1526133 -0.9878386 -0.02973306
vn 0.1271093 -0.9912074 -0.03675673
vn 0.1921455 -0.980608 0.0385761
vn 0.1560088 -0.9877557 -1.85977E-08
vn 0.2157122 0.9764232 0.008121162
vn 0.2142336 0.9763975 0.02742177
vn 0.1300411 -0.9912001 -0.02473059
vn 0.1426389 -0.9895801 -0.01963194
vn 0.1419016 -0.9898542 0.007260639
vn 0.1146651 -0.9932268 0.0187742
vn 0.1553171 0.987419 -0.02967143
vn 0.1553589 0.9878581 -0.0002548967
vn 0.1559526 -0.9875553 0.02033137
vn 0.167996 -0.9853588 -0.0290751
vn 0.2006219 -0.979476 -0.01943402
vn 0.2183425 0.9751252 -0.0381759
vn 0.2226837 0.9748908 -2.654596E-08
vn 0.1407198 -0.9895712 0.03077002
vn 0.1058773 -0.9942213 0.01771976
vn 0.1467911 0.9886773 -0.03113954
vn 0.1734497 0.9846215 -0.02087252
vn 0.1238621 0.9922995 -1.476552E-08
vn 0.1126688 0.993 0.03545045
vn 0.1477935 0.9880217 -0.04438687
vn 0.1277991 0.9904298 -0.05211718
vn 0.1810133 -0.9828341 0.03565599
vn 0.1727524 0.9849653 -0.0002525037
vn 0.1500023 0.9886509 0.008297306
vn 0.1262211 -0.9916641 0.02589396
vn 0.2226942 -0.9748284 0.01081617
vn 0.1861088 -0.9825284 -0.001229669
vn 0.123676 0.9922197 -0.0142925
vn 0.1868192 -0.9823441 0.009930803
vn 0.1715219 -0.9842977 0.04169293
vn 0.2107018 -0.9771741 0.02712223
vn 0.1531735 0.986968 0.04931517
vn 0.1729627 0.9840255 0.04216401
vn 0.1972495 -0.9802634 0.01328127
vn 0.2329751 -0.9724798 0.002402734
vn 0.2073793 0.9782515 -0.004239354
vn 0.1785724 0.9837921 -0.01628208
vn 0.162497 0.9852384 0.05385258
vn 0.1861177 0.9814518 0.0459628
vn 0.2102656 -6.916967E-08 -0.9776444
vn 0.1287999 -3.766255E-08 0.9916707
vn 0.07385956 -0.9972685 -0.0005297569
vn 0.1020822 -0.9947373 -0.008767199
vn 0.1072017 -0.9941442 0.01360466
vn 0.0742473 -0.9969194 0.02528124
vn 0.1703021 0.9850743 -0.02501784
vn 0.170384 0.985061 -0.02498055
vn 0.1787375 0.9831599 0.03807338
vn 0.1823916 -0.9830463 -0.01879561
vn 0.1287376 -0.9911842 -0.03131125
vn 0.1793978 -0.9835965 -0.01882598
vn 0.2141593 0.9767934 -0.003236765
vn 0.2384891 0.9711369 0.004026219
vn 0.2396302 0.9703538 0.03147729
vn 0.1508858 -0.9885198 0.007876419
vn 0.1756636 0.9832948 0.04768258
vn 0.1766049 0.98422 0.01103526
vn 0.1328781 0.9911294 -0.002448856
vn 0.191855 -0.981271 0.01729014
vn 0.1601937 0.9868366 0.02217284
vn 0.1932112 0.9810928 0.01124036
vn -0.1810002 0.9834831 2.15769E-08
vn -0.1953311 0.9804187 -0.02500031
vn -0.2168686 0.05018467 0.9749101
vn -0.2565203 0.03125865 0.9660333
vn -0.07606914 -0.9965556 0.03302339
vn -0.1146442 0.9934067 1.366665E-08
vn -0.101432 0.9948425 1.209163E-08
vn -0.07552719 0.9970133 0.01613024
vn -0.07648363 0.9970147 -0.01057791
vn -0.1191363 0.9925554 -0.02530275
vn -0.1799262 -0.9834793 0.01987513
vn -0.1785313 -0.9827829 0.04758462
vn -0.1823781 0.9829718 -0.02246643
vn -0.1247698 0.9919398 -0.02208969
vn -0.1425679 0.9896492 -0.01639399
vn -0.190001 -0.9816319 -0.01727613
vn -0.2020123 -0.979382 0.001420228
vn -0.2115047 -0.9773395 0.008564704
vn -0.2092431 -0.9778212 0.009106201
vn -0.2102639 -0.9776447 2.50654E-08
vn -0.245787 -0.9685034 0.03987349
vn -0.2428984 -0.9700518 2.895574E-08
vn -0.1526134 -0.9878386 -0.02973302
vn -0.1271093 -0.9912074 -0.0367567
vn -0.1921455 -0.980608 0.03857615
vn -0.1560088 -0.9877557 1.85977E-08
vn -0.2157122 0.9764232 0.00812121
vn -0.2142335 0.9763975 0.0274218
vn -0.1300412 -0.9912001 -0.02473056
vn -0.1426389 -0.9895801 -0.01963191
vn -0.1419016 -0.9898542 0.007260672
vn -0.1146651 -0.9932268 0.01877423
vn -0.1553171 0.987419 -0.02967137
vn -0.1553589 0.9878581 -0.0002548597
vn -0.1559526 -0.9875553 0.02033141
vn -0.1679961 -0.9853588 -0.02907506
vn -0.200622 -0.979476 -0.01943398
vn -0.2183426 0.9751252 -0.03817585
vn -0.2226837 0.9748908 2.654596E-08
vn -0.1407198 -0.9895712 0.03077006
vn -0.1058773 -0.9942213 0.01771978
vn -0.1467911 0.9886773 -0.03113951
vn -0.1734498 0.9846215 -0.02087248
vn -0.1238621 0.9922995 1.476551E-08
vn -0.1126688 0.993 0.03545048
vn -0.1477935 0.9880217 -0.04438684
vn -0.1277991 0.9904298 -0.05211715
vn -0.1810133 -0.9828341 0.03565606
vn -0.1727523 0.9849653 -0.0002524625
vn -0.1500023 0.9886509 0.008297341
vn -0.1262211 -0.9916641 0.02589398
vn -0.2226942 -0.9748284 0.01081623
vn -0.1861096 -0.9825282 -0.00122935
vn -0.1236761 0.9922197 -0.01429247
vn -0.1868192 -0.9823441 0.009930853
vn -0.1715219 -0.9842977 0.04169298
vn -0.2107018 -0.977174 0.02712227
vn -0.1531734 0.986968 0.0493152
vn -0.1729626 0.9840255 0.04216405
vn -0.1972495 -0.9802634 0.01328132
vn -0.2329751 -0.9724797 0.002402789
vn -0.2073792 0.9782515 -0.004239305
vn -0.1785724 0.9837921 -0.01628204
vn -0.1624969 0.9852384 0.05385261
vn -0.1861177 0.9814518 0.04596283
vn -0.2102659 6.916967E-08 -0.9776444
vn -0.1287997 3.766256E-08 0.9916707
vn -0.07385955 -0.9972685 -0.0005297366
vn -0.1020822 -0.9947373 -0.008767175
vn -0.1072017 -0.9941442 0.01360468
vn -0.07424729 -0.9969194 0.02528126
vn -0.1703021 0.9850743 -0.0250178
vn -0.1703841 0.985061 -0.02498051
vn -0.1787375 0.9831599 0.03807342
vn -0.1823916 -0.9830463 -0.01879557
vn -0.1287376 -0.9911842 -0.03131122
vn -0.1793978 -0.9835965 -0.01882594
vn -0.2141593 0.9767934 -0.003236714
vn -0.2384891 0.9711369 0.004026276
vn -0.2396302 0.9703538 0.03147734
vn -0.1508858 -0.9885198 0.007876454
vn -0.1756635 0.9832948 0.04768261
vn -0.1766049 0.98422 0.0110353
vn -0.132878 0.9911294 -0.002448825
vn -0.191855 -0.981271 0.01729018
vn -0.1601937 0.9868366 0.02217287
vn -0.1932111 0.9810928 0.01124041
vn -6.421103E-07 0.811672 0.5841135
vn 0.2122677 -0.01657316 -0.9770711
vn 0.182416 0.008231821 -0.9831871
vn 0.1822426 0.04435929 -0.9822525
vn 0.1774202 0.04167684 -0.9832524
vn -0.212268 -0.01657302 -0.9770711
vn -0.1824162 0.008231964 -0.9831871
vn -0.1822428 0.04435941 -0.9822525
vn -0.1774205 0.04167695 -0.9832524
vn 0.03527381 0 -0.9993778
vn 0.01718469 0.01024681 -0.9998
vn -0.01718493 0.01024682 -0.9998
vn -0.03527405 2.214113E-08 -0.9993778
vn -1.133748E-07 -0.3090172 -0.9510566
vn -6.963149E-08 0.8116736 -0.5841113
vn 1.162835E-07 0.220191 0.9754569
vn 1.955568E-08 -0.9864529 0.1640449
vn 1.093064E-07 0.3990517 0.9169286
vn 6.269971E-08 -0.8505073 0.5259634
vn -6.96316E-08 -0.8116729 -0.5841123
vn 7.719301E-08 -0.7620299 0.6475419
vn -5.862124E-08 0.8707361 -0.4917507
vn -8.073572E-08 0.7357435 -0.6772604
vn 1.133107E-07 0.3106663 0.9505192
vn -1.177481E-08 -0.9951099 -0.09877431
vn -1.133107E-07 -0.3106655 -0.9505194
vn 1.177481E-08 -0.9951099 0.0987743
vn -0.03549659 -0.3671639 0.9294788
vn -0.03654183 -0.375838 0.9259648
vn -7.59292E-09 0.9979695 -0.06369404
vn -1.036358E-08 0.9962139 -0.08693606
vn -4.267278E-07 -0.8090163 -0.5877864
vn -6.900684E-07 0.3106672 -0.9505189
vn 7.678919E-08 0.7648954 0.6441545
vn 6.320824E-08 0.8478544 0.5302292
vn 6.963161E-08 -0.8116729 0.5841123
vn -1.166124E-07 0.2075904 -0.978216
vn -1.086451E-07 0.4115631 -0.9113814
vn -1.95556E-08 -0.986453 -0.1640443
vn 1.133748E-07 -0.309017 0.9510567
vn 1.190394E-07 0.05336135 0.9985753
vn -1.188374E-07 -0.07892259 -0.9968809
vn 1.190543E-07 -0.05097232 0.9987002
vn -1.188266E-07 0.08005835 -0.9967903
vn 1.19138E-07 0.03457813 0.9994021
vn 0.9991851 -0.02247402 0.03353089
vn -0.07670473 -0.1028168 -0.9917386
vn -0.08844237 -0.1043563 -0.9905998
vn 7.992604E-08 -0.03452535 0.999404
vn -1.216949E-06 -0.998188 -0.06017176
vn -1.136213E-06 -0.9996901 0.02489383
vn 1.419555E-06 0.9994248 -0.03391444
vn -1.142148E-06 -0.9996901 -0.02489383
vn 5.73482E-07 0.9994248 0.03391444
vn 1.208088E-06 0.9995949 -0.02846139
vn 6.091332E-07 0.9995949 0.0284614
vn 1.190297E-07 0.05487828 0.9984932
vn -1.189055E-07 -0.07134598 -0.9974517
vn 1.190297E-07 -0.05487095 0.9984936
vn -1.18882E-07 0.07405278 -0.9972544
vn 1.19062E-07 0.04969772 0.9987644
vn -1.190746E-07 0.0475207 -0.9988704
vn -1.190827E-07 -0.04608088 -0.9989378
vn 5.057716E-08 -0.04881943 0.9988077
vn 1.190779E-07 0.04693235 0.9988982
vn 1.19194E-07 -0.0159925 0.9998722
vn -1.19194E-07 0.01599252 -0.9998722
vn -1.190779E-07 -0.04693241 -0.9988982
vn 1.19163E-07 0.02787761 0.9996114
vn 1.186235E-07 -0.09901692 0.9950859
vn -1.186235E-07 0.09901693 -0.9950859
vn -1.19163E-07 -0.02787761 -0.9996114
vn 1.187968E-07 -0.0831202 0.9965397
vn -1.187968E-07 0.08311922 -0.9965397
vn -1.191745E-07 -0.02416323 -0.9997082
vn 1.191745E-07 0.02416352 0.9997082
vn 4.701146E-09 0.9992221 0.03943607
vn -4.701203E-09 -0.9992221 -0.03943655
vn 9.810059E-09 -0.9966083 0.08229274
vn -9.809941E-09 0.9966083 -0.08229176
vn 1.437005E-08 0.9927079 0.1205447
vn -5.183423E-09 0.9990543 -0.04348171
vn 5.18358E-09 -0.9990542 0.04348302
vn -1.437047E-08 -0.9927075 -0.1205483
vn 0.03549681 -0.3671639 0.9294788
vn 0.03654205 -0.375838 0.9259648
vn -0.9991851 -0.022472 0.03353059
vn 0.07670454 -0.1028168 -0.9917386
vn 0.08844212 -0.1043564 -0.9905998
vn 0.9996626 -0.0001832791 0.02597741
vn 0.9996752 0.0007774021 0.02547703
vn 0.999662 0.001197717 0.02597739
vn 0.1936217 0.05500596 0.9795332
vn 0.1902774 0.05664496 0.980095
vn 0.1836063 0.06217381 0.9810318
vn 0.1605418 0.01921091 0.9868422
vn 0.1839638 -1.343183E-07 0.9829332
vn 0.9995245 0.002676673 -0.03072258
vn 0.9994882 -9.679899E-07 -0.03199411
vn 0.1502546 0.9878353 0.04006104
vn 0.1346508 0.9902691 0.03516293
vn 0.9999779 -9.3456E-07 -0.006665544
vn 0.9996781 -9.500915E-07 0.02537489
vn 0.9996939 -0.001351931 0.02470977
vn 0.9989232 0.03928153 0.02469072
vn 0.9999992 -0.001385342 1.350841E-05
vn 0.2918518 -2.394206E-07 -0.9564636
vn 0.07611065 -0.9970994 -9.073095E-09
vn 0.1277432 0.9917462 -0.01100393
vn 0.1163474 0.9931806 -0.007462339
vn 0.1848279 -0.982572 -0.01977121
vn 0.1932046 -0.9810022 -0.01751442
vn 0.1797372 -0.9837146 0.0001062829
vn 0.1802565 -0.9836196 0.0002521167
vn 0.1824211 0.9832205 -2.174628E-08
vn 0.198192 0.9801632 -2.362633E-08
vn 0.1264898 -0.9917663 0.01999574
vn 0.1261739 -0.9918045 0.0200971
vn 0.1826926 0.9831701 -2.177866E-08
vn 0.1960516 0.9805688 0.00697389
vn 0.21019 0.9775856 0.0121111
vn 0.1232881 -0.01092338 0.9923109
vn 0.1109546 -0.01931446 0.9936379
vn 0.171868 0.09630435 -0.9804015
vn 0.1882679 0.1055266 -0.9764321
vn 0.1802634 0.9834036 0.02055314
vn 0.1653178 0.9861339 0.01448975
vn 0.1183036 -0.01542126 -0.9928578
vn 0.1294774 -0.00645759 -0.9915615
vn 0.1995963 0.05099634 -0.9785504
vn 0.1996399 0.04052823 -0.979031
vn 0.1018962 -9.466356E-08 0.9947951
vn 0.2519585 -0.967492 0.02182282
vn 0.2752151 -0.960964 0.02837022
vn 0.1786276 0.9836728 -0.02190884
vn 0.178404 0.9836842 -0.02318363
vn 0.1636315 -0.9865215 -1.950639E-08
vn 0.1833058 -0.9830424 0.005172813
vn 0.1824228 -0.9832202 -6.359789E-07
vn 0.136581 0.9906289 -1.628172E-08
vn 0.1955691 -0.9806899 -2.331365E-08
vn 0.1961187 -0.9805801 0.000209581
vn 0.1819427 -0.9832894 0.006236524
vn 0.1824205 -0.9832017 0.006106607
vn 0.1658113 -0.9859785 -0.01878682
vn 0.1540305 -0.9878025 -0.02282073
vn 0.2125137 0.9766861 -0.03036941
vn 0.2101133 0.9772294 -0.02958347
vn 0.1851829 -0.982155 0.03284463
vn 0.2125213 -0.9762884 0.04117931
vn 0.2081914 -0.03629671 -0.9774145
vn 0.2054196 -0.03794714 -0.9779381
vn 0.2831292 0.09273396 0.9545881
vn 0.2772951 0.09737547 0.9558377
vn 0.1589861 0.9868976 -0.02750602
vn 0.1593602 0.9868404 -0.02739057
vn 0.144021 0.9895462 -0.007508573
vn 0.1350604 0.9907867 -0.0100162
vn 0.1384916 -0.990347 -0.005732776
vn 0.198958 0.979224 -0.03919389
vn 0.2159356 0.9758621 -0.03263424
vn 0.2386679 -0.970836 0.02269368
vn 0.1961628 -0.9804966 0.01210407
vn 0.2047738 0.9788094 -2.441093E-08
vn 0.2314722 0.9726506 0.01927411
vn 0.2323179 0.9724849 0.01736232
vn 0.1833232 -0.9830203 0.007982434
vn 0.1851138 -0.9826792 0.008635436
vn 0.1969282 0.03857683 -0.9796588
vn 0.1969185 0.03470228 -0.9798056
vn 0.1697578 -0.9854798 -0.003426237
vn 0.1884381 -0.9820803 0.003067875
vn 0.1872291 -0.9822659 0.009937
vn 0.2069282 -0.9783508 0.003241875
vn 0.2597706 0.06963038 0.9631568
vn 0.2593353 0.06419014 0.9636519
vn 0.2587133 0.06376948 0.963847
vn 0.2438895 0.04242964 -0.9688745
vn 0.2350035 0.03768835 -0.9712636
vn 0.2652379 -0.06607915 0.9619161
vn 0.253844 -0.0745368 0.9643691
vn 0.1839648 0.9829329 -2.193031E-08
vn 0.1506425 0.9885883 -1.795799E-08
vn 0.2122789 0.9771631 -0.009487011
vn 0.1274724 -0.9918422 4.11395E-05
vn 0.1263622 -0.9919841 -0.0002524884
vn 0.1877034 0.1291704 -0.9736953
vn 0.1675045 0.1153864 -0.9790958
vn 0.1898554 -0.9818121 -2.263253E-08
vn 0.1861079 0.9825286 -0.001211618
vn 0.189856 0.981812 -2.26326E-08
vn 0.1839561 0.9829021 0.007981461
vn 0.1736111 0.9848042 0.004475249
vn 0.1266199 0.9919513 0.0002524499
vn 0.1274716 0.9918422 -1.51958E-08
vn 0.1860993 0.9824935 -0.008585611
vn 0.1911557 0.9815354 -0.006905443
vn 0.1325749 0.9909654 0.02028786
vn 0.1287286 0.9914454 0.0215647
vn 0.1476278 -0.988627 0.02868458
vn 0.1807346 -0.9827303 0.03970098
vn 0.2711152 -0.08989376 -0.9583402
vn 0.2805331 -0.08282809 -0.956264
vn 0.1898573 -1.838742E-07 -0.9818118
vn 0.1130578 -0.993362 -0.02120941
vn 0.1340556 -0.9905558 -0.02877994
vn 0.201477 0.9791885 0.02443087
vn 0.2067633 0.9781294 0.02262182
vn 0.1094699 0.04637324 0.9929079
vn 0.1131851 0.04347132 0.9926226
vn 0.2139281 -0.08380853 -0.9732477
vn 0.2497492 -0.06392521 -0.9661983
vn 0.1052781 0.06053164 0.992599
vn 0.1136056 0.05499703 0.9920027
vn 0.2540624 0.07584394 0.9642096
vn 0.2649904 0.06757472 0.9618804
vn 0.1666627 0.0133548 -0.9859236
vn 0.1465788 -4.914438E-08 -0.9891991
vn 0.05325942 -4.681057E-08 -0.9985808
vn 0.1054794 -3.140939E-08 -0.9944216
vn 0.1241076 -0.04808618 0.9911031
vn 0.1052939 -0.06063135 0.9925912
vn 0.2934696 -0.05291814 -0.9545027
vn 0.2617784 -0.02946651 -0.9646782
vn 0.2000633 -0.0936548 0.9752968
vn 0.1886552 -0.1016422 0.9767694
vn 0.9984714 0.05527387 -1.19027E-07
vn 0.9984866 0.05499281 -0.0006790407
vn 0.9985584 0.05367744 -1.190374E-07
vn 0.2016989 0.1941495 -0.9600124
vn 0.1906423 0.2021119 -0.9606282
vn 0.2121975 -7.114463E-08 0.977227
vn 0.203538 -0.04146234 0.9781889
vn 0.1979948 -0.04475675 0.9791809
vn 0.1754378 0.03817254 0.9837503
vn 0.1818576 0.04174569 0.9824385
vn 0.9999972 -0.00211391 0.001204901
vn 0.9999979 -0.002117492 8.919018E-07
vn 0.9999983 -0.001886096 -0.0001211594
vn 0.1136059 -0.0431245 0.9925897
vn 0.1094447 -0.04637365 0.9929107
vn 0.1839574 0.007200131 0.982908
vn 0.2273574 -0.09997333 0.9686661
vn 0.2235747 -0.1024488 0.9692878
vn 0.1908173 -0.01532096 0.9815061
vn 0.1823482 -0.02125224 0.9830044
vn 0.1820086 -0.001391338 0.9832961
vn 0.2456062 0.0436734 -0.9683855
vn 0.2331849 0.05308584 -0.9709824
vn 0.1265923 -4.24434E-08 -0.9919549
vn 0.9984062 -0.00215095 -0.05639695
vn 0.9982817 -0.001563022 -0.05857991
vn 0.9984167 0.002556931 -0.05619456
vn 0.997871 0.03300479 -0.05625256
vn 0.9982055 0.001383941 -0.05986741
vn 0.7174283 0.6966324 -8.552411E-08
vn 0.717159 0.696371 -0.02739462
vn 0.1436147 -0.9896025 -0.007851776
vn 0.1861271 -0.9825068 0.006102062
vn 0.1558821 0.9877592 0.005717761
vn 0.1687934 0.9856514 -2.012174E-08
vn 0.09163138 0.9955886 -0.0201738
vn 0.0916258 0.9955279 0.02299918
vn 0.09165003 0.9957913 -1.092553E-08
vn 0.0916089 0.9953443 0.02995894
vn 0.09164818 0.9957714 -0.006315725
vn 0.09148357 0.9957861 -0.006392351
vn 0.09148543 0.9958064 -0.00021287
vn 0.09145816 0.995563 -0.02212979
vn 0.09162743 0.9955456 -0.02221036
vn 0.9999998 -8.4702E-07 -0.0008367346
vn 0.9999997 -8.155965E-07 0.0008850607
vn 0.1788672 0.9838732 -2.132263E-08
vn 0.1288008 -0.9916705 -1.535425E-08
vn 0.9999985 0.001618676 -0.0008546867
vn 0.9999988 0.001614081 7.606972E-06
vn 0.1371942 -0.9905442 -1.635482E-08
vn 0.1839861 -1.333407E-07 -0.9829289
vn 0.173123 -0.9849002 -2.063787E-08
vn 0.1949288 0.9807759 -0.00902041
vn 0.1934303 0.9810764 -0.008597448
vn 0.1906751 0.9814991 -0.01739057
vn 0.1890431 -0.9819446 -0.006901415
vn 0.199367 -0.9799249 -2.37664E-08
vn 0.1832203 -0.9830558 0.005635166
vn 0.9978167 0.06603571 -0.001163679
vn 0.9978602 0.06536921 -0.001475088
vn 0.9978607 0.06536924 0.00103264
vn 0.2816511 0.9588636 0.03540185
vn -0.9996626 -0.0001826155 0.02597765
vn -0.9996752 0.0007780053 0.02547731
vn -0.999662 0.001198322 0.02597763
vn -0.1936214 0.05500608 0.9795332
vn -0.1902773 0.05664505 0.980095
vn -0.1836061 0.06217394 0.9810318
vn -0.1605415 0.019211 0.9868422
vn -0.1839636 -3.581822E-08 0.9829332
vn -0.9995245 0.002677282 -0.03072235
vn -0.9994882 -2.104326E-07 -0.0319938
vn -0.1502545 0.9878353 0.04006108
vn -0.1346508 0.9902691 0.03516297
vn -0.9999779 -2.124E-07 -0.006663715
vn -0.9996781 -1.727439E-07 0.02537511
vn -0.9996939 -0.001351122 0.02471001
vn -0.9989232 0.03927993 0.02469096
vn -0.9999992 -0.001384677 1.374028E-05
vn -0.291852 -4.788413E-08 -0.9564636
vn -0.07611065 -0.9970994 9.073095E-09
vn -0.1277431 0.9917462 -0.0110039
vn -0.1163474 0.9931806 -0.007462311
vn -0.184828 -0.982572 -0.01977117
vn -0.1932047 -0.9810022 -0.01751438
vn -0.1797372 -0.9837146 0.0001063257
vn -0.1802565 -0.9836196 0.0002521597
vn -0.182421 0.9832205 2.174628E-08
vn -0.198192 0.9801632 2.362633E-08
vn -0.1264898 -0.9917663 0.01999577
vn -0.1261739 -0.9918045 0.02009713
vn -0.1826926 0.9831701 2.177866E-08
vn -0.1960515 0.9805688 0.006973937
vn -0.2101899 0.9775856 0.01211114
vn -0.1232878 -0.0109233 0.9923109
vn -0.1109543 -0.01931439 0.9936379
vn -0.1718683 0.09630445 -0.9804015
vn -0.1882682 0.1055267 -0.976432
vn -0.1802634 0.9834036 0.02055318
vn -0.1653178 0.9861339 0.01448979
vn -0.1183039 -0.01542118 -0.9928578
vn -0.1294777 -0.006457492 -0.9915615
vn -0.1995966 0.05099648 -0.9785504
vn -0.1996401 0.04052835 -0.9790309
vn -0.1018959 -2.057903E-08 0.9947951
vn -0.2519586 -0.9674919 0.02182289
vn -0.2752152 -0.960964 0.02837029
vn -0.1786276 0.9836728 -0.02190878
vn -0.178404 0.9836842 -0.02318358
vn -0.1636315 -0.9865215 1.950639E-08
vn -0.1833058 -0.9830424 0.005172857
vn -0.1824229 -0.9832202 -5.92486E-07
vn -0.136581 0.9906289 1.628172E-08
vn -0.1955692 -0.9806899 2.331366E-08
vn -0.1961187 -0.9805801 0.0002096277
vn -0.1819427 -0.9832894 0.006236568
vn -0.1824205 -0.9832017 0.006106657
vn -0.1658113 -0.9859785 -0.01878678
vn -0.1540305 -0.9878025 -0.02282069
vn -0.2125137 0.9766861 -0.03036936
vn -0.2101133 0.9772294 -0.02958342
vn -0.1851829 -0.982155 0.03284468
vn -0.2125212 -0.9762884 0.04117936
vn -0.2081916 -0.03629656 -0.9774145
vn -0.2054198 -0.037947 -0.9779381
vn -0.283129 0.09273413 0.9545882
vn -0.2772948 0.09737565 0.9558377
vn -0.158986 0.9868976 -0.02750599
vn -0.1593602 0.9868405 -0.02739053
vn -0.144021 0.9895462 -0.007508539
vn -0.1350603 0.9907867 -0.01001616
vn -0.1384917 -0.990347 -0.005732743
vn -0.1989579 0.979224 -0.03919384
vn -0.2159356 0.9758621 -0.03263418
vn -0.2386679 -0.9708361 0.02269374
vn -0.1961629 -0.9804966 0.01210414
vn -0.2047737 0.9788094 2.441093E-08
vn -0.2314722 0.9726506 0.01927417
vn -0.2323179 0.9724849 0.01736236
vn -0.1833232 -0.9830203 0.00798248
vn -0.1851138 -0.9826792 0.008635481
vn -0.1969284 0.03857698 -0.9796588
vn -0.1969188 0.03470238 -0.9798056
vn -0.1697579 -0.9854798 -0.003426197
vn -0.1884381 -0.9820803 0.003067927
vn -0.1872292 -0.982266 0.009937046
vn -0.2069282 -0.9783508 0.003241925
vn -0.2597704 0.06963054 0.9631569
vn -0.259335 0.0641903 0.963652
vn -0.2587131 0.06376965 0.963847
vn -0.2438897 0.04242983 -0.9688745
vn -0.2350037 0.03768852 -0.9712636
vn -0.2652377 -0.06607896 0.9619161
vn -0.2538437 -0.07453667 0.9643692
vn -0.1839647 0.9829329 2.19303E-08
vn -0.1506425 0.9885883 1.795799E-08
vn -0.2122789 0.9771631 -0.009486954
vn -0.1274724 -0.9918422 4.11699E-05
vn -0.1263622 -0.9919841 -0.0002524582
vn -0.1877037 0.1291706 -0.9736953
vn -0.1675047 0.1153865 -0.9790958
vn -0.1898554 -0.9818121 2.263253E-08
vn -0.1861088 0.9825284 -0.001211296
vn -0.189856 0.981812 2.26326E-08
vn -0.1839561 0.9829021 0.007981494
vn -0.173611 0.9848042 0.004475284
vn -0.1266199 0.9919513 0.0002524801
vn -0.1274716 0.9918422 1.51958E-08
vn -0.1861001 0.9824933 -0.008585274
vn -0.1911557 0.9815354 -0.006905397
vn -0.1325749 0.9909654 0.02028789
vn -0.1287286 0.9914454 0.02156473
vn -0.1476278 -0.988627 0.02868461
vn -0.1807346 -0.9827303 0.03970103
vn -0.2711155 -0.08989362 -0.9583401
vn -0.2805333 -0.08282791 -0.956264
vn -0.1898575 -4.796717E-08 -0.9818118
vn -0.1130579 -0.993362 -0.02120938
vn -0.1340556 -0.9905558 -0.02877991
vn -0.2014769 0.9791885 0.0244309
vn -0.2067632 0.9781295 0.02262187
vn -0.1094697 0.04637331 0.9929079
vn -0.1131849 0.0434714 0.9926226
vn -0.2139283 -0.08380838 -0.9732478
vn -0.2497494 -0.06392504 -0.9661982
vn -0.1052778 0.06053171 0.992599
vn -0.1136053 0.05499711 0.9920027
vn -0.2540621 0.0758441 0.9642097
vn -0.2649902 0.0675749 0.9618805
vn -0.1666629 0.01335491 -0.9859236
vn -0.146579 4.914438E-08 -0.9891991
vn -0.05325965 -1.276652E-08 -0.9985808
vn -0.1054796 3.140939E-08 -0.9944216
vn -0.1241074 -0.0480861 0.9911031
vn -0.1052937 -0.0606313 0.9925912
vn -0.2934699 -0.05291796 -0.9545026
vn -0.2617787 -0.02946635 -0.9646781
vn -0.2000631 -0.09365467 0.9752968
vn -0.188655 -0.101642 0.9767694
vn -0.9984713 0.05527448 1.19027E-07
vn -0.9984866 0.05499341 -0.00067881
vn -0.9985584 0.05367803 1.190374E-07
vn -0.2016991 0.1941496 -0.9600123
vn -0.1906425 0.2021119 -0.9606282
vn -0.2121972 7.114463E-08 0.977227
vn -0.2035377 -0.04146221 0.9781888
vn -0.1979946 -0.04475661 0.9791809
vn -0.1754376 0.03817265 0.9837503
vn -0.1818573 0.0417458 0.9824385
vn -0.9999972 -0.002113348 0.001205193
vn -0.9999979 -0.00211693 1.13032E-06
vn -0.9999983 -0.001885361 -0.0001210122
vn -0.1136057 -0.04312444 0.9925897
vn -0.1094445 -0.04637357 0.9929107
vn -0.1839572 0.007200242 0.982908
vn -0.2273572 -0.09997319 0.9686663
vn -0.2235745 -0.1024487 0.9692878
vn -0.1908171 -0.01532083 0.9815061
vn -0.182348 -0.02125211 0.9830044
vn -0.1820084 -0.001391208 0.9832961
vn -0.2456065 0.04367356 -0.9683854
vn -0.2331851 0.05308602 -0.9709824
vn -0.1265925 4.244339E-08 -0.9919549
vn -0.9984062 -0.002150461 -0.05639691
vn -0.9982817 -0.001562572 -0.05857972
vn -0.9984167 0.002557587 -0.05619425
vn -0.997871 0.03300483 -0.05625239
vn -0.9982055 0.001384653 -0.05986717
vn -0.7174289 0.6966318 8.552418E-08
vn -0.7171596 0.6963704 -0.02739443
vn -0.1436147 -0.9896025 -0.007851742
vn -0.1861279 -0.9825066 0.006102385
vn -0.1558821 0.9877592 0.005717798
vn -0.1687934 0.9856514 2.012174E-08
vn -0.09163018 0.9955888 -0.02017378
vn -0.09162457 0.995528 0.0229992
vn -0.09164882 0.9957914 1.092539E-08
vn -0.09160768 0.9953444 0.02995897
vn -0.09164698 0.9957715 -0.006315704
vn -0.09148238 0.9957862 -0.006392329
vn -0.09148424 0.9958065 -0.0002128482
vn -0.09145696 0.9955631 -0.02212977
vn -0.09162622 0.9955458 -0.02221034
vn -0.9999998 -1.366161E-07 -0.0008364961
vn -0.9999997 -1.359327E-07 0.0008852991
vn -0.1788672 0.9838732 2.132263E-08
vn -0.1288008 -0.9916705 1.535425E-08
vn -0.9999985 0.001619224 -0.0008545186
vn -0.9999988 0.001614628 7.830419E-06
vn -0.1371942 -0.9905442 1.635482E-08
vn -0.1839863 -3.333517E-08 -0.9829289
vn -0.1731231 -0.9849002 2.063788E-08
vn -0.1949288 0.980776 -0.009020356
vn -0.1934303 0.9810764 -0.008597395
vn -0.1906751 0.9814991 -0.01739054
vn -0.1890432 -0.9819446 -0.006901362
vn -0.1993671 -0.9799249 2.37664E-08
vn -0.1832203 -0.9830558 0.005635209
vn -0.9978167 0.06603636 -0.001163453
vn -0.9978601 0.06536984 -0.001474864
vn -0.9978607 0.06536988 0.001032922
vn -0.2816513 0.9588636 0.03540237
vn -0.05157347 -0.002821068 0.9986653
vn -0.03432973 -0.01508866 0.9992968
vn -0.01203465 9.966127E-09 0.9999277
vn 0.01203489 1.993226E-09 0.9999277
vn 0.03432997 -0.01508868 0.9992968
vn 0.0515737 -0.002821103 0.9986653
vn 1.133107E-07 -0.3106662 0.9505192
vn -0.4759947 -0.0240406 0.8791197
vn 0.4759949 -0.02404092 0.8791195

usemtl Dungeon_Mat_01.071
f 3/3/1 2/2/1 1/1/1
f 2/6/2 5/5/2 4/4/2
f 1/9/3 2/8/3 4/7/3
f 8/12/4 7/11/4 6/10/4
f 11/15/5 10/14/5 9/13/5
f 14/18/6 13/17/6 12/16/6
f 17/21/7 16/20/7 15/19/7
f 19/24/7 17/23/7 18/22/7
f 22/27/7 21/26/7 20/25/7
f 25/30/8 24/29/8 23/28/8
f 28/33/9 27/32/9 26/31/9
f 31/36/9 30/35/9 29/34/9
f 32/39/10 3/38/10 1/37/10
f 34/42/11 32/41/11 33/40/11
f 32/45/12 1/44/12 33/43/12
f 37/48/13 36/47/13 35/46/13
f 40/51/14 39/50/14 38/49/14
f 43/54/15 42/53/15 41/52/15
f 22/57/7 21/56/7 44/55/7
f 25/60/8 24/59/8 45/58/8
f 28/63/9 27/62/9 46/61/9
f 31/66/9 30/65/9 47/64/9
f 50/69/16 49/68/16 48/67/16
f 53/72/17 52/71/17 51/70/17
f 56/75/18 55/74/18 54/73/18
f 59/78/19 58/77/19 57/76/19
f 62/81/20 61/80/20 60/79/20
f 65/84/21 64/83/21 63/82/21
f 68/87/22 67/86/22 66/85/22
f 71/90/23 70/89/23 69/88/23
f 74/93/24 73/92/24 72/91/24
f 76/96/25 75/95/25 72/94/25
f 79/99/26 78/98/26 77/97/26
f 82/102/27 81/101/27 80/100/27
f 85/105/28 84/104/28 83/103/28
f 88/108/29 87/107/29 86/106/29
f 91/111/30 90/110/30 89/109/30
f 94/114/31 93/113/31 92/112/31
f 97/117/32 96/116/32 95/115/32
f 100/120/33 99/119/33 98/118/33
f 102/123/34 101/122/34 83/121/34
f 105/126/35 104/125/35 103/124/35
f 108/129/36 107/128/36 106/127/36
f 111/132/37 110/131/37 109/130/37
f 114/135/38 113/134/38 112/133/38
f 52/138/39 116/137/39 115/136/39
f 64/141/40 117/140/40 77/139/40
f 120/144/41 119/143/41 118/142/41
f 123/147/42 122/146/42 121/145/42
f 125/150/43 124/149/43 115/148/43
f 127/153/44 126/152/44 109/151/44
f 130/156/45 129/155/45 128/154/45
f 133/159/46 132/158/46 131/157/46
f 136/162/47 135/161/47 134/160/47
f 139/165/48 138/164/48 137/163/48
f 142/168/49 141/167/49 140/166/49
f 145/171/50 144/170/50 143/169/50
f 148/174/51 147/173/51 146/172/51
f 100/177/52 150/176/52 149/175/52
f 151/180/53 100/179/53 98/178/53
f 105/183/54 152/182/54 121/181/54
f 153/186/55 105/185/55 103/184/55
f 156/189/56 155/188/56 154/187/56
f 114/192/57 158/191/57 157/190/57
f 161/195/58 160/194/58 159/193/58
f 164/198/59 163/197/59 162/196/59
f 166/201/60 165/200/60 143/199/60
f 169/204/61 168/203/61 167/202/61
f 171/207/62 170/206/62 89/205/62
f 174/210/63 173/209/63 172/208/63
f 176/213/64 175/212/64 95/211/64
f 178/216/65 177/215/65 69/214/65
f 181/219/66 180/218/66 179/217/66
f 184/222/33 183/221/33 182/220/33
f 185/225/67 184/224/67 182/223/67
f 188/228/68 187/227/68 186/226/68
f 110/231/69 188/230/69 189/229/69
f 191/234/70 53/233/70 190/232/70
f 193/237/71 145/236/71 192/235/71
f 196/240/72 195/239/72 194/238/72
f 199/243/73 198/242/73 197/241/73
f 201/246/74 200/245/74 190/244/74
f 204/249/75 203/248/75 202/247/75
f 206/252/76 205/251/76 186/250/76
f 127/255/77 208/254/77 207/253/77
f 130/258/78 209/257/78 179/256/78
f 212/261/79 211/260/79 210/259/79
f 214/264/80 136/263/80 213/262/80
f 139/267/81 216/266/81 215/265/81
f 142/270/82 218/269/82 217/268/82
f 145/273/83 193/272/83 219/271/83
f 148/276/84 221/275/84 220/274/84
f 223/279/85 222/278/85 202/277/85
f 226/282/86 225/281/86 224/280/86
f 227/285/87 217/284/87 195/283/87
f 230/288/88 229/287/88 228/286/88
f 180/291/89 181/290/89 231/289/89
f 234/294/90 233/293/90 232/292/90
f 53/297/91 191/296/91 235/295/91
f 164/300/92 237/299/92 236/298/92
f 180/303/93 239/302/93 238/301/93
f 242/306/94 241/305/94 240/304/94
f 242/309/95 244/308/95 243/307/95
f 247/312/96 246/311/96 245/310/96
f 226/315/97 249/314/97 248/313/97
f 161/318/98 251/317/98 250/316/98
f 165/321/99 166/320/99 252/319/99
f 58/324/100 253/323/100 252/322/100
f 256/327/101 255/326/101 254/325/101
f 191/330/102 258/329/102 257/328/102
f 261/333/103 260/332/103 259/331/103
f 262/336/104 150/335/104 100/334/104
f 265/339/105 264/338/105 263/337/105
f 123/342/106 266/341/106 263/340/106
f 241/345/107 268/344/107 267/343/107
f 271/348/108 270/347/108 269/346/108
f 116/351/109 52/350/109 272/349/109
f 58/354/110 59/353/110 273/352/110
f 57/357/111 274/356/111 59/355/111
f 276/360/112 117/359/112 275/358/112
f 279/363/113 278/362/113 277/361/113
f 247/366/114 281/365/114 280/364/114
f 226/369/115 283/368/115 282/367/115
f 229/372/116 230/371/116 284/370/116
f 286/375/117 229/374/117 285/373/117
f 289/378/118 288/377/118 287/376/118
f 256/381/119 291/380/119 290/379/119
f 293/384/120 292/383/120 284/382/120
f 117/387/121 276/386/121 294/385/121
f 67/390/122 68/389/122 295/388/122
f 148/393/123 297/392/123 296/391/123
f 289/396/124 148/395/124 220/394/124
f 142/399/125 299/398/125 298/397/125
f 139/402/126 300/401/126 194/400/126
f 301/405/127 139/404/127 215/403/127
f 148/408/128 289/407/128 302/406/128
f 297/411/129 148/410/129 146/409/129
f 145/414/130 304/413/130 303/412/130
f 165/417/131 145/416/131 143/415/131
f 142/420/132 227/419/132 305/418/132
f 139/423/133 301/422/133 306/421/133
f 300/426/134 139/425/134 137/424/134
f 76/429/135 308/428/135 307/427/135
f 71/432/136 309/431/136 167/430/136
f 165/435/137 288/434/137 310/433/137
f 242/438/138 312/437/138 311/436/138
f 242/441/139 314/440/139 313/439/139
f 314/444/140 242/443/140 311/442/140
f 241/447/141 242/446/141 313/445/141
f 316/450/142 288/449/142 315/448/142
f 199/453/143 318/452/143 317/451/143
f 319/456/144 199/455/144 197/454/144
f 196/459/145 320/458/145 225/457/145
f 164/462/146 161/461/146 321/460/146
f 324/465/147 323/464/147 322/463/147
f 120/468/148 163/467/148 236/466/148
f 276/471/149 120/470/149 118/469/149
f 199/474/150 319/473/150 325/472/150
f 327/477/151 199/476/151 326/475/151
f 318/480/152 199/479/152 327/478/152
f 330/483/153 329/482/153 328/481/153
f 332/486/154 251/485/154 331/484/154
f 247/489/155 265/488/155 333/487/155
f 49/492/156 50/491/156 334/490/156
f 247/495/157 336/494/157 335/493/157
f 338/498/158 337/497/158 272/496/158
f 341/501/159 340/500/159 339/499/159
f 125/504/160 342/503/160 112/502/160
f 344/507/161 343/506/161 172/505/161
f 82/510/162 153/509/162 103/508/162
f 345/513/163 82/512/163 80/511/163
f 293/516/164 188/515/164 346/514/164
f 348/519/165 105/518/165 347/517/165
f 293/522/166 230/521/166 349/520/166
f 233/525/167 351/524/167 350/523/167
f 348/528/168 102/527/168 352/526/168
f 60/531/169 61/530/169 353/529/169
f 127/534/170 110/533/170 189/532/170
f 206/537/171 185/536/171 182/535/171
f 187/540/172 206/539/172 186/538/172
f 204/543/173 355/542/173 354/541/173
f 127/546/174 356/545/174 106/544/174
f 110/549/175 127/548/175 109/547/175
f 55/552/176 56/551/176 357/550/176
f 94/555/177 261/554/177 358/553/177
f 359/558/178 94/557/178 92/556/178
f 85/561/179 151/560/179 98/559/179
f 101/564/180 85/563/180 83/562/180
f 361/567/181 108/566/181 360/565/181
f 279/570/182 181/569/182 362/568/182
f 256/573/183 184/572/183 363/571/183
f 364/576/184 256/575/184 254/574/184
f 279/579/185 223/578/185 365/577/185
f 367/582/186 366/581/186 238/580/186
f 370/585/187 369/584/187 368/583/187
f 130/588/188 372/587/188 371/586/188
f 136/591/189 214/590/189 373/589/189
f 212/594/190 375/593/190 374/592/190
f 130/597/191 180/596/191 376/595/191
f 91/600/192 378/599/192 377/598/192
f 170/603/193 91/602/193 89/601/193
f 88/606/194 380/605/194 379/604/194
f 381/609/195 88/608/195 86/607/195
f 382/612/196 368/611/196 369/610/196
f 384/615/197 383/614/197 262/613/197
f 386/618/198 232/617/198 385/616/198
f 326/621/199 387/620/199 327/619/199
f 51/624/200 389/623/200 388/622/200
f 392/627/201 391/626/201 390/625/201
f 132/630/202 133/629/202 391/628/202
f 395/633/203 394/632/203 393/631/203
f 397/636/204 396/635/204 48/634/204
f 400/639/205 399/638/205 398/637/205
f 401/642/206 249/641/206 399/640/206
f 403/645/207 402/644/207 54/643/207
f 234/648/208 56/647/208 402/646/208
f 355/651/209 234/650/209 354/649/209
f 406/654/210 405/653/210 404/652/210
f 122/657/211 123/656/211 405/655/211
f 57/660/212 407/659/212 274/658/212
f 166/663/213 227/662/213 407/661/213
f 165/666/214 310/665/214 192/664/214
f 63/669/215 409/668/215 408/667/215
f 178/672/216 289/671/216 408/670/216
f 411/675/217 410/674/217 340/673/217
f 174/678/218 340/677/218 410/676/218
f 66/681/219 412/680/219 285/679/219
f 415/684/220 414/683/220 413/682/220
f 359/687/221 108/686/221 414/685/221
f 416/690/222 415/689/222 361/688/222
f 413/693/223 361/692/223 415/691/223
f 417/696/224 397/695/224 49/694/224
f 48/699/225 49/698/225 397/697/225
f 418/702/226 51/701/226 52/700/226
f 388/705/227 53/704/227 51/703/227
f 390/708/228 419/707/228 392/706/228
f 420/711/229 403/710/229 55/709/229
f 54/714/230 55/713/230 403/712/230
f 421/717/231 400/716/231 324/715/231
f 422/720/232 326/719/232 199/718/232
f 407/723/233 58/722/233 166/721/233
f 423/726/234 58/725/234 273/724/234
f 57/729/235 58/728/235 407/727/235
f 349/732/236 62/731/236 60/730/236
f 409/735/237 64/734/237 178/733/237
f 63/738/238 64/737/238 409/736/238
f 424/741/239 411/740/239 341/739/239
f 340/744/240 341/743/240 411/742/240
f 412/747/241 67/746/241 286/745/241
f 66/750/242 67/749/242 412/748/242
f 177/753/243 71/752/243 69/751/243
f 73/756/244 76/755/244 72/754/244
f 117/759/245 79/758/245 77/757/245
f 175/762/246 97/761/246 95/760/246
f 380/765/247 425/764/247 379/763/247
f 426/768/248 102/767/248 83/766/248
f 329/771/249 50/770/249 328/769/249
f 308/774/250 312/773/250 307/772/250
f 356/777/251 108/776/251 106/775/251
f 184/780/252 356/779/252 207/778/252
f 183/783/253 184/782/253 207/781/253
f 342/786/254 114/785/254 112/784/254
f 418/789/255 52/788/255 115/787/255
f 319/792/256 251/791/256 325/790/256
f 227/795/257 166/794/257 305/793/257
f 152/798/258 123/797/258 121/796/258
f 404/801/258 123/800/258 264/799/258
f 116/804/259 125/803/259 115/802/259
f 150/807/260 55/806/260 149/805/260
f 372/810/261 130/809/261 128/808/261
f 370/813/262 133/812/262 131/811/262
f 271/816/263 136/815/263 134/814/263
f 299/819/264 142/818/264 140/817/264
f 99/822/265 100/821/265 149/820/265
f 104/825/266 105/824/266 121/823/266
f 324/828/267 156/827/267 154/826/267
f 113/831/268 114/830/268 157/829/268
f 427/834/269 164/833/269 162/832/269
f 309/837/270 169/836/270 167/835/270
f 378/840/271 270/839/271 377/838/271
f 261/843/272 111/842/272 358/841/272
f 343/846/273 174/845/273 172/844/273
f 428/849/274 97/848/274 79/847/274
f 96/852/275 97/851/275 428/850/275
f 370/855/276 429/854/276 369/853/276
f 371/858/277 372/857/277 430/856/277
f 431/861/278 181/860/278 179/859/278
f 432/864/279 191/863/279 190/862/279
f 192/867/280 145/866/280 165/865/280
f 300/870/281 196/869/281 194/868/281
f 53/873/282 201/872/282 190/871/282
f 222/876/283 204/875/283 202/874/283
f 356/879/284 127/878/284 207/877/284
f 180/882/285 130/881/285 179/880/285
f 375/885/286 212/884/286 210/883/286
f 433/888/287 214/887/287 213/886/287
f 227/891/288 142/890/288 217/889/288
f 304/894/289 145/893/289 219/892/289
f 434/897/290 223/896/290 202/895/290
f 249/900/291 226/899/291 224/898/291
f 196/903/292 227/902/292 195/901/292
f 79/906/293 117/905/293 428/904/293
f 239/909/294 180/908/294 231/907/294
f 386/912/295 234/911/295 232/910/295
f 336/915/296 323/914/296 335/913/296
f 163/918/297 164/917/297 236/916/297
f 288/921/298 165/920/298 315/919/298
f 366/924/299 180/923/299 238/922/299
f 102/927/300 56/926/300 352/925/300
f 244/930/301 242/929/301 240/928/301
f 312/933/302 242/932/302 243/931/302
f 181/936/303 279/935/303 231/934/303
f 265/939/304 247/938/304 245/937/304
f 283/942/305 226/941/305 248/940/305
f 251/945/306 332/944/306 250/943/306
f 166/948/307 58/947/307 252/946/307
f 235/951/308 191/950/308 257/949/308
f 111/954/309 261/953/309 259/952/309
f 111/957/310 295/956/310 435/955/310
f 110/960/310 111/959/310 435/958/310
f 110/963/310 435/962/310 346/961/310
f 188/966/310 110/965/310 346/964/310
f 178/969/311 64/968/311 436/967/311
f 152/972/312 351/971/312 437/970/312
f 264/975/313 123/974/313 263/973/313
f 108/978/314 356/977/314 360/976/314
f 337/981/315 116/980/315 272/979/315
f 102/984/316 348/983/316 438/982/316
f 440/987/317 49/986/317 439/985/317
f 223/990/318 279/989/318 277/988/318
f 336/993/319 247/992/319 280/991/319
f 196/996/320 226/995/320 282/994/320
f 441/999/321 229/998/321 284/997/321
f 443/1002/322 191/1001/322 442/1000/322
f 444/1005/323 289/1004/323 287/1003/323
f 184/1008/324 256/1007/324 290/1006/324
f 230/1011/325 293/1010/325 284/1009/325
f 111/1014/326 67/1013/326 295/1012/326
f 221/1017/327 148/1016/327 296/1015/327
f 218/1020/328 142/1019/328 298/1018/328
f 216/1023/329 139/1022/329 194/1021/329
f 147/1026/330 148/1025/330 302/1024/330
f 144/1029/331 145/1028/331 303/1027/331
f 141/1032/332 142/1031/332 305/1030/332
f 138/1035/333 139/1034/333 306/1033/333
f 75/1038/334 76/1037/334 307/1036/334
f 70/1041/335 71/1040/335 167/1039/335
f 445/1044/336 310/1043/336 288/1042/336
f 447/1047/337 316/1046/337 446/1045/337
f 448/1050/338 267/1049/338 330/1048/338
f 268/1053/339 330/1052/339 267/1051/339
f 198/1056/340 199/1055/340 317/1054/340
f 226/1059/341 196/1058/341 225/1057/341
f 237/1062/342 164/1061/342 321/1060/342
f 249/1065/343 318/1064/343 248/1063/343
f 421/1068/344 324/1067/344 322/1066/344
f 119/1071/345 120/1070/345 236/1069/345
f 422/1074/346 199/1073/346 325/1072/346
f 448/1077/347 330/1076/347 328/1075/347
f 449/1080/348 332/1079/348 331/1078/348
f 281/1083/349 247/1082/349 333/1081/349
f 246/1086/350 247/1085/350 335/1084/350
f 449/1089/351 338/1088/351 272/1087/351
f 450/1092/352 341/1091/352 339/1090/352
f 124/1095/353 125/1094/353 112/1093/353
f 451/1098/354 344/1097/354 172/1096/354
f 81/1101/355 82/1100/355 103/1099/355
f 292/1104/356 293/1103/356 346/1102/356
f 60/1107/357 293/1106/357 349/1105/357
f 452/1110/358 348/1109/358 352/1108/358
f 453/1113/359 60/1112/359 353/1111/359
f 386/1116/360 385/1115/360 234/1114/360
f 208/1119/361 127/1118/361 189/1117/361
f 205/1122/362 206/1121/362 182/1120/362
f 203/1125/363 204/1124/363 354/1123/363
f 126/1128/364 127/1127/364 106/1126/364
f 93/1131/365 94/1130/365 358/1129/365
f 84/1134/366 85/1133/366 98/1132/366
f 454/1137/367 361/1136/367 360/1135/367
f 278/1140/368 279/1139/368 362/1138/368
f 255/1143/369 256/1142/369 363/1141/369
f 455/1146/370 367/1145/370 238/1144/370
f 133/1149/371 370/1148/371 368/1147/371
f 209/1152/372 130/1151/372 371/1150/372
f 135/1155/373 136/1154/373 373/1153/373
f 456/1158/374 212/1157/374 374/1156/374
f 129/1161/375 130/1160/375 376/1159/375
f 90/1164/376 91/1163/376 377/1162/376
f 87/1167/377 88/1166/377 379/1165/377
f 88/1170/378 458/1169/378 457/1168/378
f 327/1173/379 387/1172/379 318/1171/379
f 388/1176/380 201/1175/380 53/1174/380
f 390/1179/381 133/1178/381 419/1177/381
f 391/1182/382 133/1181/382 390/1180/382
f 398/1185/383 249/1184/383 156/1183/383
f 399/1188/384 249/1187/384 398/1186/384
f 54/1191/385 402/1190/385 56/1189/385
f 405/1194/386 123/1193/386 404/1192/386
f 459/1197/387 274/1196/387 227/1195/387
f 407/1200/388 227/1199/388 274/1198/388
f 444/1203/389 408/1202/389 289/1201/389
f 409/1206/390 178/1205/390 408/1204/390
f 173/1209/391 174/1208/391 410/1207/391
f 441/1212/392 285/1211/392 229/1210/392
f 412/1215/393 286/1214/393 285/1213/393
f 413/1218/394 414/1217/394 108/1216/394
f 460/1221/395 359/1220/395 414/1219/395
f 367/1224/396 262/1223/396 100/1222/396
f 49/1227/397 50/1226/397 461/1225/397
f 52/1230/398 53/1229/398 462/1228/398
f 55/1233/399 56/1232/399 463/1231/399
f 58/1236/400 465/1235/400 464/1234/400
f 468/1239/401 467/1238/401 466/1237/401
f 64/1242/402 470/1241/402 469/1240/402
f 67/1245/403 472/1244/403 471/1243/403
f 474/1248/404 71/1247/404 473/1246/404
f 73/1251/405 74/1250/405 475/1249/405
f 476/1254/406 76/1253/406 475/1252/406
f 478/1257/407 79/1256/407 477/1255/407
f 480/1260/408 82/1259/408 479/1258/408
f 482/1263/409 85/1262/409 481/1261/409
f 458/1266/410 88/1265/410 483/1264/410
f 485/1269/411 91/1268/411 484/1267/411
f 487/1272/412 94/1271/412 486/1270/412
f 489/1275/413 97/1274/413 488/1273/413
f 491/1278/414 100/1277/414 490/1276/414
f 101/1281/415 102/1280/415 481/1279/415
f 493/1284/416 105/1283/416 492/1282/416
f 495/1287/417 108/1286/417 494/1285/417
f 110/1290/418 111/1289/418 496/1288/418
f 498/1293/419 114/1292/419 497/1291/419
f 116/1296/420 52/1295/420 499/1294/420
f 117/1299/421 64/1298/421 477/1297/421
f 501/1302/422 120/1301/422 500/1300/422
f 503/1305/423 123/1304/423 502/1303/423
f 504/1308/424 125/1307/424 499/1306/424
f 505/1311/425 127/1310/425 496/1309/425
f 507/1314/426 130/1313/426 506/1312/426
f 509/1317/427 133/1316/427 508/1315/427
f 511/1320/428 136/1319/428 510/1318/428
f 513/1323/429 139/1322/429 512/1321/429
f 515/1326/430 142/1325/430 514/1324/430
f 517/1329/431 145/1328/431 516/1327/431
f 519/1332/432 148/1331/432 518/1330/432
f 150/1335/433 100/1334/433 520/1333/433
f 100/1338/434 151/1337/434 490/1336/434
f 152/1341/435 105/1340/435 502/1339/435
f 105/1344/436 153/1343/436 492/1342/436
f 522/1347/437 156/1346/437 521/1345/437
f 158/1350/438 114/1349/438 523/1348/438
f 525/1353/439 161/1352/439 524/1351/439
f 163/1356/440 164/1355/440 526/1354/440
f 165/1359/441 166/1358/441 516/1357/441
f 528/1362/442 169/1361/442 527/1360/442
f 170/1365/443 171/1364/443 484/1363/443
f 530/1368/444 174/1367/444 529/1366/444
f 175/1371/445 176/1370/445 488/1369/445
f 177/1374/446 178/1373/446 473/1372/446
f 180/1377/447 181/1376/447 531/1375/447
f 533/1380/414 184/1379/414 532/1378/414
f 184/1383/448 185/1382/448 532/1381/448
f 187/1386/449 188/1385/449 534/1384/449
f 188/1389/450 110/1388/450 535/1387/450
f 53/1392/451 191/1391/451 536/1390/451
f 145/1395/452 538/1394/452 537/1393/452
f 540/1398/453 196/1397/453 539/1396/453
f 542/1401/454 199/1400/454 541/1399/454
f 543/1404/455 201/1403/455 536/1402/455
f 545/1407/456 204/1406/456 544/1405/456
f 546/1410/457 206/1409/457 534/1408/457
f 548/1413/458 127/1412/458 547/1411/458
f 549/1416/459 130/1415/459 531/1414/459
f 551/1419/460 212/1418/460 550/1417/460
f 136/1422/461 214/1421/461 552/1420/461
f 554/1425/462 139/1424/462 553/1423/462
f 556/1428/463 142/1427/463 555/1426/463
f 538/1431/464 145/1430/464 557/1429/464
f 559/1434/465 148/1433/465 558/1432/465
f 222/1437/466 223/1436/466 544/1435/466
f 561/1440/467 226/1439/467 560/1438/467
f 555/1443/468 227/1442/468 540/1441/468
f 229/1446/469 230/1445/469 562/1444/469
f 181/1449/470 180/1448/470 563/1447/470
f 233/1452/471 234/1451/471 564/1450/471
f 191/1455/472 53/1454/472 565/1453/472
f 567/1458/473 164/1457/473 566/1456/473
f 569/1461/474 180/1460/474 568/1459/474
f 241/1464/475 242/1463/475 570/1462/475
f 572/1467/476 242/1466/476 571/1465/476
f 574/1470/477 247/1469/477 573/1468/477
f 249/1473/478 226/1472/478 575/1471/478
f 251/1476/479 161/1475/479 576/1474/479
f 166/1479/480 165/1478/480 577/1477/480
f 578/1482/481 58/1481/481 577/1480/481
f 580/1485/482 256/1484/482 579/1483/482
f 258/1488/483 191/1487/483 581/1486/483
f 583/1491/484 261/1490/484 582/1489/484
f 150/1494/485 584/1493/485 100/1492/485
f 264/1497/486 265/1496/486 585/1495/486
f 586/1500/487 123/1499/487 585/1498/487
f 268/1503/488 241/1502/488 587/1501/488
f 270/1506/489 271/1505/489 588/1504/489
f 52/1509/490 116/1508/490 589/1507/490
f 465/1512/491 58/1511/491 590/1510/491
f 591/1515/492 464/1514/492 465/1513/492
f 117/1518/493 276/1517/493 592/1516/493
f 594/1521/494 279/1520/494 593/1519/494
f 596/1524/495 247/1523/495 595/1522/495
f 598/1527/496 226/1526/496 597/1525/496
f 230/1530/497 229/1529/497 599/1528/497
f 229/1533/498 286/1532/498 600/1531/498
f 288/1536/499 289/1535/499 601/1534/499
f 603/1539/500 256/1538/500 602/1537/500
f 604/1542/501 293/1541/501 599/1540/501
f 276/1545/502 117/1544/502 605/1543/502
f 472/1548/503 67/1547/503 606/1546/503
f 297/1551/504 148/1550/504 607/1549/504
f 148/1554/505 289/1553/505 558/1552/505
f 299/1557/506 142/1556/506 608/1555/506
f 300/1560/507 139/1559/507 539/1558/507
f 139/1563/508 301/1562/508 553/1561/508
f 289/1566/509 148/1565/509 609/1564/509
f 148/1569/510 297/1568/510 518/1567/510
f 304/1572/511 145/1571/511 610/1570/511
f 145/1575/512 165/1574/512 516/1573/512
f 227/1578/513 142/1577/513 611/1576/513
f 301/1581/514 139/1580/514 612/1579/514
f 139/1584/515 300/1583/515 512/1582/515
f 308/1587/516 76/1586/516 613/1585/516
f 309/1590/517 71/1589/517 527/1588/517
f 288/1593/518 165/1592/518 614/1591/518
f 312/1596/519 242/1595/519 615/1594/519
f 617/1599/520 242/1598/520 616/1597/520
f 242/1602/521 617/1601/521 615/1600/521
f 242/1605/522 241/1604/522 616/1603/522
f 288/1608/523 316/1607/523 618/1606/523
f 318/1611/524 199/1610/524 619/1609/524
f 199/1614/525 319/1613/525 541/1612/525
f 620/1617/526 196/1616/526 561/1615/526
f 161/1620/527 164/1619/527 621/1618/527
f 323/1623/528 324/1622/528 622/1621/528
f 163/1626/529 120/1625/529 566/1624/529
f 120/1629/530 276/1628/530 500/1627/530
f 319/1632/531 199/1631/531 623/1630/531
f 199/1635/532 625/1634/532 624/1633/532
f 199/1638/533 318/1637/533 625/1636/533
f 329/1641/534 330/1640/534 626/1639/534
f 251/1644/535 332/1643/535 627/1642/535
f 265/1647/536 247/1646/536 628/1645/536
f 50/1650/537 49/1649/537 629/1648/537
f 336/1653/538 247/1652/538 630/1651/538
f 632/1656/539 631/1655/539 589/1654/539
f 340/1659/540 341/1658/540 633/1657/540
f 342/1662/541 125/1661/541 497/1660/541
f 343/1665/542 344/1664/542 529/1663/542
f 153/1668/543 82/1667/543 492/1666/543
f 82/1671/544 345/1670/544 479/1669/544
f 188/1674/545 293/1673/545 634/1672/545
f 105/1677/546 348/1676/546 635/1675/546
f 230/1680/547 293/1679/547 636/1678/547
f 351/1683/548 233/1682/548 637/1681/548
f 102/1686/549 348/1685/549 638/1684/549
f 468/1689/550 466/1688/550 639/1687/550
f 110/1692/551 127/1691/551 535/1690/551
f 185/1695/552 206/1694/552 532/1693/552
f 206/1698/553 187/1697/553 534/1696/553
f 355/1701/554 204/1700/554 640/1699/554
f 356/1704/555 127/1703/555 494/1702/555
f 127/1707/556 110/1706/556 496/1705/556
f 56/1710/557 55/1709/557 641/1708/557
f 261/1713/558 94/1712/558 642/1711/558
f 94/1716/559 359/1715/559 486/1714/559
f 151/1719/560 85/1718/560 490/1717/560
f 85/1722/561 101/1721/561 481/1720/561
f 108/1725/562 361/1724/562 643/1723/562
f 181/1728/563 279/1727/563 644/1726/563
f 184/1731/564 256/1730/564 645/1729/564
f 256/1734/565 364/1733/565 579/1732/565
f 223/1737/566 279/1736/566 646/1735/566
f 366/1740/567 367/1739/567 568/1738/567
f 648/1743/568 370/1742/568 647/1741/568
f 372/1746/569 130/1745/569 649/1744/569
f 214/1749/570 136/1748/570 650/1747/570
f 375/1752/571 212/1751/571 651/1750/571
f 180/1755/572 130/1754/572 652/1753/572
f 378/1758/573 91/1757/573 653/1756/573
f 91/1761/574 170/1760/574 484/1759/574
f 380/1764/575 88/1763/575 457/1762/575
f 88/1767/576 381/1766/576 483/1765/576
f 647/1770/577 654/1769/577 648/1768/577
f 656/1773/578 655/1772/578 584/1771/578
f 564/1776/579 658/1775/579 657/1774/579
f 659/1779/580 624/1778/580 625/1777/580
f 661/1782/581 462/1781/581 660/1780/581
f 664/1785/582 663/1784/582 662/1783/582
f 133/1788/583 509/1787/583 664/1786/583
f 667/1791/584 666/1790/584 665/1789/584
f 669/1794/585 668/1793/585 461/1792/585
f 672/1797/586 671/1796/586 670/1795/586
f 249/1800/587 673/1799/587 672/1798/587
f 675/1803/588 674/1802/588 463/1801/588
f 56/1806/589 234/1805/589 675/1804/589
f 234/1809/590 355/1808/590 640/1807/590
f 678/1812/591 677/1811/591 676/1810/591
f 123/1815/592 503/1814/592 678/1813/592
f 679/1818/593 464/1817/593 591/1816/593
f 227/1821/594 166/1820/594 679/1819/594
f 614/1824/595 165/1823/595 537/1822/595
f 681/1827/596 469/1826/596 680/1825/596
f 289/1830/597 178/1829/597 680/1828/597
f 683/1833/598 682/1832/598 340/1831/598
f 340/1836/599 174/1835/599 683/1834/599
f 684/1839/600 471/1838/600 600/1837/600
f 687/1842/601 686/1841/601 685/1840/601
f 108/1845/602 359/1844/602 687/1843/602
f 686/1848/603 688/1847/603 361/1846/603
f 361/1851/604 685/1850/604 686/1849/604
f 668/1854/605 689/1853/605 49/1852/605
f 49/1857/606 461/1856/606 668/1855/606
f 462/1860/607 690/1859/607 52/1858/607
f 53/1863/608 660/1862/608 462/1861/608
f 419/1866/609 662/1865/609 663/1864/609
f 674/1869/610 691/1868/610 55/1867/610
f 55/1872/611 463/1871/611 674/1870/611
f 671/1875/612 692/1874/612 324/1873/612
f 624/1878/613 693/1877/613 199/1876/613
f 58/1881/614 679/1880/614 166/1879/614
f 58/1884/615 423/1883/615 590/1882/615
f 58/1887/616 464/1886/616 679/1885/616
f 467/1890/617 636/1889/617 466/1888/617
f 64/1893/618 681/1892/618 178/1891/618
f 64/1896/619 469/1895/619 681/1894/619
f 682/1899/620 694/1898/620 341/1897/620
f 341/1902/621 340/1901/621 682/1900/621
f 67/1905/622 684/1904/622 286/1903/622
f 67/1908/623 471/1907/623 684/1906/623
f 71/1911/624 177/1910/624 473/1909/624
f 76/1914/625 73/1913/625 475/1912/625
f 79/1917/626 117/1916/626 477/1915/626
f 97/1920/627 175/1919/627 488/1918/627
f 425/1923/628 380/1922/628 457/1921/628
f 102/1926/629 695/1925/629 481/1924/629
f 50/1929/630 329/1928/630 626/1927/630
f 312/1932/631 308/1931/631 613/1930/631
f 108/1935/632 356/1934/632 494/1933/632
f 356/1938/633 184/1937/633 547/1936/633
f 184/1941/634 533/1940/634 547/1939/634
f 114/1944/635 342/1943/635 497/1942/635
f 52/1947/636 690/1946/636 499/1945/636
f 251/1950/637 319/1949/637 623/1948/637
f 166/1953/638 227/1952/638 611/1951/638
f 123/1956/639 152/1955/639 502/1954/639
f 123/1959/639 676/1958/639 264/1957/639
f 125/1962/640 116/1961/640 499/1960/640
f 55/1965/641 150/1964/641 520/1963/641
f 130/1968/642 372/1967/642 506/1966/642
f 133/1971/643 370/1970/643 508/1969/643
f 136/1974/644 271/1973/644 510/1972/644
f 142/1977/645 299/1976/645 514/1975/645
f 100/1980/646 491/1979/646 520/1978/646
f 105/1983/647 493/1982/647 502/1981/647
f 156/1986/648 324/1985/648 521/1984/648
f 114/1989/649 498/1988/649 523/1987/649
f 164/1992/650 696/1991/650 526/1990/650
f 169/1995/651 309/1994/651 527/1993/651
f 270/1998/652 378/1997/652 653/1996/652
f 111/2001/653 261/2000/653 642/1999/653
f 174/2004/654 343/2003/654 529/2002/654
f 97/2007/655 697/2006/655 79/2005/655
f 97/2010/656 489/2009/656 697/2008/656
f 429/2013/657 370/2012/657 648/2011/657
f 372/2016/658 649/2015/658 698/2014/658
f 181/2019/659 699/2018/659 531/2017/659
f 191/2022/660 700/2021/660 536/2020/660
f 145/2025/661 537/2024/661 165/2023/661
f 196/2028/662 300/2027/662 539/2026/662
f 201/2031/663 53/2030/663 536/2029/663
f 204/2034/664 222/2033/664 544/2032/664
f 127/2037/665 356/2036/665 547/2035/665
f 130/2040/666 180/2039/666 531/2038/666
f 212/2043/667 375/2042/667 550/2041/667
f 214/2046/668 701/2045/668 552/2044/668
f 142/2049/669 227/2048/669 555/2047/669
f 145/2052/670 304/2051/670 557/2050/670
f 223/2055/671 702/2054/671 544/2053/671
f 226/2058/672 249/2057/672 560/2056/672
f 227/2061/673 196/2060/673 540/2059/673
f 117/2064/674 79/2063/674 697/2062/674
f 180/2067/675 569/2066/675 563/2065/675
f 234/2070/676 658/2069/676 564/2068/676
f 323/2073/677 336/2072/677 630/2071/677
f 164/2076/678 163/2075/678 566/2074/678
f 165/2079/679 288/2078/679 618/2077/679
f 180/2082/680 366/2081/680 568/2080/680
f 56/2085/681 102/2084/681 638/2083/681
f 242/2088/682 572/2087/682 570/2086/682
f 242/2091/683 312/2090/683 571/2089/683
f 279/2094/684 181/2093/684 563/2092/684
f 247/2097/685 265/2096/685 573/2095/685
f 226/2100/686 598/2099/686 575/2098/686
f 332/2103/687 251/2102/687 576/2101/687
f 58/2106/688 166/2105/688 577/2104/688
f 191/2109/689 565/2108/689 581/2107/689
f 261/2112/690 111/2111/690 582/2110/690
f 606/2115/691 111/2114/691 703/2113/691
f 111/2118/691 110/2117/691 703/2116/691
f 703/2121/691 110/2120/691 634/2119/691
f 110/2124/691 188/2123/691 634/2122/691
f 64/2127/692 178/2126/692 704/2125/692
f 351/2130/693 152/2129/693 705/2128/693
f 123/2133/694 264/2132/694 585/2131/694
f 356/2136/695 108/2135/695 643/2134/695
f 468/2139/696 187/2138/696 158/2137/696
f 116/2142/697 632/2141/697 589/2140/697
f 348/2145/698 102/2144/698 706/2143/698
f 49/2148/699 440/2147/699 707/2146/699
f 279/2151/700 223/2150/700 593/2149/700
f 247/2154/701 336/2153/701 595/2152/701
f 226/2157/702 196/2156/702 597/2155/702
f 229/2160/703 708/2159/703 599/2158/703
f 191/2163/704 710/2162/704 709/2161/704
f 289/2166/705 711/2165/705 601/2164/705
f 256/2169/706 184/2168/706 602/2167/706
f 293/2172/707 230/2171/707 599/2170/707
f 67/2175/708 111/2174/708 606/2173/708
f 148/2178/709 559/2177/709 607/2176/709
f 142/2181/710 556/2180/710 608/2179/710
f 139/2184/711 554/2183/711 539/2182/711
f 148/2187/712 519/2186/712 609/2185/712
f 145/2190/713 517/2189/713 610/2188/713
f 142/2193/714 515/2192/714 611/2191/714
f 139/2196/715 513/2195/715 612/2194/715
f 76/2199/716 476/2198/716 613/2197/716
f 71/2202/717 474/2201/717 527/2200/717
f 614/2205/718 712/2204/718 288/2203/718
f 316/2208/719 447/2207/719 713/2206/719
f 587/2211/720 714/2210/720 330/2209/720
f 330/2214/721 268/2213/721 587/2212/721
f 199/2217/722 542/2216/722 619/2215/722
f 196/2220/723 226/2219/723 561/2218/723
f 164/2223/724 567/2222/724 621/2221/724
f 318/2226/725 249/2225/725 575/2224/725
f 324/2229/726 692/2228/726 622/2227/726
f 120/2232/727 501/2231/727 566/2230/727
f 199/2235/728 693/2234/728 623/2233/728
f 330/2238/729 714/2237/729 626/2236/729
f 332/2241/730 715/2240/730 627/2239/730
f 247/2244/731 596/2243/731 628/2242/731
f 247/2247/732 574/2246/732 630/2245/732
f 631/2250/733 715/2249/733 589/2248/733
f 341/2253/734 716/2252/734 633/2251/734
f 125/2256/735 504/2255/735 497/2254/735
f 344/2259/736 717/2258/736 529/2257/736
f 82/2262/737 480/2261/737 492/2260/737
f 293/2265/738 604/2264/738 634/2263/738
f 293/2268/739 466/2267/739 636/2266/739
f 348/2271/740 718/2270/740 638/2269/740
f 466/2274/741 719/2273/741 639/2272/741
f 657/2277/742 658/2276/742 234/2275/742
f 127/2280/743 548/2279/743 535/2278/743
f 206/2283/744 546/2282/744 532/2281/744
f 204/2286/745 545/2285/745 640/2284/745
f 127/2289/746 505/2288/746 494/2287/746
f 61/2292/747 158/2291/747 187/2290/747
f 721/2295/748 342/2294/748 720/2293/748
f 94/2298/749 487/2297/749 642/2296/749
f 85/2301/750 482/2300/750 490/2299/750
f 361/2304/751 722/2303/751 643/2302/751
f 279/2307/752 594/2306/752 644/2305/752
f 256/2310/753 580/2309/753 645/2308/753
f 367/2313/754 723/2312/754 568/2311/754
f 370/2316/755 133/2315/755 647/2314/755
f 130/2319/756 549/2318/756 649/2317/756
f 136/2322/757 511/2321/757 650/2320/757
f 212/2325/758 724/2324/758 651/2323/758
f 130/2328/759 507/2327/759 652/2326/759
f 91/2331/760 485/2330/760 653/2329/760
f 659/2334/761 625/2333/761 318/2332/761
f 201/2337/762 660/2336/762 53/2335/762
f 133/2340/763 662/2339/763 419/2338/763
f 133/2343/764 664/2342/764 662/2341/764
f 726/2346/765 725/2345/765 342/2344/765
f 249/2349/766 670/2348/766 156/2347/766
f 249/2352/767 672/2351/767 670/2350/767
f 675/2355/768 463/2354/768 56/2353/768
f 123/2358/769 678/2357/769 676/2356/769
f 591/2361/770 727/2360/770 227/2359/770
f 227/2364/771 679/2363/771 591/2362/771
f 680/2367/772 711/2366/772 289/2365/772
f 178/2370/773 681/2369/773 680/2368/773
f 174/2373/774 530/2372/774 683/2371/774
f 600/2376/775 708/2375/775 229/2374/775
f 286/2379/776 684/2378/776 600/2377/776
f 687/2382/777 685/2381/777 108/2380/777
f 359/2385/778 728/2384/778 687/2383/778
f 584/2388/779 367/2387/779 100/2386/779
f 468/2391/780 158/2390/780 467/2389/780
f 639/2394/781 187/2393/781 468/2392/781
f 61/2397/782 187/2396/782 353/2395/782
f 62/2400/783 158/2399/783 61/2398/783
f 355/2403/784 720/2402/784 342/2401/784
f 729/2406/785 720/2405/785 355/2404/785
f 355/2409/786 725/2408/786 730/2407/786
f 342/2412/787 725/2411/787 355/2410/787
f 733/2415/788 732/2414/788 731/2413/788
f 735/2418/788 732/2417/788 734/2416/788
f 737/2421/789 14/2420/789 736/2419/789
f 42/2424/789 738/2423/789 736/2422/789
f 736/2427/789 12/2426/789 739/2425/789
f 41/2430/789 736/2429/789 739/2428/789
f 736/2433/789 14/2432/789 12/2431/789
f 42/2436/789 736/2435/789 41/2434/789
f 264/2439/790 440/2438/790 406/2437/790
f 404/2442/791 264/2441/791 406/2440/791
f 156/2445/792 324/2444/792 398/2443/792
f 398/2448/793 324/2447/793 400/2446/793
f 425/2451/794 740/2450/794 379/2449/794
f 366/2454/795 381/2453/795 86/2452/795
f 180/2457/796 366/2456/796 376/2455/796
f 741/2460/797 366/2459/797 86/2458/797
f 366/2463/798 741/2462/798 376/2461/798
f 742/2466/799 406/2465/799 440/2464/799
f 50/2469/800 743/2468/800 328/2467/800
f 312/2472/801 744/2471/801 307/2470/801
f 270/2475/802 745/2474/802 377/2473/802
f 732/2478/803 747/2477/803 746/2476/803
f 748/2481/804 732/2480/804 746/2479/804
f 251/2484/805 159/2483/805 325/2482/805
f 251/2487/806 161/2486/806 159/2485/806
f 161/2490/807 749/2489/807 321/2488/807
f 749/2493/808 750/2492/808 321/2491/808
f 750/2496/809 749/2495/809 751/2494/809
f 749/2499/809 752/2498/809 751/2497/809
f 166/2502/810 753/2501/810 305/2500/810
f 753/2505/811 166/2504/811 143/2503/811
f 754/2508/812 370/2507/812 131/2506/812
f 755/2511/813 754/2510/813 131/2509/813
f 429/2514/814 756/2513/814 369/2512/814
f 372/2517/815 757/2516/815 430/2515/815
f 234/2520/816 758/2519/816 354/2518/816
f 758/2523/817 234/2522/817 402/2521/817
f 336/2526/818 319/2525/818 197/2524/818
f 759/2529/819 336/2528/819 197/2527/819
f 336/2532/820 759/2531/820 322/2530/820
f 323/2535/821 336/2534/821 322/2533/821
f 188/2538/822 760/2537/822 189/2536/822
f 760/2541/823 188/2540/823 186/2539/823
f 318/2544/824 761/2543/824 248/2542/824
f 288/2547/825 289/2546/825 220/2545/825
f 445/2550/826 288/2549/826 220/2548/826
f 117/2553/827 762/2552/827 428/2551/827
f 762/2556/828 117/2555/828 294/2554/828
f 419/2559/829 364/2558/829 254/2557/829
f 763/2562/830 419/2561/830 254/2560/830
f 185/2565/831 764/2564/831 363/2563/831
f 184/2568/832 185/2567/832 363/2566/832
f 165/2571/833 765/2570/833 315/2569/833
f 765/2574/834 165/2573/834 252/2572/834
f 300/2577/835 766/2576/835 320/2575/835
f 196/2580/836 300/2579/836 320/2578/836
f 56/2583/837 767/2582/837 352/2581/837
f 300/2586/838 312/2585/838 243/2584/838
f 766/2589/839 300/2588/839 243/2587/839
f 351/2592/840 768/2591/840 437/2590/840
f 345/2595/841 440/2594/841 439/2593/841
f 769/2598/842 345/2597/842 439/2596/842
f 356/2601/843 770/2600/843 360/2599/843
f 191/2604/844 340/2603/844 442/2602/844
f 732/2607/845 735/2606/845 362/2605/845
f 181/2610/846 732/2609/846 362/2608/846
f 222/2613/847 223/2612/847 277/2611/847
f 771/2616/848 222/2615/848 277/2614/848
f 116/2619/849 337/2618/849 333/2617/849
f 265/2622/850 116/2621/850 333/2620/850
f 319/2625/851 772/2624/851 331/2623/851
f 251/2628/852 319/2627/852 331/2626/852
f 227/2631/853 196/2630/853 282/2629/853
f 459/2634/854 227/2633/854 282/2632/854
f 773/2637/855 276/2636/855 118/2635/855
f 276/2640/856 773/2639/856 294/2638/856
f 447/2643/857 446/2642/857 774/2641/857
f 163/2646/858 447/2645/858 774/2644/858
f 163/2649/859 774/2648/859 775/2647/859
f 423/2652/860 163/2651/860 775/2650/860
f 423/2655/861 776/2654/861 162/2653/861
f 163/2658/862 423/2657/862 162/2656/862
f 777/2661/863 74/2660/863 72/2659/863
f 778/2664/864 171/2663/864 89/2662/864
f 779/2667/865 176/2666/865 95/2665/865
f 780/2670/866 178/2669/866 69/2668/866
f 156/2673/867 241/2672/867 155/2671/867
f 241/2676/868 781/2675/868 155/2674/868
f 781/2679/869 241/2678/869 267/2677/869
f 52/2682/870 53/2681/870 782/2680/870
f 783/2685/871 265/2684/871 263/2683/871
f 265/2688/872 783/2687/872 784/2686/872
f 116/2691/873 265/2690/873 784/2689/873
f 785/2694/874 271/2693/874 269/2692/874
f 383/2697/875 150/2696/875 262/2695/875
f 786/2700/876 150/2699/876 383/2698/876
f 440/2703/877 264/2702/877 677/2701/877
f 264/2706/878 676/2705/878 677/2704/878
f 324/2709/879 156/2708/879 670/2707/879
f 324/2712/880 670/2711/880 671/2710/880
f 787/2715/881 425/2714/881 457/2713/881
f 381/2718/882 366/2717/882 483/2716/882
f 366/2721/883 180/2720/883 652/2719/883
f 366/2724/884 788/2723/884 483/2722/884
f 788/2727/885 366/2726/885 652/2725/885
f 677/2730/886 789/2729/886 440/2728/886
f 790/2733/887 50/2732/887 626/2731/887
f 791/2736/888 312/2735/888 613/2734/888
f 792/2739/889 270/2738/889 653/2737/889
f 794/2742/890 732/2741/890 793/2740/890
f 732/2745/891 748/2744/891 793/2743/891
f 524/2748/892 251/2747/892 623/2746/892
f 161/2751/893 251/2750/893 524/2749/893
f 749/2754/894 161/2753/894 621/2752/894
f 795/2757/895 749/2756/895 621/2755/895
f 749/2760/896 795/2759/896 796/2758/896
f 752/2763/896 749/2762/896 796/2761/896
f 797/2766/897 166/2765/897 611/2764/897
f 166/2769/898 797/2768/898 516/2767/898
f 370/2772/899 754/2771/899 508/2770/899
f 754/2775/900 798/2774/900 508/2773/900
f 799/2778/901 429/2777/901 648/2776/901
f 757/2781/902 372/2780/902 698/2779/902
f 800/2784/903 234/2783/903 640/2782/903
f 234/2787/904 800/2786/904 675/2785/904
f 319/2790/905 336/2789/905 541/2788/905
f 336/2793/906 801/2792/906 541/2791/906
f 801/2796/907 336/2795/907 622/2794/907
f 336/2799/908 323/2798/908 622/2797/908
f 802/2802/909 188/2801/909 535/2800/909
f 188/2805/910 802/2804/910 534/2803/910
f 803/2808/911 318/2807/911 575/2806/911
f 289/2811/912 288/2810/912 558/2809/912
f 288/2814/913 712/2813/913 558/2812/913
f 804/2817/914 117/2816/914 697/2815/914
f 117/2820/915 804/2819/915 605/2818/915
f 364/2823/916 419/2822/916 579/2821/916
f 419/2826/917 805/2825/917 579/2824/917
f 806/2829/918 185/2828/918 645/2827/918
f 185/2832/919 184/2831/919 645/2830/919
f 807/2835/920 165/2834/920 618/2833/920
f 165/2838/921 807/2837/921 577/2836/921
f 808/2841/922 300/2840/922 620/2839/922
f 300/2844/923 196/2843/923 620/2842/923
f 809/2847/924 56/2846/924 638/2845/924
f 312/2850/925 300/2849/925 571/2848/925
f 300/2853/926 808/2852/926 571/2851/926
f 810/2856/927 351/2855/927 705/2854/927
f 440/2859/928 345/2858/928 707/2857/928
f 345/2862/929 811/2861/929 707/2860/929
f 812/2865/930 356/2864/930 643/2863/930
f 340/2868/931 191/2867/931 709/2866/931
f 731/2871/932 732/2870/932 644/2869/932
f 732/2874/933 181/2873/933 644/2872/933
f 223/2877/934 222/2876/934 593/2875/934
f 222/2880/935 813/2879/935 593/2878/935
f 632/2883/936 116/2882/936 628/2881/936
f 116/2886/937 265/2885/937 628/2884/937
f 814/2889/938 319/2888/938 627/2887/938
f 319/2892/939 251/2891/939 627/2890/939
f 196/2895/940 227/2894/940 597/2893/940
f 227/2898/941 727/2897/941 597/2896/941
f 276/2901/942 773/2900/942 500/2899/942
f 773/2904/943 276/2903/943 605/2902/943
f 713/2907/944 447/2906/944 815/2905/944
f 447/2910/945 163/2909/945 815/2908/945
f 815/2913/946 163/2912/946 816/2911/946
f 163/2916/947 423/2915/947 816/2914/947
f 817/2919/948 423/2918/948 526/2917/948
f 423/2922/949 163/2921/949 526/2920/949
f 74/2925/950 818/2924/950 475/2923/950
f 171/2928/951 819/2927/951 484/2926/951
f 176/2931/952 820/2930/952 488/2929/952
f 178/2934/953 821/2933/953 473/2932/953
f 241/2937/954 156/2936/954 522/2935/954
f 822/2940/955 241/2939/955 522/2938/955
f 241/2943/956 822/2942/956 587/2941/956
f 53/2946/957 52/2945/957 823/2944/957
f 265/2949/958 824/2948/958 585/2947/958
f 824/2952/959 265/2951/959 825/2950/959
f 265/2955/960 116/2954/960 825/2953/960
f 271/2958/961 826/2957/961 588/2956/961
f 150/2961/962 656/2960/962 584/2959/962
f 150/2964/963 827/2963/963 656/2962/963
f 828/2967/964 36/2966/964 37/2965/964
f 8/2970/964 828/2969/964 7/2968/964
f 831/2973/7 830/2972/7 829/2971/7
f 833/2976/7 831/2975/7 832/2974/7
f 835/2979/7 829/2978/7 834/2977/7
f 832/2982/7 835/2981/7 836/2980/7
f 835/2985/7 834/2984/7 837/2983/7
f 836/2988/7 835/2987/7 837/2986/7
f 840/2991/9 839/2990/9 838/2989/9
f 839/2994/9 842/2993/9 841/2992/9
f 844/2997/9 843/2996/9 840/2995/9
f 843/3000/9 845/2999/9 842/2998/9
f 844/3003/9 846/3002/9 843/3001/9
f 846/3006/9 845/3005/9 843/3004/9
f 389/3009/965 201/3008/965 388/3007/965
f 847/3012/966 201/3011/966 389/3010/966
f 201/3015/967 847/3014/967 157/3013/967
f 158/3018/968 201/3017/968 157/3016/968
f 201/3021/969 661/3020/969 660/3019/969
f 201/3024/970 848/3023/970 661/3022/970
f 848/3027/971 201/3026/971 523/3025/971
f 201/3030/972 158/3029/972 523/3028/972
f 813/3033/973 222/3032/973 733/3031/973
f 733/3036/974 222/3035/974 732/3034/974
f 734/3039/975 732/3038/975 222/3037/975
f 734/3042/976 222/3041/976 771/3040/976
f 851/3045/977 850/3044/977 849/3043/977
f 851/3048/977 852/3047/977 850/3046/977
f 853/3051/977 852/3050/977 851/3049/977
f 853/3054/977 854/3053/977 852/3052/977
f 854/3057/977 855/3056/977 852/3055/977
f 852/3060/977 855/3059/977 856/3058/977
f 852/3063/977 856/3062/977 850/3061/977
f 850/3066/977 856/3065/977 857/3064/977
f 850/3069/978 858/3068/978 849/3067/978
f 850/3072/978 859/3071/978 858/3070/978
f 859/3075/978 860/3074/978 858/3073/978
f 859/3078/978 861/3077/978 860/3076/978
f 861/3081/978 859/3080/978 862/3079/978
f 862/3084/978 859/3083/978 863/3082/978
f 859/3087/978 850/3086/978 863/3085/978
f 863/3090/978 850/3089/978 857/3088/978
f 866/3093/979 865/3092/979 864/3091/979
f 866/3096/979 867/3095/979 865/3094/979
f 867/3099/979 866/3098/979 868/3097/979
f 868/3102/979 866/3101/979 869/3100/979
f 870/3105/980 865/3104/980 867/3103/980
f 870/3108/980 867/3107/980 871/3106/980
f 853/3111/980 870/3110/980 871/3109/980
f 853/3114/980 871/3113/980 854/3112/980
f 871/3117/980 855/3116/980 854/3115/980
f 872/3120/980 855/3119/980 871/3118/980
f 867/3123/980 872/3122/980 871/3121/980
f 868/3126/980 872/3125/980 867/3124/980
f 861/3129/981 864/3128/981 860/3127/981
f 861/3132/981 866/3131/981 864/3130/981
f 866/3135/981 861/3134/981 869/3133/981
f 869/3138/981 861/3137/981 862/3136/981
f 858/3141/359 860/3140/359 864/3139/359
f 858/3144/359 864/3143/359 873/3142/359
f 849/3147/359 858/3146/359 873/3145/359
f 873/3150/359 864/3149/359 865/3148/359
f 849/3153/359 873/3152/359 851/3151/359
f 873/3156/359 865/3155/359 870/3154/359
f 873/3159/359 853/3158/359 851/3157/359
f 873/3162/359 870/3161/359 853/3160/359
f 876/3165/982 875/3164/982 874/3163/982
f 876/3168/982 877/3167/982 875/3166/982
f 877/3171/982 878/3170/982 875/3169/982
f 875/3174/982 878/3173/982 879/3172/982
f 875/3177/983 880/3176/983 874/3175/983
f 875/3180/983 881/3179/983 880/3178/983
f 881/3183/983 882/3182/983 880/3181/983
f 881/3186/983 883/3185/983 882/3184/983
f 883/3189/983 881/3188/983 884/3187/983
f 884/3192/983 881/3191/983 885/3190/983
f 881/3195/983 875/3194/983 885/3193/983
f 885/3198/983 875/3197/983 879/3196/983
f 886/3201/984 877/3200/984 876/3199/984
f 886/3204/984 887/3203/984 877/3202/984
f 887/3207/984 888/3206/984 877/3205/984
f 877/3210/984 888/3209/984 878/3208/984
f 891/3213/985 890/3212/985 889/3211/985
f 891/3216/985 892/3215/985 890/3214/985
f 892/3219/985 891/3218/985 893/3217/985
f 893/3222/985 891/3221/985 894/3220/985
f 880/3225/359 882/3224/359 889/3223/359
f 880/3228/359 889/3227/359 895/3226/359
f 874/3231/359 880/3230/359 895/3229/359
f 874/3234/359 895/3233/359 876/3232/359
f 895/3237/359 886/3236/359 876/3235/359
f 895/3240/359 896/3239/359 886/3238/359
f 889/3243/359 896/3242/359 895/3241/359
f 889/3246/359 890/3245/359 896/3244/359
f 883/3249/986 889/3248/986 882/3247/986
f 883/3252/986 891/3251/986 889/3250/986
f 891/3255/986 883/3254/986 894/3253/986
f 894/3258/986 883/3257/986 884/3256/986
f 896/3261/987 890/3260/987 892/3259/987
f 896/3264/987 892/3263/987 897/3262/987
f 886/3267/987 896/3266/987 897/3265/987
f 886/3270/987 897/3269/987 887/3268/987
f 897/3273/987 888/3272/987 887/3271/987
f 898/3276/987 888/3275/987 897/3274/987
f 892/3279/987 898/3278/987 897/3277/987
f 893/3282/987 898/3281/987 892/3280/987
f 901/3285/988 900/3284/988 899/3283/988
f 901/3288/988 902/3287/988 900/3286/988
f 902/3291/988 903/3290/988 900/3289/988
f 900/3294/988 903/3293/988 904/3292/988
f 900/3297/989 905/3296/989 899/3295/989
f 900/3300/989 906/3299/989 905/3298/989
f 906/3303/989 907/3302/989 905/3301/989
f 906/3306/989 908/3305/989 907/3304/989
f 908/3309/989 906/3308/989 909/3307/989
f 909/3312/989 906/3311/989 910/3310/989
f 906/3315/989 900/3314/989 910/3313/989
f 910/3318/989 900/3317/989 904/3316/989
f 911/3321/990 902/3320/990 901/3319/990
f 911/3324/990 912/3323/990 902/3322/990
f 912/3327/990 913/3326/990 902/3325/990
f 902/3330/990 913/3329/990 903/3328/990
f 5/3333/991 3/3332/991 914/3331/991
f 2/3336/992 3/3335/992 5/3334/992
f 1/3339/993 4/3338/993 915/3337/993
f 908/3342/994 1/3341/994 915/3340/994
f 908/3345/994 915/3344/994 907/3343/994
f 1/3348/994 908/3347/994 916/3346/994
f 33/3351/993 1/3350/993 916/3349/993
f 916/3354/994 908/3353/994 909/3352/994
f 4/3357/359 5/3356/359 915/3355/359
f 915/3360/359 5/3359/359 914/3358/359
f 915/3363/359 914/3362/359 917/3361/359
f 917/3366/359 914/3365/359 911/3364/359
f 917/3369/359 911/3368/359 901/3367/359
f 899/3372/359 917/3371/359 901/3370/359
f 899/3375/359 905/3374/359 917/3373/359
f 905/3378/359 915/3377/359 917/3376/359
f 905/3381/359 907/3380/359 915/3379/359
f 920/3384/995 919/3383/995 918/3382/995
f 920/3387/995 921/3386/995 919/3385/995
f 922/3390/995 921/3389/995 920/3388/995
f 922/3393/995 923/3392/995 921/3391/995
f 923/3396/995 924/3395/995 921/3394/995
f 921/3399/995 924/3398/995 925/3397/995
f 921/3402/995 925/3401/995 919/3400/995
f 919/3405/995 925/3404/995 926/3403/995
f 919/3408/996 927/3407/996 918/3406/996
f 919/3411/996 928/3410/996 927/3409/996
f 928/3414/996 929/3413/996 927/3412/996
f 928/3417/996 930/3416/996 929/3415/996
f 930/3420/996 928/3419/996 931/3418/996
f 931/3423/996 928/3422/996 932/3421/996
f 928/3426/996 919/3425/996 932/3424/996
f 932/3429/996 919/3428/996 926/3427/996
f 935/3432/997 934/3431/997 933/3430/997
f 935/3435/997 936/3434/997 934/3433/997
f 936/3438/997 935/3437/997 937/3436/997
f 937/3441/997 935/3440/997 938/3439/997
f 927/3444/359 929/3443/359 933/3442/359
f 927/3447/359 933/3446/359 939/3445/359
f 918/3450/359 927/3449/359 939/3448/359
f 918/3453/359 939/3452/359 920/3451/359
f 939/3456/359 922/3455/359 920/3454/359
f 939/3459/359 940/3458/359 922/3457/359
f 933/3462/359 940/3461/359 939/3460/359
f 933/3465/359 934/3464/359 940/3463/359
f 930/3468/998 933/3467/998 929/3466/998
f 930/3471/998 935/3470/998 933/3469/998
f 935/3474/998 930/3473/998 938/3472/998
f 938/3477/998 930/3476/998 931/3475/998
f 940/3480/999 934/3479/999 936/3478/999
f 940/3483/999 936/3482/999 941/3481/999
f 922/3486/999 940/3485/999 941/3484/999
f 922/3489/999 941/3488/999 923/3487/999
f 941/3492/999 924/3491/999 923/3490/999
f 942/3495/999 924/3494/999 941/3493/999
f 936/3498/999 942/3497/999 941/3496/999
f 937/3501/999 942/3500/999 936/3499/999
f 945/3504/1000 944/3503/1000 943/3502/1000
f 945/3507/1000 946/3506/1000 944/3505/1000
f 946/3510/1000 945/3509/1000 947/3508/1000
f 947/3513/1000 945/3512/1000 948/3511/1000
f 946/3516/1001 6/3515/1001 944/3514/1001
f 946/3519/1001 8/3518/1001 6/3517/1001
f 949/3522/1001 8/3521/1001 946/3520/1001
f 36/3525/1001 949/3524/1001 946/3523/1001
f 36/3528/1001 946/3527/1001 35/3526/1001
f 35/3531/1001 946/3530/1001 947/3529/1001
f 952/3534/1002 951/3533/1002 950/3532/1002
f 952/3537/1002 950/3536/1002 953/3535/1002
f 943/3540/1002 952/3539/1002 953/3538/1002
f 943/3543/1002 953/3542/1002 945/3541/1002
f 953/3546/1002 948/3545/1002 945/3544/1002
f 954/3549/1002 948/3548/1002 953/3547/1002
f 950/3552/1002 954/3551/1002 953/3550/1002
f 955/3555/1002 954/3554/1002 950/3553/1002
f 956/3558/1003 950/3557/1003 951/3556/1003
f 956/3561/1003 957/3560/1003 950/3559/1003
f 958/3564/1003 957/3563/1003 956/3562/1003
f 958/3567/1003 959/3566/1003 957/3565/1003
f 959/3570/1003 960/3569/1003 957/3568/1003
f 957/3573/1003 960/3572/1003 961/3571/1003
f 957/3576/1003 961/3575/1003 950/3574/1003
f 950/3579/1003 961/3578/1003 955/3577/1003
f 6/3582/359 7/3581/359 962/3580/359
f 6/3585/359 962/3584/359 944/3583/359
f 944/3588/359 962/3587/359 963/3586/359
f 963/3591/359 962/3590/359 958/3589/359
f 943/3594/359 944/3593/359 963/3592/359
f 963/3597/359 958/3596/359 956/3595/359
f 943/3600/359 963/3599/359 952/3598/359
f 951/3603/359 963/3602/359 956/3601/359
f 951/3606/359 952/3605/359 963/3604/359
f 966/3609/1004 965/3608/1004 964/3607/1004
f 966/3612/1004 964/3611/1004 967/3610/1004
f 968/3615/1004 966/3614/1004 967/3613/1004
f 969/3618/1004 966/3617/1004 968/3616/1004
f 970/3621/8 967/3620/8 964/3619/8
f 970/3624/8 971/3623/8 967/3622/8
f 972/3627/8 971/3626/8 970/3625/8
f 972/3630/8 973/3629/8 971/3628/8
f 973/3633/8 974/3632/8 971/3631/8
f 971/3636/8 974/3635/8 975/3634/8
f 971/3639/8 975/3638/8 967/3637/8
f 967/3642/8 975/3641/8 968/3640/8
f 977/3645/1005 976/3644/1005 830/3643/1005
f 977/3648/1005 830/3647/1005 831/3646/1005
f 833/3651/1005 977/3650/1005 831/3649/1005
f 978/3654/1005 977/3653/1005 833/3652/1005
f 837/3657/1006 834/3656/1006 965/3655/1006
f 837/3660/1006 965/3659/1006 966/3658/1006
f 969/3663/1006 837/3662/1006 966/3661/1006
f 836/3666/1006 837/3665/1006 969/3664/1006
f 973/3669/1007 972/3668/1007 976/3667/1007
f 973/3672/1007 976/3671/1007 977/3670/1007
f 978/3675/1007 973/3674/1007 977/3673/1007
f 974/3678/1007 973/3677/1007 978/3676/1007
f 981/3681/1008 980/3680/1008 979/3679/1008
f 981/3684/1008 979/3683/1008 982/3682/1008
f 983/3687/1008 981/3686/1008 982/3685/1008
f 984/3690/1008 981/3689/1008 983/3688/1008
f 985/3693/8 982/3692/8 979/3691/8
f 985/3696/8 986/3695/8 982/3694/8
f 986/3699/8 987/3698/8 982/3697/8
f 982/3702/8 987/3701/8 983/3700/8
f 985/3705/8 988/3704/8 986/3703/8
f 988/3708/8 987/3707/8 986/3706/8
f 985/3711/8 11/3710/8 988/3709/8
f 10/3714/8 11/3713/8 985/3712/8
f 39/3717/8 987/3716/8 988/3715/8
f 39/3720/8 40/3719/8 987/3718/8
f 10/3723/1009 985/3722/1009 9/3721/1009
f 9/3726/1009 985/3725/1009 989/3724/1009
f 989/3729/359 985/3728/359 990/3727/359
f 990/3732/359 985/3731/359 979/3730/359
f 991/3735/359 989/3734/359 990/3733/359
f 990/3738/359 979/3737/359 980/3736/359
f 991/3741/359 990/3740/359 992/3739/359
f 990/3744/359 980/3743/359 993/3742/359
f 990/3747/359 993/3746/359 992/3745/359
f 9/3750/1010 989/3749/1010 11/3748/1010
f 11/3753/1011 989/3752/1011 988/3751/1011
f 994/3756/7 991/3755/7 992/3754/7
f 994/3759/7 992/3758/7 995/3757/7
f 995/3762/7 992/3761/7 993/3760/7
f 995/3765/7 993/3764/7 996/3763/7
f 997/3768/7 995/3767/7 996/3766/7
f 998/3771/7 995/3770/7 997/3769/7
f 998/3774/7 994/3773/7 995/3772/7
f 999/3777/7 994/3776/7 998/3775/7
f 996/3780/1012 993/3779/1012 980/3778/1012
f 996/3783/1012 980/3782/1012 981/3781/1012
f 984/3786/1012 996/3785/1012 981/3784/1012
f 997/3789/1012 996/3788/1012 984/3787/1012
f 1002/3792/359 1001/3791/359 1000/3790/359
f 1002/3795/359 1000/3794/359 1003/3793/359
f 1004/3798/359 1002/3797/359 1003/3796/359
f 13/3801/359 1003/3800/359 1000/3799/359
f 1004/3804/359 1003/3803/359 1005/3802/359
f 13/3807/359 14/3806/359 1003/3805/359
f 1003/3810/359 1006/3809/359 1005/3808/359
f 1003/3813/359 14/3812/359 737/3811/359
f 1003/3816/359 737/3815/359 1006/3814/359
f 1007/3819/8 1002/3818/8 1004/3817/8
f 1007/3822/8 1004/3821/8 1008/3820/8
f 1009/3825/8 1007/3824/8 1008/3823/8
f 1010/3828/8 1007/3827/8 1009/3826/8
f 1011/3831/1013 1006/3830/1013 737/3829/1013
f 1011/3834/1013 737/3833/1013 736/3832/1013
f 738/3837/1013 1011/3836/1013 736/3835/1013
f 1012/3840/1013 1011/3839/1013 738/3838/1013
f 1014/3843/1014 1013/3842/1014 838/3841/1014
f 1014/3846/1014 838/3845/1014 839/3844/1014
f 841/3849/1014 1014/3848/1014 839/3847/1014
f 1015/3852/1014 1014/3851/1014 841/3850/1014
f 1018/3855/1015 1017/3854/1015 1016/3853/1015
f 1018/3858/1015 1016/3857/1015 1019/3856/1015
f 1020/3861/1015 1018/3860/1015 1019/3859/1015
f 1021/3864/1015 1018/3863/1015 1020/3862/1015
f 1023/3867/1016 1022/3866/1016 1013/3865/1016
f 1023/3870/1016 1013/3869/1016 1014/3868/1016
f 1015/3873/1016 1023/3872/1016 1014/3871/1016
f 1024/3876/1016 1023/3875/1016 1015/3874/1016
f 1019/3879/788 1016/3878/788 1025/3877/788
f 1019/3882/788 1025/3881/788 1026/3880/788
f 1026/3885/788 1025/3884/788 1022/3883/788
f 1026/3888/788 1022/3887/788 1023/3886/788
f 1024/3891/788 1026/3890/788 1023/3889/788
f 1027/3894/788 1026/3893/788 1024/3892/788
f 1027/3897/788 1019/3896/788 1026/3895/788
f 1020/3900/788 1019/3899/788 1027/3898/788
f 846/3903/1017 844/3902/1017 1017/3901/1017
f 846/3906/1017 1017/3905/1017 1018/3904/1017
f 1021/3909/1017 846/3908/1017 1018/3907/1017
f 845/3912/1017 846/3911/1017 1021/3910/1017
f 1030/3915/9 1029/3914/9 1028/3913/9
f 1030/3918/9 1031/3917/9 1029/3916/9
f 1032/3921/9 1031/3920/9 1030/3919/9
f 1032/3924/9 1033/3923/9 1031/3922/9
f 1033/3927/9 1034/3926/9 1031/3925/9
f 1031/3930/9 1034/3929/9 1035/3928/9
f 1031/3933/9 1035/3932/9 1029/3931/9
f 1029/3936/9 1035/3935/9 1036/3934/9
f 1039/3939/1018 1038/3938/1018 1037/3937/1018
f 1039/3942/1018 1037/3941/1018 1040/3940/1018
f 1041/3945/1018 1039/3944/1018 1040/3943/1018
f 1042/3948/1018 1039/3947/1018 1041/3946/1018
f 1045/3951/7 1044/3950/7 1043/3949/7
f 1045/3954/7 1043/3953/7 1046/3952/7
f 1046/3957/7 1043/3956/7 1028/3955/7
f 1046/3960/7 1028/3959/7 1029/3958/7
f 1036/3963/7 1046/3962/7 1029/3961/7
f 1047/3966/7 1046/3965/7 1036/3964/7
f 1047/3969/7 1045/3968/7 1046/3967/7
f 1048/3972/7 1045/3971/7 1047/3970/7
f 1049/3975/359 1043/3974/359 1044/3973/359
f 1049/3978/359 1050/3977/359 1043/3976/359
f 1050/3981/359 1028/3980/359 1043/3979/359
f 1037/3984/359 1050/3983/359 1049/3982/359
f 1050/3987/359 1030/3986/359 1028/3985/359
f 1037/3990/359 1038/3989/359 1050/3988/359
f 1032/3993/359 1030/3992/359 1050/3991/359
f 1032/3996/359 1050/3995/359 1038/3994/359
f 1040/3999/788 1037/3998/788 1049/3997/788
f 1040/4002/788 1049/4001/788 1051/4000/788
f 1051/4005/788 1049/4004/788 1044/4003/788
f 1051/4008/788 1044/4007/788 1045/4006/788
f 1048/4011/788 1051/4010/788 1045/4009/788
f 1052/4014/788 1051/4013/788 1048/4012/788
f 1052/4017/788 1040/4016/788 1051/4015/788
f 1041/4020/788 1040/4019/788 1052/4018/788
f 1033/4023/1019 1032/4022/1019 1038/4021/1019
f 1033/4026/1019 1038/4025/1019 1039/4024/1019
f 1042/4029/1019 1033/4028/1019 1039/4027/1019
f 1034/4032/1019 1033/4031/1019 1042/4030/1019
f 1055/4035/1020 1054/4034/1020 1053/4033/1020
f 1055/4038/1020 1053/4037/1020 1056/4036/1020
f 1057/4041/1020 1055/4040/1020 1056/4039/1020
f 1058/4044/1020 1055/4043/1020 1057/4042/1020
f 1059/4047/8 1056/4046/8 1053/4045/8
f 1059/4050/8 1060/4049/8 1056/4048/8
f 1061/4053/8 1060/4052/8 1059/4051/8
f 1061/4056/8 1062/4055/8 1060/4054/8
f 1062/4059/8 1063/4058/8 1060/4057/8
f 1060/4062/8 1063/4061/8 1064/4060/8
f 1060/4065/8 1064/4064/8 1056/4063/8
f 1056/4068/8 1064/4067/8 1057/4066/8
f 1066/4071/1021 1065/4070/1021 16/4069/1021
f 1066/4074/1021 16/4073/1021 17/4072/1021
f 19/4077/1021 1066/4076/1021 17/4075/1021
f 1067/4080/1021 1066/4079/1021 19/4078/1021
f 1070/4083/7 1069/4082/7 1068/4081/7
f 1071/4086/7 1070/4085/7 1068/4084/7
f 1068/4089/1022 1069/4088/1022 1054/4087/1022
f 1068/4092/1022 1054/4091/1022 1055/4090/1022
f 1058/4095/1022 1068/4094/1022 1055/4093/1022
f 1071/4098/1022 1068/4097/1022 1058/4096/1022
f 1062/4101/1023 1061/4100/1023 1065/4099/1023
f 1062/4104/1023 1065/4103/1023 1066/4102/1023
f 1067/4107/1023 1062/4106/1023 1066/4105/1023
f 1063/4110/1023 1062/4109/1023 1067/4108/1023
f 1074/4113/1024 1073/4112/1024 1072/4111/1024
f 1074/4116/1024 1072/4115/1024 1075/4114/1024
f 1076/4119/1024 1074/4118/1024 1075/4117/1024
f 1077/4122/1024 1074/4121/1024 1076/4120/1024
f 1078/4125/8 1075/4124/8 1072/4123/8
f 1078/4128/8 1079/4127/8 1075/4126/8
f 1080/4131/8 1079/4130/8 1078/4129/8
f 1080/4134/8 1081/4133/8 1079/4132/8
f 1081/4137/8 1082/4136/8 1079/4135/8
f 1079/4140/8 1082/4139/8 1083/4138/8
f 1079/4143/8 1083/4142/8 1075/4141/8
f 1075/4146/8 1083/4145/8 1076/4144/8
f 1081/4149/1025 1080/4148/1025 1084/4147/1025
f 1081/4152/1025 1084/4151/1025 1085/4150/1025
f 1086/4155/1025 1081/4154/1025 1085/4153/1025
f 1082/4158/1025 1081/4157/1025 1086/4156/1025
f 1085/4161/1026 1084/4160/1026 1087/4159/1026
f 1085/4164/1026 1087/4163/1026 1088/4162/1026
f 1089/4167/1026 1085/4166/1026 1088/4165/1026
f 1086/4170/1026 1085/4169/1026 1089/4168/1026
f 1088/4173/7 1087/4172/7 1090/4171/7
f 1088/4176/7 1090/4175/7 1091/4174/7
f 1091/4179/7 1090/4178/7 1092/4177/7
f 1091/4182/7 1092/4181/7 1093/4180/7
f 1094/4185/7 1091/4184/7 1093/4183/7
f 1095/4188/7 1091/4187/7 1094/4186/7
f 1095/4191/7 1088/4190/7 1091/4189/7
f 1089/4194/7 1088/4193/7 1095/4192/7
f 1093/4197/1027 1092/4196/1027 1073/4195/1027
f 1093/4200/1027 1073/4199/1027 1074/4198/1027
f 1077/4203/1027 1093/4202/1027 1074/4201/1027
f 1094/4206/1027 1093/4205/1027 1077/4204/1027
f 1098/4209/1028 1097/4208/1028 1096/4207/1028
f 1098/4212/1028 1099/4211/1028 1097/4210/1028
f 1098/4215/359 1096/4214/359 1100/4213/359
f 1098/4218/359 1100/4217/359 1101/4216/359
f 1102/4221/359 1098/4220/359 1101/4219/359
f 1102/4224/359 1103/4223/359 1098/4222/359
f 1104/4227/7 1100/4226/7 1096/4225/7
f 1104/4230/7 1096/4229/7 1097/4228/7
f 1103/4233/1029 1105/4232/1029 1099/4231/1029
f 1103/4236/1029 1099/4235/1029 1098/4234/1029
f 1105/4239/8 1103/4238/8 1102/4237/8
f 1105/4242/8 1102/4241/8 1106/4240/8
f 1106/4245/1030 1102/4244/1030 1101/4243/1030
f 1106/4248/1030 1101/4247/1030 1107/4246/1030
f 1107/4251/1031 1101/4250/1031 1100/4249/1031
f 1107/4254/1031 1100/4253/1031 1104/4252/1031
f 1110/4257/1032 1109/4256/1032 1108/4255/1032
f 1110/4260/1032 1111/4259/1032 1109/4258/1032
f 1110/4263/359 1108/4262/359 1112/4261/359
f 1110/4266/359 1112/4265/359 1113/4264/359
f 1114/4269/359 1110/4268/359 1113/4267/359
f 1114/4272/359 1115/4271/359 1110/4270/359
f 1116/4275/7 1112/4274/7 1108/4273/7
f 1116/4278/7 1108/4277/7 1109/4276/7
f 1115/4281/1033 1117/4280/1033 1111/4279/1033
f 1115/4284/1033 1111/4283/1033 1110/4282/1033
f 1117/4287/8 1115/4286/8 1114/4285/8
f 1117/4290/8 1114/4289/8 1118/4288/8
f 1118/4293/1034 1114/4292/1034 1113/4291/1034
f 1118/4296/1034 1113/4295/1034 1119/4294/1034
f 1119/4299/1035 1113/4298/1035 1112/4297/1035
f 1119/4302/1035 1112/4301/1035 1116/4300/1035
f 1120/4305/359 20/4304/359 21/4303/359
f 1120/4308/359 1121/4307/359 20/4306/359
f 24/4311/359 1121/4310/359 1120/4309/359
f 24/4314/359 1120/4313/359 23/4312/359
f 1121/4317/1036 44/4316/1036 20/4315/1036
f 1121/4320/1036 1122/4319/1036 44/4318/1036
f 1123/4323/1037 21/4322/1037 22/4321/1037
f 1123/4326/1037 1120/4325/1037 21/4324/1037
f 45/4329/1038 1120/4328/1038 1123/4327/1038
f 45/4332/1038 23/4331/1038 1120/4330/1038
f 24/4335/1039 25/4334/1039 1122/4333/1039
f 24/4338/1039 1122/4337/1039 1121/4336/1039
f 1124/4341/359 26/4340/359 27/4339/359
f 1124/4344/359 1125/4343/359 26/4342/359
f 1126/4347/359 1125/4346/359 1124/4345/359
f 1126/4350/359 1124/4349/359 1127/4348/359
f 1125/4353/1040 46/4352/1040 26/4351/1040
f 1125/4356/1040 1128/4355/1040 46/4354/1040
f 1129/4359/1041 27/4358/1041 28/4357/1041
f 1129/4362/1041 1124/4361/1041 27/4360/1041
f 1130/4365/1042 1124/4364/1042 1129/4363/1042
f 1130/4368/1042 1127/4367/1042 1124/4366/1042
f 1131/4371/788 1127/4370/788 1130/4369/788
f 1131/4374/788 1126/4373/788 1127/4372/788
f 1126/4377/1043 1131/4376/1043 1128/4375/1043
f 1126/4380/1043 1128/4379/1043 1125/4378/1043
f 1132/4383/359 29/4382/359 30/4381/359
f 1132/4386/359 1133/4385/359 29/4384/359
f 1134/4389/359 1133/4388/359 1132/4387/359
f 1134/4392/359 1132/4391/359 1135/4390/359
f 1136/4395/359 1134/4394/359 1135/4393/359
f 1136/4398/359 1137/4397/359 1134/4396/359
f 1133/4401/1044 47/4400/1044 29/4399/1044
f 1133/4404/1044 1138/4403/1044 47/4402/1044
f 1134/4407/1045 1138/4406/1045 1133/4405/1045
f 1134/4410/1045 1139/4409/1045 1138/4408/1045
f 1137/4413/8 1139/4412/8 1134/4411/8
f 1137/4416/8 1140/4415/8 1139/4414/8
f 1140/4419/788 1137/4418/788 1136/4417/788
f 1140/4422/788 1136/4421/788 1141/4420/788
f 1141/4425/7 1136/4424/7 1135/4423/7
f 1141/4428/7 1135/4427/7 1142/4426/7
f 1142/4431/1046 1135/4430/1046 1132/4429/1046
f 1142/4434/1046 1132/4433/1046 1143/4432/1046
f 1143/4437/1047 30/4436/1047 31/4435/1047
f 1143/4440/1047 1132/4439/1047 30/4438/1047
f 1146/4443/359 1145/4442/359 1144/4441/359
f 1146/4446/359 1147/4445/359 1145/4444/359
f 1147/4449/8 1148/4448/8 1145/4447/8
f 1147/4452/8 1149/4451/8 1148/4450/8
f 1150/4455/9 1145/4454/9 1148/4453/9
f 1150/4458/9 1144/4457/9 1145/4456/9
f 1151/4461/7 1144/4460/7 1150/4459/7
f 1151/4464/7 1146/4463/7 1144/4462/7
f 1149/4467/788 1146/4466/788 1151/4465/788
f 1149/4470/788 1147/4469/788 1146/4468/788
f 1154/4473/359 1153/4472/359 1152/4471/359
f 1154/4476/359 1155/4475/359 1153/4474/359
f 1155/4479/8 1156/4478/8 1153/4477/8
f 1155/4482/8 1157/4481/8 1156/4480/8
f 1158/4485/9 1153/4484/9 1156/4483/9
f 1158/4488/9 1152/4487/9 1153/4486/9
f 1159/4491/7 1152/4490/7 1158/4489/7
f 1159/4494/7 1154/4493/7 1152/4492/7
f 1157/4497/788 1154/4496/788 1159/4495/788
f 1157/4500/788 1155/4499/788 1154/4498/788
f 862/4503/741 863/4502/741 869/4501/741
f 869/4506/741 863/4505/741 1160/4504/741
f 863/4509/741 857/4508/741 1160/4507/741
f 869/4512/741 1160/4511/741 868/4510/741
f 1160/4515/741 857/4514/741 856/4513/741
f 868/4518/741 1160/4517/741 872/4516/741
f 855/4521/741 1160/4520/741 856/4519/741
f 872/4524/741 1160/4523/741 855/4522/741
f 884/4527/741 885/4526/741 894/4525/741
f 894/4530/741 885/4529/741 1161/4528/741
f 885/4533/741 879/4532/741 1161/4531/741
f 1161/4536/741 879/4535/741 878/4534/741
f 888/4539/741 1161/4538/741 878/4537/741
f 898/4542/741 1161/4541/741 888/4540/741
f 898/4545/741 894/4544/741 1161/4543/741
f 893/4548/741 894/4547/741 898/4546/741
f 3/4551/1048 34/4550/1048 1162/4549/1048
f 3/4554/1049 32/4553/1049 34/4552/1049
f 34/4557/741 33/4556/741 916/4555/741
f 34/4560/741 916/4559/741 1162/4558/741
f 1162/4563/741 916/4562/741 1163/4561/741
f 1162/4566/741 1163/4565/741 913/4564/741
f 913/4569/741 1163/4568/741 903/4567/741
f 1163/4572/741 904/4571/741 903/4570/741
f 910/4575/741 904/4574/741 1163/4573/741
f 916/4578/741 910/4577/741 1163/4576/741
f 909/4581/741 910/4580/741 916/4579/741
f 931/4584/741 932/4583/741 938/4582/741
f 938/4587/741 932/4586/741 1164/4585/741
f 932/4590/741 926/4589/741 1164/4588/741
f 1164/4593/741 926/4592/741 925/4591/741
f 924/4596/741 1164/4595/741 925/4594/741
f 942/4599/741 1164/4598/741 924/4597/741
f 942/4602/741 938/4601/741 1164/4600/741
f 937/4605/741 938/4604/741 942/4603/741
f 37/4608/741 35/4607/741 1165/4606/741
f 1165/4611/741 35/4610/741 947/4609/741
f 1165/4614/741 947/4613/741 1166/4612/741
f 1165/4617/741 1166/4616/741 960/4615/741
f 947/4620/741 948/4619/741 1166/4618/741
f 960/4623/741 1166/4622/741 961/4621/741
f 1166/4626/741 948/4625/741 954/4624/741
f 1166/4629/741 955/4628/741 961/4627/741
f 954/4632/741 955/4631/741 1166/4630/741
f 987/4635/1050 40/4634/1050 38/4633/1050
f 987/4638/1050 38/4637/1050 1167/4636/1050
f 987/4641/741 1167/4640/741 1168/4639/741
f 987/4644/741 1168/4643/741 983/4642/741
f 1167/4647/741 999/4646/741 1168/4645/741
f 983/4650/741 1168/4649/741 984/4648/741
f 1168/4653/741 999/4652/741 998/4651/741
f 984/4656/741 1168/4655/741 997/4654/741
f 997/4659/741 1168/4658/741 998/4657/741
f 1167/4662/1051 38/4661/1051 39/4660/1051
f 1167/4665/1052 39/4664/1052 988/4663/1052
f 1170/4668/741 1010/4667/741 1169/4666/741
f 1169/4671/741 1010/4670/741 1171/4669/741
f 1010/4674/741 1009/4673/741 1171/4672/741
f 1171/4677/741 43/4676/741 1169/4675/741
f 1171/4680/741 1009/4679/741 1172/4678/741
f 42/4683/741 43/4682/741 1171/4681/741
f 1012/4686/741 1171/4685/741 1172/4684/741
f 42/4689/741 1171/4688/741 738/4687/741
f 738/4692/741 1171/4691/741 1012/4690/741
f 1047/4695/741 1052/4694/741 1048/4693/741
f 1173/4698/741 1052/4697/741 1047/4696/741
f 1036/4701/741 1173/4700/741 1047/4699/741
f 1173/4704/741 1041/4703/741 1052/4702/741
f 1035/4707/741 1173/4706/741 1036/4705/741
f 1042/4710/741 1041/4709/741 1173/4708/741
f 1035/4713/741 1034/4712/741 1173/4711/741
f 1173/4716/741 1034/4715/741 1042/4714/741
f 1096/4719/1028 1099/4718/1028 1097/4717/1028
f 1098/4722/1028 1099/4721/1028 1096/4720/1028
f 1097/4725/741 1099/4724/741 1104/4723/741
f 1104/4728/741 1099/4727/741 1107/4726/741
f 1099/4731/741 1106/4730/741 1107/4729/741
f 1105/4734/741 1106/4733/741 1099/4732/741
f 1104/4737/7 1100/4736/7 1097/4735/7
f 1097/4740/7 1100/4739/7 1096/4738/7
f 1103/4743/1029 1105/4742/1029 1098/4741/1029
f 1098/4746/1029 1105/4745/1029 1099/4744/1029
f 1105/4749/8 1103/4748/8 1106/4747/8
f 1106/4752/8 1103/4751/8 1102/4750/8
f 1106/4755/1030 1102/4754/1030 1107/4753/1030
f 1107/4758/1030 1102/4757/1030 1101/4756/1030
f 1107/4761/1031 1101/4760/1031 1104/4759/1031
f 1104/4764/1031 1101/4763/1031 1100/4762/1031
f 1108/4767/1032 1111/4766/1032 1109/4765/1032
f 1110/4770/1032 1111/4769/1032 1108/4768/1032
f 1109/4773/741 1111/4772/741 1116/4771/741
f 1116/4776/741 1111/4775/741 1119/4774/741
f 1111/4779/741 1118/4778/741 1119/4777/741
f 1117/4782/741 1118/4781/741 1111/4780/741
f 1116/4785/7 1112/4784/7 1109/4783/7
f 1109/4788/7 1112/4787/7 1108/4786/7
f 1115/4791/1033 1117/4790/1033 1110/4789/1033
f 1110/4794/1033 1117/4793/1033 1111/4792/1033
f 1117/4797/8 1115/4796/8 1118/4795/8
f 1118/4800/8 1115/4799/8 1114/4798/8
f 1118/4803/1034 1114/4802/1034 1119/4801/1034
f 1119/4806/1034 1114/4805/1034 1113/4804/1034
f 1119/4809/1035 1113/4808/1035 1116/4807/1035
f 1116/4812/1035 1113/4811/1035 1112/4810/1035
f 44/4815/741 1123/4814/741 22/4813/741
f 1122/4818/741 1123/4817/741 44/4816/741
f 1122/4821/741 25/4820/741 1123/4819/741
f 1123/4824/741 25/4823/741 45/4822/741
f 20/4827/1036 1122/4826/1036 44/4825/1036
f 1121/4830/1036 1122/4829/1036 20/4828/1036
f 22/4833/1037 1120/4832/1037 21/4831/1037
f 1123/4836/1037 1120/4835/1037 22/4834/1037
f 1123/4839/1038 23/4838/1038 1120/4837/1038
f 45/4842/1038 23/4841/1038 1123/4840/1038
f 24/4845/1039 25/4844/1039 1121/4843/1039
f 1121/4848/1039 25/4847/1039 1122/4846/1039
f 46/4851/741 1129/4850/741 28/4849/741
f 1128/4854/741 1129/4853/741 46/4852/741
f 1128/4857/741 1131/4856/741 1129/4855/741
f 1129/4860/741 1131/4859/741 1130/4858/741
f 26/4863/1040 1128/4862/1040 46/4861/1040
f 1125/4866/1040 1128/4865/1040 26/4864/1040
f 28/4869/1041 1124/4868/1041 27/4867/1041
f 1129/4872/1041 1124/4871/1041 28/4870/1041
f 1129/4875/1042 1127/4874/1042 1124/4873/1042
f 1130/4878/1042 1127/4877/1042 1129/4876/1042
f 1130/4881/788 1126/4880/788 1127/4879/788
f 1131/4884/788 1126/4883/788 1130/4882/788
f 1126/4887/1043 1131/4886/1043 1125/4885/1043
f 1125/4890/1043 1131/4889/1043 1128/4888/1043
f 47/4893/741 1143/4892/741 31/4891/741
f 1138/4896/741 1143/4895/741 47/4894/741
f 1138/4899/741 1139/4898/741 1143/4897/741
f 1143/4902/741 1139/4901/741 1142/4900/741
f 1139/4905/741 1141/4904/741 1142/4903/741
f 1140/4908/741 1141/4907/741 1139/4906/741
f 29/4911/1044 1138/4910/1044 47/4909/1044
f 1133/4914/1044 1138/4913/1044 29/4912/1044
f 1133/4917/1045 1139/4916/1045 1138/4915/1045
f 1134/4920/1045 1139/4919/1045 1133/4918/1045
f 1134/4923/8 1140/4922/8 1139/4921/8
f 1137/4926/8 1140/4925/8 1134/4924/8
f 1140/4929/788 1137/4928/788 1141/4927/788
f 1141/4932/788 1137/4931/788 1136/4930/788
f 1141/4935/7 1136/4934/7 1142/4933/7
f 1142/4938/7 1136/4937/7 1135/4936/7
f 1142/4941/1046 1135/4940/1046 1143/4939/1046
f 1143/4944/1046 1135/4943/1046 1132/4942/1046
f 31/4947/1047 1132/4946/1047 30/4945/1047
f 1143/4950/1047 1132/4949/1047 31/4948/1047
f 1148/4953/741 1151/4952/741 1150/4951/741
f 1149/4956/741 1151/4955/741 1148/4954/741
f 1145/4959/8 1149/4958/8 1148/4957/8
f 1147/4962/8 1149/4961/8 1145/4960/8
f 1148/4965/9 1144/4964/9 1145/4963/9
f 1150/4968/9 1144/4967/9 1148/4966/9
f 1150/4971/7 1146/4970/7 1144/4969/7
f 1151/4974/7 1146/4973/7 1150/4972/7
f 1151/4977/788 1147/4976/788 1146/4975/788
f 1149/4980/788 1147/4979/788 1151/4978/788
f 1156/4983/741 1159/4982/741 1158/4981/741
f 1157/4986/741 1159/4985/741 1156/4984/741
f 1153/4989/8 1157/4988/8 1156/4987/8
f 1155/4992/8 1157/4991/8 1153/4990/8
f 1156/4995/9 1152/4994/9 1153/4993/9
f 1158/4998/9 1152/4997/9 1156/4996/9
f 1158/5001/7 1154/5000/7 1152/4999/7
f 1159/5004/7 1154/5003/7 1158/5002/7
f 1159/5007/788 1155/5006/788 1154/5005/788
f 1157/5010/788 1155/5009/788 1159/5008/788
f 250/5013/359 1175/5012/359 1174/5011/359
f 1176/5016/359 250/5015/359 1174/5014/359
f 1176/5019/1053 1174/5018/1053 257/5017/1053
f 1177/5022/1054 1176/5021/1054 257/5020/1054
f 257/5025/1055 1174/5024/1055 235/5023/1055
f 105/5028/1056 348/5027/1056 393/5026/1056
f 393/5031/1057 348/5030/1057 395/5029/1057
f 452/5034/1058 395/5033/1058 348/5032/1058
f 262/5037/1059 367/5036/1059 384/5035/1059
f 455/5040/1060 384/5039/1060 367/5038/1060
f 770/5043/1061 290/5042/1061 291/5041/1061
f 1178/5046/1062 770/5045/1062 291/5044/1062
f 1178/5049/1062 291/5048/1062 1179/5047/1062
f 360/5052/359 770/5051/359 1178/5050/359
f 454/5055/359 360/5054/359 1178/5053/359
f 419/5058/1063 748/5057/1063 392/5056/1063
f 746/5061/1064 392/5060/1064 748/5059/1064
f 311/5064/1065 1181/5063/1065 1180/5062/1065
f 314/5067/1065 311/5066/1065 1180/5065/1065
f 314/5070/1065 1180/5069/1065 313/5068/1065
f 1180/5073/1065 1182/5072/1065 313/5071/1065
f 746/5076/359 747/5075/359 456/5074/359
f 1183/5079/359 746/5078/359 456/5077/359
f 1183/5082/359 456/5081/359 374/5080/359
f 755/5085/359 1183/5084/359 374/5083/359
f 1184/5088/359 368/5087/359 382/5086/359
f 1185/5091/359 1184/5090/359 382/5089/359
f 1186/5094/1066 1185/5093/1066 382/5092/1066
f 213/5097/1067 1186/5096/1067 382/5095/1067
f 213/5100/1068 382/5099/1068 433/5098/1068
f 363/5103/359 764/5102/359 1187/5101/359
f 255/5106/359 363/5105/359 1187/5104/359
f 255/5109/1069 1187/5108/1069 254/5107/1069
f 1187/5112/1069 763/5111/1069 254/5110/1069
f 344/5115/1070 451/5114/1070 1188/5113/1070
f 1189/5118/1070 344/5117/1070 1188/5116/1070
f 740/5121/1071 425/5120/1071 128/5119/1071
f 425/5124/1071 372/5123/1071 128/5122/1071
f 440/5127/1072 345/5126/1072 80/5125/1072
f 742/5130/1073 440/5129/1073 80/5128/1073
f 743/5133/1074 50/5132/1074 1190/5131/1074
f 50/5136/1075 323/5135/1075 1190/5134/1075
f 744/5139/1076 312/5138/1076 137/5137/1076
f 312/5142/1077 300/5141/1077 137/5140/1077
f 168/5145/1078 169/5144/1078 146/5143/1078
f 169/5148/1078 297/5147/1078 146/5146/1078
f 297/5151/1079 1191/5150/1079 296/5149/1079
f 1191/5154/1079 1192/5153/1079 296/5152/1079
f 1192/5157/1079 1191/5156/1079 219/5155/1079
f 1191/5160/1079 304/5159/1079 219/5158/1079
f 1193/5163/1078 299/5162/1078 140/5161/1078
f 1194/5166/1078 1193/5165/1078 140/5164/1078
f 1193/5169/1078 1194/5168/1078 303/5167/1078
f 304/5172/1078 1193/5171/1078 303/5170/1078
f 754/5175/1080 755/5174/1080 374/5173/1080
f 375/5178/1081 754/5177/1081 374/5176/1081
f 745/5181/1078 270/5180/1078 134/5179/1078
f 270/5184/1082 271/5183/1082 134/5182/1082
f 271/5187/1083 364/5186/1083 1186/5185/1083
f 364/5190/1084 1185/5189/1084 1186/5188/1084
f 58/5193/1085 423/5192/1085 775/5191/1085
f 253/5196/1086 58/5195/1086 775/5194/1086
f 324/5199/1087 154/5198/1087 1190/5197/1087
f 323/5202/1088 324/5201/1088 1190/5200/1088
f 249/5205/1089 401/5204/1089 317/5203/1089
f 318/5208/1090 249/5207/1090 317/5206/1090
f 164/5211/1091 427/5210/1091 160/5209/1091
f 161/5214/1092 164/5213/1092 160/5212/1092
f 55/5217/1093 1195/5216/1093 149/5215/1093
f 1195/5220/1094 55/5219/1094 357/5218/1094
f 212/5223/1095 456/5222/1095 747/5221/1095
f 732/5226/1095 212/5225/1095 747/5224/1095
f 102/5229/1078 426/5228/1078 357/5227/1078
f 56/5232/1078 102/5231/1078 357/5230/1078
f 108/5235/1096 359/5234/1096 92/5233/1096
f 107/5238/1097 108/5237/1097 92/5236/1097
f 111/5241/1098 1196/5240/1098 358/5239/1098
f 1196/5244/1099 111/5243/1099 109/5242/1099
f 286/5247/1100 1189/5246/1100 1188/5245/1100
f 1197/5250/1101 286/5249/1101 1188/5248/1101
f 286/5253/1102 1197/5252/1102 1198/5251/1102
f 229/5256/1102 286/5255/1102 1198/5254/1102
f 1199/5259/1103 301/5258/1103 215/5257/1103
f 1200/5262/1103 1199/5261/1103 215/5260/1103
f 1199/5265/1103 1200/5264/1103 298/5263/1103
f 299/5268/1103 1199/5267/1103 298/5266/1103
f 756/5271/1104 429/5270/1104 433/5269/1104
f 429/5274/1105 214/5273/1105 433/5272/1105
f 214/5277/1106 171/5276/1106 373/5275/1106
f 171/5280/1107 778/5279/1107 373/5278/1107
f 430/5283/1108 757/5282/1108 210/5281/1108
f 757/5286/1109 375/5285/1109 210/5284/1109
f 364/5289/1110 419/5288/1110 1184/5287/1110
f 1185/5292/1111 364/5291/1111 1184/5290/1111
f 150/5295/1112 223/5294/1112 434/5293/1112
f 1201/5298/1113 150/5297/1113 434/5296/1113
f 341/5301/1114 450/5300/1114 228/5299/1114
f 229/5304/1115 341/5303/1115 228/5302/1115
f 133/5307/1116 368/5306/1116 1184/5305/1116
f 419/5310/1117 133/5309/1117 1184/5308/1117
f 181/5313/1118 431/5312/1118 1202/5311/1118
f 732/5316/1119 181/5315/1119 1202/5314/1119
f 191/5319/1120 432/5318/1120 339/5317/1120
f 340/5322/1121 191/5321/1121 339/5320/1121
f 318/5325/1122 423/5324/1122 273/5323/1122
f 761/5328/815 318/5327/815 273/5326/815
f 150/5331/1123 786/5330/1123 365/5329/1123
f 223/5334/1124 150/5333/1124 365/5332/1124
f 187/5337/1125 188/5336/1125 453/5335/1125
f 353/5340/1126 187/5339/1126 453/5338/1126
f 230/5343/1127 158/5342/1127 62/5341/1127
f 349/5346/1127 230/5345/1127 62/5344/1127
f 264/5349/294 265/5348/294 245/5347/294
f 1203/5352/294 264/5351/294 245/5350/294
f 264/5355/294 1203/5354/294 1204/5353/294
f 440/5358/294 264/5357/294 1204/5356/294
f 323/5361/1128 1205/5360/1128 335/5359/1128
f 323/5364/1129 50/5363/1129 1205/5362/1129
f 767/5367/1130 56/5366/1130 385/5365/1130
f 56/5370/1131 234/5369/1131 385/5368/1131
f 279/5373/1132 1206/5372/1132 231/5371/1132
f 1206/5376/1133 279/5375/1133 365/5374/1133
f 156/5379/1134 249/5378/1134 224/5377/1134
f 1207/5382/1135 156/5381/1135 224/5380/1135
f 156/5385/1136 1207/5384/1136 240/5383/1136
f 241/5388/1137 156/5387/1137 240/5386/1137
f 332/5391/1138 1175/5390/1138 250/5389/1138
f 1175/5394/1139 332/5393/1139 782/5392/1139
f 332/5397/1140 52/5396/1140 782/5395/1140
f 293/5400/1141 60/5399/1141 453/5398/1141
f 188/5403/1142 293/5402/1142 453/5401/1142
f 316/5406/1143 447/5405/1143 1208/5404/1143
f 1209/5409/1144 316/5408/1144 1208/5407/1144
f 378/5412/294 1211/5411/294 1210/5410/294
f 270/5415/294 378/5414/294 1210/5413/294
f 460/5418/359 414/5417/359 1212/5416/359
f 1212/5421/359 414/5420/359 416/5419/359
f 416/5424/359 414/5423/359 415/5422/359
f 1212/5427/359 416/5426/359 1210/5425/359
f 1211/5430/359 1212/5429/359 1210/5428/359
f 1189/5433/1145 286/5432/1145 1213/5431/1145
f 1214/5436/1145 1189/5435/1145 1213/5434/1145
f 343/5439/294 1216/5438/294 1215/5437/294
f 174/5442/294 343/5441/294 1215/5440/294
f 1218/5445/1145 175/5444/1145 1217/5443/1145
f 175/5448/1145 176/5447/1145 1217/5446/1145
f 176/5451/1146 752/5450/1146 1219/5449/1146
f 752/5454/1146 1220/5453/1146 1219/5452/1146
f 1220/5457/1146 752/5456/1146 1221/5455/1146
f 752/5460/1146 749/5459/1146 1221/5458/1146
f 177/5463/1147 178/5462/1147 436/5461/1147
f 1222/5466/1145 177/5465/1145 436/5464/1145
f 64/5469/1060 1223/5468/1060 436/5467/1060
f 1223/5472/1060 64/5471/1060 77/5470/1060
f 768/5475/1148 351/5474/1148 1224/5473/1148
f 351/5478/1149 342/5477/1149 1224/5476/1149
f 125/5481/1150 1225/5480/1150 1224/5479/1150
f 342/5484/1151 125/5483/1151 1224/5482/1151
f 381/5487/1152 366/5486/1152 1226/5485/1152
f 1227/5490/842 381/5489/842 1226/5488/842
f 151/5493/1153 1229/5492/1153 1228/5491/1153
f 100/5496/1154 151/5495/1154 1228/5494/1154
f 101/5499/1152 102/5498/1152 438/5497/1152
f 1230/5502/842 101/5501/842 438/5500/842
f 153/5505/1153 1231/5504/1153 347/5503/1153
f 105/5508/1154 153/5507/1154 347/5506/1154
f 393/5511/1145 394/5510/1145 105/5509/1145
f 152/5514/1145 105/5513/1145 394/5512/1145
f 1232/5517/1145 152/5516/1145 394/5515/1145
f 152/5520/1155 1232/5519/1155 350/5518/1155
f 351/5523/1156 152/5522/1156 350/5521/1156
f 342/5526/1157 351/5525/1157 1233/5524/1157
f 726/5529/1158 342/5528/1158 1233/5527/1158
f 329/5532/1153 1234/5531/1153 334/5530/1153
f 50/5535/1154 329/5534/1154 334/5533/1154
f 308/5538/1159 1181/5537/1159 311/5536/1159
f 312/5541/1160 308/5540/1160 311/5539/1160
f 770/5544/1161 356/5543/1161 290/5542/1161
f 356/5547/1162 184/5546/1162 290/5545/1162
f 66/5550/359 285/5549/359 68/5548/359
f 68/5553/359 285/5552/359 1235/5551/359
f 1235/5556/359 285/5555/359 441/5554/359
f 441/5559/359 284/5558/359 1235/5557/359
f 284/5562/359 292/5561/359 1235/5560/359
f 1235/5565/359 292/5564/359 346/5563/359
f 435/5568/359 1235/5567/359 346/5566/359
f 68/5571/359 1235/5570/359 435/5569/359
f 295/5574/359 68/5573/359 435/5572/359
f 340/5577/1163 174/5576/1163 1236/5575/1163
f 442/5580/1164 340/5579/1164 1236/5578/1164
f 64/5583/1165 65/5582/1165 275/5581/1165
f 117/5586/1166 64/5585/1166 275/5584/1166
f 63/5589/359 408/5588/359 65/5587/359
f 65/5592/359 408/5591/359 1237/5590/359
f 1237/5595/359 408/5594/359 444/5593/359
f 65/5598/359 1237/5597/359 275/5596/359
f 444/5601/359 287/5600/359 1237/5599/359
f 1237/5604/359 1238/5603/359 275/5602/359
f 287/5607/359 1209/5606/359 1237/5605/359
f 1238/5610/359 1237/5609/359 1208/5608/359
f 1237/5613/359 1209/5612/359 1208/5611/359
f 348/5616/1167 1239/5615/1167 438/5614/1167
f 1239/5619/1167 348/5618/1167 347/5617/1167
f 49/5622/1167 1240/5621/1167 439/5620/1167
f 1240/5625/1167 49/5624/1167 334/5623/1167
f 355/5628/1168 730/5627/1168 1241/5626/1168
f 234/5631/1169 355/5630/1169 1241/5629/1169
f 319/5634/1170 336/5633/1170 280/5632/1170
f 772/5637/1171 319/5636/1171 280/5635/1171
f 233/5640/1172 1242/5639/1172 1233/5638/1172
f 351/5643/1173 233/5642/1173 1233/5641/1173
f 332/5646/1174 449/5645/1174 272/5644/1174
f 52/5649/1175 332/5648/1175 272/5647/1175
f 258/5652/1176 1243/5651/1176 1221/5650/1176
f 749/5655/1177 258/5654/1177 1221/5653/1177
f 316/5658/1178 1209/5657/1178 287/5656/1178
f 288/5661/1179 316/5660/1179 287/5659/1179
f 361/5664/1180 454/5663/1180 269/5662/1180
f 270/5667/1181 361/5666/1181 269/5665/1181
f 316/5670/1182 1244/5669/1182 446/5668/1182
f 1244/5673/1182 316/5672/1182 315/5671/1182
f 1245/5676/855 773/5675/855 118/5674/855
f 773/5679/855 1245/5678/855 751/5677/855
f 752/5682/855 773/5681/855 751/5680/855
f 1223/5685/359 77/5684/359 78/5683/359
f 1246/5688/359 1223/5687/359 78/5686/359
f 436/5691/359 1223/5690/359 1246/5689/359
f 1222/5694/359 436/5693/359 1246/5692/359
f 773/5697/856 752/5696/856 1247/5695/856
f 1248/5700/856 773/5699/856 1247/5698/856
f 773/5703/856 1248/5702/856 294/5701/856
f 1248/5706/359 1247/5705/359 779/5704/359
f 1249/5709/359 1248/5708/359 779/5707/359
f 1249/5712/359 779/5711/359 95/5710/359
f 294/5715/359 1248/5714/359 1249/5713/359
f 96/5718/359 1249/5717/359 95/5716/359
f 762/5721/359 294/5720/359 1249/5719/359
f 96/5724/359 428/5723/359 1249/5722/359
f 428/5727/359 762/5726/359 1249/5725/359
f 1250/5730/1183 176/5729/1183 1219/5728/1183
f 1251/5733/1183 1250/5732/1183 1219/5731/1183
f 1250/5736/1183 1251/5735/1183 1236/5734/1183
f 174/5739/1183 1250/5738/1183 1236/5737/1183
f 258/5742/1184 191/5741/1184 443/5740/1184
f 1243/5745/1185 258/5744/1185 443/5743/1185
f 1250/5748/1060 174/5747/1060 1215/5746/1060
f 1252/5751/1060 1250/5750/1060 1215/5749/1060
f 1250/5754/1060 1252/5753/1060 1217/5752/1060
f 176/5757/1060 1250/5756/1060 1217/5755/1060
f 258/5760/1186 749/5759/1186 1177/5758/1186
f 257/5763/1187 258/5762/1187 1177/5761/1187
f 49/5766/1188 440/5765/1188 1204/5764/1188
f 417/5769/1189 49/5768/1189 1204/5767/1189
f 1174/5772/1190 1253/5771/1190 235/5770/1190
f 1174/5775/1191 1175/5774/1191 1253/5773/1191
f 1175/5778/1192 782/5777/1192 1253/5776/1192
f 1254/5781/1065 769/5780/1065 439/5779/1065
f 1240/5784/1065 1254/5783/1065 439/5782/1065
f 1234/5787/1065 1254/5786/1065 1240/5785/1065
f 334/5790/1065 1234/5789/1065 1240/5788/1065
f 1252/5793/359 1215/5792/359 1216/5791/359
f 1255/5796/359 1252/5795/359 1216/5794/359
f 1217/5799/359 1252/5798/359 1255/5797/359
f 1218/5802/359 1217/5801/359 1255/5800/359
f 125/5805/1193 116/5804/1193 784/5803/1193
f 1225/5808/1194 125/5807/1194 784/5806/1194
f 123/5811/1195 152/5810/1195 437/5809/1195
f 266/5814/1195 123/5813/1195 437/5812/1195
f 201/5817/1196 158/5816/1196 1256/5815/1196
f 200/5820/1197 201/5819/1197 1256/5818/1197
f 341/5823/1198 229/5822/1198 1198/5821/1198
f 424/5826/1199 341/5825/1199 1198/5824/1199
f 389/5829/359 51/5828/359 847/5827/359
f 847/5832/359 51/5831/359 1257/5830/359
f 1257/5835/359 51/5834/359 418/5833/359
f 847/5838/359 1257/5837/359 157/5836/359
f 418/5841/359 115/5840/359 1257/5839/359
f 1257/5844/1200 113/5843/1200 157/5842/1200
f 115/5847/359 124/5846/359 1257/5845/359
f 1257/5850/1201 124/5849/1201 113/5848/1201
f 124/5853/1202 112/5852/1202 113/5851/1202
f 405/5856/359 406/5855/359 122/5854/359
f 122/5859/359 406/5858/359 1258/5857/359
f 1258/5862/359 406/5861/359 742/5860/359
f 122/5865/359 1258/5864/359 121/5863/359
f 742/5868/359 80/5867/359 1258/5866/359
f 1258/5871/359 104/5870/359 121/5869/359
f 80/5874/359 81/5873/359 1258/5872/359
f 104/5877/359 1258/5876/359 103/5875/359
f 1258/5880/359 81/5879/359 103/5878/359
f 424/5883/359 1198/5882/359 1197/5881/359
f 1259/5886/359 424/5885/359 1197/5884/359
f 451/5889/359 1259/5888/359 1197/5887/359
f 1188/5892/359 451/5891/359 1197/5890/359
f 451/5895/359 172/5894/359 1259/5893/359
f 172/5898/359 173/5897/359 1259/5896/359
f 173/5901/359 410/5900/359 1259/5899/359
f 1259/5904/359 410/5903/359 424/5902/359
f 424/5907/359 410/5906/359 411/5905/359
f 200/5910/359 1256/5909/359 1260/5908/359
f 1261/5913/359 200/5912/359 1260/5911/359
f 1261/5916/359 1260/5915/359 228/5914/359
f 190/5919/359 200/5918/359 1261/5917/359
f 450/5922/359 1261/5921/359 228/5920/359
f 432/5925/359 190/5924/359 1261/5923/359
f 450/5928/359 339/5927/359 1261/5926/359
f 339/5931/359 432/5930/359 1261/5929/359
f 233/5934/1203 234/5933/1203 1241/5932/1203
f 1242/5937/1204 233/5936/1204 1241/5935/1204
f 67/5940/356 111/5939/356 259/5938/356
f 1262/5943/1205 67/5942/1205 259/5941/1205
f 67/5946/1060 1262/5945/1060 1213/5944/1060
f 286/5949/1060 67/5948/1060 1213/5947/1060
f 1263/5952/1065 1230/5951/1065 438/5950/1065
f 1239/5955/1065 1263/5954/1065 438/5953/1065
f 1231/5958/1065 1263/5957/1065 1239/5956/1065
f 347/5961/1065 1231/5960/1065 1239/5959/1065
f 1262/5964/359 259/5963/359 260/5962/359
f 1264/5967/359 1262/5966/359 260/5965/359
f 1213/5970/359 1262/5969/359 1264/5968/359
f 1214/5973/359 1213/5972/359 1264/5971/359
f 55/5976/1206 150/5975/1206 1201/5974/1206
f 420/5979/1207 55/5978/1207 1201/5977/1207
f 126/5982/359 106/5981/359 107/5980/359
f 1265/5985/359 126/5984/359 107/5983/359
f 1265/5988/359 107/5987/359 92/5986/359
f 109/5991/359 126/5990/359 1265/5989/359
f 93/5994/359 1265/5993/359 92/5992/359
f 1196/5997/359 109/5996/359 1265/5995/359
f 93/6000/359 358/5999/359 1265/5998/359
f 358/6003/359 1196/6002/359 1265/6001/359
f 256/6006/1208 364/6005/1208 1179/6004/1208
f 291/6009/1209 256/6008/1209 1179/6007/1209
f 367/6012/1167 100/6011/1167 1228/6010/1167
f 1266/6015/1167 367/6014/1167 1228/6013/1167
f 367/6018/1167 1266/6017/1167 1226/6016/1167
f 366/6021/1167 367/6020/1167 1226/6019/1167
f 361/6024/1060 270/6023/1060 1210/6022/1060
f 416/6027/1210 361/6026/1210 1210/6025/1210
f 1267/6030/1065 1227/6029/1065 1226/6028/1065
f 1266/6033/1065 1267/6032/1065 1226/6031/1065
f 1229/6036/1065 1267/6035/1065 1266/6034/1065
f 1228/6039/1065 1229/6038/1065 1266/6037/1065
f 136/6042/1211 271/6041/1211 1186/6040/1211
f 213/6045/1212 136/6044/1212 1186/6043/1212
f 212/6048/1213 732/6047/1213 1202/6046/1213
f 211/6051/1213 212/6050/1213 1202/6049/1213
f 391/6054/1214 392/6053/1214 132/6052/1214
f 132/6057/1215 392/6056/1215 1183/6055/1215
f 1183/6060/1216 392/6059/1216 746/6058/1216
f 132/6063/1217 1183/6062/1217 755/6061/1217
f 131/6066/1218 132/6065/1218 755/6064/1218
f 382/6069/1219 756/6068/1219 433/6067/1219
f 756/6072/1220 382/6071/1220 369/6070/1220
f 1270/6075/7 1269/6074/7 1268/6073/7
f 1271/6078/7 1270/6077/7 1268/6076/7
f 1270/6081/7 1271/6080/7 1272/6079/7
f 1273/6084/7 1270/6083/7 1272/6082/7
f 268/6087/1221 241/6086/1221 313/6085/1221
f 1182/6090/1222 268/6089/1222 313/6088/1222
f 423/6093/1223 318/6092/1223 387/6091/1223
f 776/6096/1224 423/6095/1224 387/6094/1224
f 1275/6099/1225 1274/6098/1225 754/6097/1225
f 375/6102/1225 1275/6101/1225 754/6100/1225
f 1275/6105/1226 375/6104/1226 757/6103/1226
f 1276/6108/1226 1275/6107/1226 757/6106/1226
f 1276/6111/1227 757/6110/1227 372/6109/1227
f 1277/6114/1227 1276/6113/1227 372/6112/1227
f 1277/6117/1227 372/6116/1227 425/6115/1227
f 1278/6120/1227 1277/6119/1227 425/6118/1227
f 1278/6123/1227 425/6122/1227 380/6121/1227
f 1279/6126/1227 1278/6125/1227 380/6124/1227
f 1280/6129/1228 370/6128/1228 754/6127/1228
f 1274/6132/1228 1280/6131/1228 754/6130/1228
f 1281/6135/1227 170/6134/1227 171/6133/1227
f 1282/6138/1227 1281/6137/1227 171/6136/1227
f 1282/6141/1229 171/6140/1229 214/6139/1229
f 1283/6144/1230 1282/6143/1230 214/6142/1230
f 1283/6147/1231 214/6146/1231 429/6145/1231
f 1284/6150/1231 1283/6149/1231 429/6148/1231
f 1280/6153/1232 1284/6152/1232 429/6151/1232
f 370/6156/1233 1280/6155/1233 429/6154/1233
f 1285/6159/359 1269/6158/359 1281/6157/359
f 1282/6162/359 1285/6161/359 1281/6160/359
f 1286/6165/1234 1285/6164/1234 1282/6163/1234
f 1283/6168/1234 1286/6167/1234 1282/6166/1234
f 1287/6171/359 1286/6170/359 1283/6169/359
f 1284/6174/359 1287/6173/359 1283/6172/359
f 1288/6177/1235 1287/6176/1235 1284/6175/1235
f 1280/6180/1235 1288/6179/1235 1284/6178/1235
f 1288/6183/359 1280/6182/359 1274/6181/359
f 1289/6186/359 1288/6185/359 1274/6184/359
f 1290/6189/359 1289/6188/359 1274/6187/359
f 1275/6192/359 1290/6191/359 1274/6190/359
f 1290/6195/359 1275/6194/359 1276/6193/359
f 1291/6198/359 1290/6197/359 1276/6196/359
f 1291/6201/359 1276/6200/359 1277/6199/359
f 1292/6204/359 1291/6203/359 1277/6202/359
f 1292/6207/359 1277/6206/359 1278/6205/359
f 1293/6210/359 1292/6209/359 1278/6208/359
f 1293/6213/359 1278/6212/359 1279/6211/359
f 1268/6216/359 1293/6215/359 1279/6214/359
f 1271/6219/9 1268/6218/9 1279/6217/9
f 380/6222/9 1271/6221/9 1279/6220/9
f 1271/6225/9 380/6224/9 1294/6223/9
f 1272/6228/9 1271/6227/9 1294/6226/9
f 726/6231/359 1233/6230/359 725/6229/359
f 1233/6234/359 1242/6233/359 725/6232/359
f 725/6237/359 1242/6236/359 1241/6235/359
f 730/6240/359 725/6239/359 1241/6238/359
f 771/6243/359 277/6242/359 734/6241/359
f 277/6246/359 278/6245/359 734/6244/359
f 734/6249/359 278/6248/359 362/6247/359
f 735/6252/359 734/6251/359 362/6250/359
f 350/6255/359 1232/6254/359 1295/6253/359
f 1232/6258/359 1296/6257/359 1295/6256/359
f 1232/6261/359 394/6260/359 1296/6259/359
f 1295/6264/359 1296/6263/359 385/6262/359
f 232/6267/359 1295/6266/359 385/6265/359
f 767/6270/359 385/6269/359 1296/6268/359
f 767/6273/359 1296/6272/359 352/6271/359
f 1296/6276/359 452/6275/359 352/6274/359
f 1296/6279/359 394/6278/359 452/6277/359
f 452/6282/359 394/6281/359 395/6280/359
f 449/6285/359 331/6284/359 338/6283/359
f 331/6288/359 772/6287/359 338/6286/359
f 772/6291/359 280/6290/359 338/6289/359
f 280/6294/359 281/6293/359 338/6292/359
f 338/6297/359 281/6296/359 333/6295/359
f 337/6300/359 338/6299/359 333/6298/359
f 315/6303/359 765/6302/359 1244/6301/359
f 765/6306/359 1297/6305/359 1244/6304/359
f 1244/6309/359 1297/6308/359 446/6307/359
f 765/6312/359 252/6311/359 1297/6310/359
f 1297/6315/359 774/6314/359 446/6313/359
f 252/6318/359 253/6317/359 1297/6316/359
f 774/6321/359 1297/6320/359 775/6319/359
f 1297/6324/359 253/6323/359 775/6322/359
f 1219/6327/359 1220/6326/359 1251/6325/359
f 1220/6330/359 1298/6329/359 1251/6328/359
f 1220/6333/359 1221/6332/359 1298/6331/359
f 1221/6336/359 1243/6335/359 1298/6334/359
f 1298/6339/359 1243/6338/359 443/6337/359
f 442/6342/359 1298/6341/359 443/6340/359
f 1251/6345/359 1298/6344/359 442/6343/359
f 1236/6348/359 1251/6347/359 442/6346/359
f 74/6351/1236 777/6350/1236 306/6349/1236
f 301/6354/1236 74/6353/1236 306/6352/1236
f 752/6357/1237 176/6356/1237 1247/6355/1237
f 176/6360/1237 779/6359/1237 1247/6358/1237
f 289/6363/1102 178/6362/1102 302/6361/1102
f 178/6366/1102 780/6365/1102 302/6364/1102
f 420/6369/1234 402/6368/1234 403/6367/1234
f 1299/6372/359 402/6371/359 420/6370/359
f 1299/6375/359 420/6374/359 1201/6373/359
f 758/6378/1238 402/6377/1238 1299/6376/1238
f 434/6381/359 1299/6380/359 1201/6379/359
f 354/6384/1239 758/6383/1239 1299/6382/1239
f 1299/6387/359 434/6386/359 202/6385/359
f 203/6390/1239 354/6389/1239 1299/6388/1239
f 203/6393/359 1299/6392/359 202/6391/359
f 158/6396/1240 230/6395/1240 1256/6394/1240
f 230/6399/1240 1260/6398/1240 1256/6397/1240
f 1260/6402/1240 230/6401/1240 228/6400/1240
f 1295/6405/1241 232/6404/1241 233/6403/1241
f 1295/6408/1241 233/6407/1241 350/6406/1241
f 1253/6411/1242 53/6410/1242 235/6409/1242
f 53/6414/1242 1253/6413/1242 782/6412/1242
f 1177/6417/1243 749/6416/1243 1176/6415/1243
f 749/6420/1244 161/6419/1244 1176/6418/1244
f 1176/6423/1245 161/6422/1245 250/6421/1245
f 455/6426/359 383/6425/359 384/6424/359
f 1300/6429/359 383/6428/359 455/6427/359
f 1300/6432/359 455/6431/359 238/6430/359
f 786/6435/359 383/6434/359 1300/6433/359
f 365/6438/359 786/6437/359 1300/6436/359
f 239/6441/359 1300/6440/359 238/6439/359
f 1206/6444/359 365/6443/359 1300/6442/359
f 1206/6447/359 1300/6446/359 239/6445/359
f 231/6450/359 1206/6449/359 239/6448/359
f 417/6453/359 396/6452/359 397/6451/359
f 1301/6456/359 396/6455/359 417/6454/359
f 1301/6459/359 417/6458/359 1204/6457/359
f 1205/6462/359 396/6461/359 1301/6460/359
f 335/6465/359 1205/6464/359 1301/6463/359
f 1203/6468/359 1301/6467/359 1204/6466/359
f 246/6471/359 335/6470/359 1301/6469/359
f 246/6474/359 1301/6473/359 1203/6472/359
f 245/6477/359 246/6476/359 1203/6475/359
f 271/6480/1246 785/6479/1246 1179/6478/1246
f 364/6483/1246 271/6482/1246 1179/6481/1246
f 1238/6486/1247 276/6485/1247 275/6484/1247
f 276/6489/1247 1238/6488/1247 1208/6487/1247
f 447/6492/1248 276/6491/1248 1208/6490/1248
f 422/6495/359 387/6494/359 326/6493/359
f 1302/6498/359 387/6497/359 422/6496/359
f 1302/6501/359 422/6500/359 325/6499/359
f 776/6504/359 387/6503/359 1302/6502/359
f 162/6507/359 776/6506/359 1302/6505/359
f 159/6510/359 1302/6509/359 325/6508/359
f 427/6513/359 162/6512/359 1302/6511/359
f 427/6516/359 1302/6515/359 159/6514/359
f 160/6519/359 427/6518/359 159/6517/359
f 421/6522/359 399/6521/359 400/6520/359
f 1303/6525/359 399/6524/359 421/6523/359
f 1303/6528/359 421/6527/359 322/6526/359
f 401/6531/359 399/6530/359 1303/6529/359
f 759/6534/359 1303/6533/359 322/6532/359
f 317/6537/359 401/6536/359 1303/6535/359
f 1303/6540/359 759/6539/359 197/6538/359
f 198/6543/359 317/6542/359 1303/6541/359
f 198/6546/359 1303/6545/359 197/6544/359
f 1190/6549/359 154/6548/359 743/6547/359
f 154/6552/359 1304/6551/359 743/6550/359
f 743/6555/359 1304/6554/359 328/6553/359
f 154/6558/359 155/6557/359 1304/6556/359
f 1304/6561/359 448/6560/359 328/6559/359
f 155/6564/359 781/6563/359 1304/6562/359
f 267/6567/359 448/6566/359 1304/6565/359
f 781/6570/359 267/6569/359 1304/6568/359
f 149/6573/359 1195/6572/359 99/6571/359
f 1195/6576/359 1305/6575/359 99/6574/359
f 99/6579/359 1305/6578/359 98/6577/359
f 1195/6582/359 357/6581/359 1305/6580/359
f 1305/6585/359 84/6584/359 98/6583/359
f 357/6588/359 426/6587/359 1305/6586/359
f 83/6591/359 84/6590/359 1305/6589/359
f 426/6594/359 83/6593/359 1305/6592/359
f 269/6597/1249 454/6596/1249 785/6595/1249
f 454/6600/1250 1178/6599/1250 785/6598/1250
f 785/6603/1251 1178/6602/1251 1179/6601/1251
f 210/6606/359 211/6605/359 430/6604/359
f 211/6609/359 1306/6608/359 430/6607/359
f 430/6612/359 1306/6611/359 371/6610/359
f 211/6615/359 1202/6614/359 1306/6613/359
f 1306/6618/359 209/6617/359 371/6616/359
f 1202/6621/359 431/6620/359 1306/6619/359
f 179/6624/359 209/6623/359 1306/6622/359
f 431/6627/359 179/6626/359 1306/6625/359
f 48/6630/1252 396/6629/1252 50/6628/1252
f 1205/6633/1252 50/6632/1252 396/6631/1252
f 192/6636/359 310/6635/359 193/6634/359
f 1307/6639/359 193/6638/359 310/6637/359
f 445/6642/359 1307/6641/359 310/6640/359
f 219/6645/359 193/6644/359 1307/6643/359
f 1307/6648/359 445/6647/359 220/6646/359
f 1192/6651/359 219/6650/359 1307/6649/359
f 221/6654/359 1307/6653/359 220/6652/359
f 296/6657/359 1192/6656/359 1307/6655/359
f 221/6660/359 296/6659/359 1307/6658/359
f 1269/6663/788 1270/6662/788 1281/6661/788
f 1270/6666/788 170/6665/788 1281/6664/788
f 170/6669/788 1270/6668/788 1308/6667/788
f 1270/6672/788 1273/6671/788 1308/6670/788
f 1310/6675/741 576/6674/741 1309/6673/741
f 576/6678/741 1311/6677/741 1309/6676/741
f 1309/6681/1253 1311/6680/1253 581/6679/1253
f 1311/6684/1254 1312/6683/1254 581/6682/1254
f 1309/6687/1255 581/6686/1255 565/6685/1255
f 348/6690/1256 105/6689/1256 665/6688/1256
f 348/6693/1257 665/6692/1257 666/6691/1257
f 666/6696/1258 718/6695/1258 348/6694/1258
f 367/6699/1259 584/6698/1259 655/6697/1259
f 655/6702/1260 723/6701/1260 367/6700/1260
f 602/6705/1261 812/6704/1261 603/6703/1261
f 812/6708/1262 1313/6707/1262 603/6706/1262
f 603/6711/1262 1313/6710/1262 1314/6709/1262
f 812/6714/741 643/6713/741 1313/6712/741
f 643/6717/741 722/6716/741 1313/6715/741
f 748/6720/1263 419/6719/1263 663/6718/1263
f 663/6723/1264 793/6722/1264 748/6721/1264
f 1316/6726/1265 615/6725/1265 1315/6724/1265
f 615/6729/1265 617/6728/1265 1315/6727/1265
f 1315/6732/1265 617/6731/1265 616/6730/1265
f 1317/6735/1265 1315/6734/1265 616/6733/1265
f 794/6738/741 793/6737/741 724/6736/741
f 793/6741/741 1318/6740/741 724/6739/741
f 724/6744/741 1318/6743/741 651/6742/741
f 1318/6747/741 798/6746/741 651/6745/741
f 647/6750/741 1319/6749/741 654/6748/741
f 1319/6753/741 1320/6752/741 654/6751/741
f 1320/6756/1266 1321/6755/1266 654/6754/1266
f 1321/6759/1267 552/6758/1267 654/6757/1267
f 654/6762/1268 552/6761/1268 701/6760/1268
f 806/6765/741 645/6764/741 1322/6763/741
f 645/6768/741 580/6767/741 1322/6766/741
f 1322/6771/1269 580/6770/1269 579/6769/1269
f 805/6774/1269 1322/6773/1269 579/6772/1269
f 717/6777/1270 344/6776/1270 1323/6775/1270
f 344/6780/1270 1189/6779/1270 1323/6778/1270
f 425/6783/1271 787/6782/1271 506/6781/1271
f 372/6786/1271 425/6785/1271 506/6784/1271
f 345/6789/1272 440/6788/1272 479/6787/1272
f 440/6792/1273 789/6791/1273 479/6790/1273
f 50/6795/1274 790/6794/1274 1324/6793/1274
f 323/6798/1275 50/6797/1275 1324/6796/1275
f 312/6801/1276 791/6800/1276 512/6799/1276
f 300/6804/1277 312/6803/1277 512/6802/1277
f 169/6807/1278 528/6806/1278 518/6805/1278
f 297/6810/1278 169/6809/1278 518/6808/1278
f 1191/6813/1279 297/6812/1279 607/6811/1279
f 1325/6816/1279 1191/6815/1279 607/6814/1279
f 1191/6819/1279 1325/6818/1279 557/6817/1279
f 304/6822/1279 1191/6821/1279 557/6820/1279
f 299/6825/1278 1193/6824/1278 514/6823/1278
f 1193/6828/1278 1326/6827/1278 514/6826/1278
f 1326/6831/1278 1193/6830/1278 610/6829/1278
f 1193/6834/1278 304/6833/1278 610/6832/1278
f 798/6837/1280 754/6836/1280 651/6835/1280
f 754/6840/1281 375/6839/1281 651/6838/1281
f 270/6843/1278 792/6842/1278 510/6841/1278
f 271/6846/1282 270/6845/1282 510/6844/1282
f 364/6849/1283 271/6848/1283 1321/6847/1283
f 1320/6852/1284 364/6851/1284 1321/6850/1284
f 423/6855/1285 58/6854/1285 816/6853/1285
f 58/6858/1286 578/6857/1286 816/6856/1286
f 521/6861/1287 324/6860/1287 1324/6859/1287
f 324/6864/1288 323/6863/1288 1324/6862/1288
f 673/6867/1289 249/6866/1289 619/6865/1289
f 249/6870/1290 318/6869/1290 619/6868/1290
f 696/6873/1291 164/6872/1291 525/6871/1291
f 164/6876/1292 161/6875/1292 525/6874/1292
f 1327/6879/1293 55/6878/1293 520/6877/1293
f 55/6882/1294 1327/6881/1294 641/6880/1294
f 724/6885/1295 212/6884/1295 794/6883/1295
f 212/6888/1295 732/6887/1295 794/6886/1295
f 695/6891/1278 102/6890/1278 641/6889/1278
f 102/6894/1278 56/6893/1278 641/6892/1278
f 359/6897/1296 108/6896/1296 486/6895/1296
f 108/6900/1297 495/6899/1297 486/6898/1297
f 1328/6903/1298 111/6902/1298 642/6901/1298
f 111/6906/1299 1328/6905/1299 496/6904/1299
f 1189/6909/1300 286/6908/1300 1323/6907/1300
f 286/6912/1301 1329/6911/1301 1323/6910/1301
f 1329/6915/1302 286/6914/1302 1330/6913/1302
f 286/6918/1302 229/6917/1302 1330/6916/1302
f 301/6921/1303 1199/6920/1303 553/6919/1303
f 1199/6924/1303 1331/6923/1303 553/6922/1303
f 1331/6927/1303 1199/6926/1303 608/6925/1303
f 1199/6930/1303 299/6929/1303 608/6928/1303
f 429/6933/1304 799/6932/1304 701/6931/1304
f 214/6936/1305 429/6935/1305 701/6934/1305
f 171/6939/1306 214/6938/1306 650/6937/1306
f 819/6942/1307 171/6941/1307 650/6940/1307
f 757/6945/1308 698/6944/1308 550/6943/1308
f 375/6948/1309 757/6947/1309 550/6946/1309
f 419/6951/1310 364/6950/1310 1319/6949/1310
f 364/6954/1311 1320/6953/1311 1319/6952/1311
f 223/6957/1312 150/6956/1312 702/6955/1312
f 150/6960/1313 1332/6959/1313 702/6958/1313
f 716/6963/1314 341/6962/1314 562/6961/1314
f 341/6966/1315 229/6965/1315 562/6964/1315
f 647/6969/1316 133/6968/1316 1319/6967/1316
f 133/6972/1317 419/6971/1317 1319/6970/1317
f 699/6975/1318 181/6974/1318 1333/6973/1318
f 181/6978/1319 732/6977/1319 1333/6976/1319
f 700/6981/1320 191/6980/1320 633/6979/1320
f 191/6984/1321 340/6983/1321 633/6982/1321
f 423/6987/1322 318/6986/1322 590/6985/1322
f 318/6990/902 803/6989/902 590/6988/902
f 827/6993/1323 150/6992/1323 646/6991/1323
f 150/6996/1324 223/6995/1324 646/6994/1324
f 188/6999/1325 187/6998/1325 719/6997/1325
f 187/7002/1326 639/7001/1326 719/7000/1326
f 158/7005/1327 230/7004/1327 467/7003/1327
f 230/7008/1327 636/7007/1327 467/7006/1327
f 265/7011/675 264/7010/675 573/7009/675
f 264/7014/675 1334/7013/675 573/7012/675
f 1334/7017/675 264/7016/675 1335/7015/675
f 264/7020/675 440/7019/675 1335/7018/675
f 1336/7023/1328 323/7022/1328 630/7021/1328
f 50/7026/1329 323/7025/1329 1336/7024/1329
f 56/7029/1330 809/7028/1330 657/7027/1330
f 234/7032/1331 56/7031/1331 657/7030/1331
f 1337/7035/1332 279/7034/1332 563/7033/1332
f 279/7038/1333 1337/7037/1333 646/7036/1333
f 249/7041/1334 156/7040/1334 560/7039/1334
f 156/7044/1335 1338/7043/1335 560/7042/1335
f 1338/7047/1336 156/7046/1336 570/7045/1336
f 156/7050/1337 241/7049/1337 570/7048/1337
f 1310/7053/1338 332/7052/1338 576/7051/1338
f 332/7056/1339 1310/7055/1339 823/7054/1339
f 52/7059/1340 332/7058/1340 823/7057/1340
f 466/7062/1341 293/7061/1341 719/7060/1341
f 293/7065/1342 188/7064/1342 719/7063/1342
f 447/7068/1343 316/7067/1343 1339/7066/1343
f 316/7071/1344 1340/7070/1344 1339/7069/1344
f 1342/7074/675 378/7073/675 1341/7072/675
f 378/7077/675 270/7076/675 1341/7075/675
f 687/7080/741 728/7079/741 1343/7078/741
f 687/7083/741 1343/7082/741 688/7081/741
f 687/7086/741 688/7085/741 686/7084/741
f 688/7089/741 1343/7088/741 1341/7087/741
f 1343/7092/741 1342/7091/741 1341/7090/741
f 286/7095/1345 1189/7094/1345 1344/7093/1345
f 1189/7098/1345 1345/7097/1345 1344/7096/1345
f 1347/7101/675 343/7100/675 1346/7099/675
f 343/7104/675 174/7103/675 1346/7102/675
f 175/7107/1345 1349/7106/1345 1348/7105/1345
f 176/7110/1345 175/7109/1345 1348/7108/1345
f 752/7113/1346 176/7112/1346 1350/7111/1346
f 1351/7116/1346 752/7115/1346 1350/7114/1346
f 752/7119/1346 1351/7118/1346 1352/7117/1346
f 749/7122/1346 752/7121/1346 1352/7120/1346
f 178/7125/1347 177/7124/1347 704/7123/1347
f 177/7128/1345 1353/7127/1345 704/7126/1345
f 1354/7131/1260 64/7130/1260 704/7129/1260
f 64/7134/1260 1354/7133/1260 477/7132/1260
f 351/7137/1348 810/7136/1348 1355/7135/1348
f 342/7140/1349 351/7139/1349 1355/7138/1349
f 1356/7143/1350 125/7142/1350 1355/7141/1350
f 125/7146/1351 342/7145/1351 1355/7144/1351
f 366/7149/1352 381/7148/1352 1357/7147/1352
f 381/7152/929 1358/7151/929 1357/7150/929
f 1360/7155/1353 151/7154/1353 1359/7153/1353
f 151/7158/1354 100/7157/1354 1359/7156/1354
f 102/7161/1352 101/7160/1352 706/7159/1352
f 101/7164/929 1361/7163/929 706/7162/929
f 1362/7167/1353 153/7166/1353 635/7165/1353
f 153/7170/1354 105/7169/1354 635/7168/1354
f 667/7173/1345 665/7172/1345 105/7171/1345
f 105/7176/1345 152/7175/1345 667/7174/1345
f 152/7179/1345 1363/7178/1345 667/7177/1345
f 1363/7182/1355 152/7181/1355 637/7180/1355
f 152/7185/1356 351/7184/1356 637/7183/1356
f 351/7188/1357 342/7187/1357 1364/7186/1357
f 342/7191/1358 721/7190/1358 1364/7189/1358
f 1365/7194/1353 329/7193/1353 629/7192/1353
f 329/7197/1354 50/7196/1354 629/7195/1354
f 1316/7200/1359 308/7199/1359 615/7198/1359
f 308/7203/1360 312/7202/1360 615/7201/1360
f 356/7206/1361 812/7205/1361 602/7204/1361
f 184/7209/1362 356/7208/1362 602/7207/1362
f 600/7212/741 471/7211/741 472/7210/741
f 600/7215/741 472/7214/741 1366/7213/741
f 600/7218/741 1366/7217/741 708/7216/741
f 599/7221/741 708/7220/741 1366/7219/741
f 604/7224/741 599/7223/741 1366/7222/741
f 604/7227/741 1366/7226/741 634/7225/741
f 1366/7230/741 703/7229/741 634/7228/741
f 1366/7233/741 472/7232/741 703/7231/741
f 472/7236/741 606/7235/741 703/7234/741
f 174/7239/1363 340/7238/1363 1367/7237/1363
f 340/7242/1364 709/7241/1364 1367/7240/1364
f 470/7245/1365 64/7244/1365 592/7243/1365
f 64/7248/1366 117/7247/1366 592/7246/1366
f 680/7251/741 469/7250/741 470/7249/741
f 680/7254/741 470/7253/741 1368/7252/741
f 680/7257/741 1368/7256/741 711/7255/741
f 1368/7260/741 470/7259/741 592/7258/741
f 601/7263/741 711/7262/741 1368/7261/741
f 1369/7266/741 1368/7265/741 592/7264/741
f 1340/7269/741 601/7268/741 1368/7267/741
f 1368/7272/741 1369/7271/741 1339/7270/741
f 1340/7275/741 1368/7274/741 1339/7273/741
f 1370/7278/1367 348/7277/1367 706/7276/1367
f 348/7281/1367 1370/7280/1367 635/7279/1367
f 1371/7284/1367 49/7283/1367 707/7282/1367
f 49/7287/1367 1371/7286/1367 629/7285/1367
f 729/7290/1368 355/7289/1368 1372/7288/1368
f 355/7293/1369 234/7292/1369 1372/7291/1369
f 336/7296/1370 319/7295/1370 595/7294/1370
f 319/7299/1371 814/7298/1371 595/7297/1371
f 1373/7302/1372 233/7301/1372 1364/7300/1372
f 233/7305/1373 351/7304/1373 1364/7303/1373
f 715/7308/1374 332/7307/1374 589/7306/1374
f 332/7311/1375 52/7310/1375 589/7309/1375
f 1374/7314/1376 258/7313/1376 1352/7312/1376
f 258/7317/1377 749/7316/1377 1352/7315/1377
f 1340/7320/1378 316/7319/1378 601/7318/1378
f 316/7323/1379 288/7322/1379 601/7321/1379
f 722/7326/1380 361/7325/1380 588/7324/1380
f 361/7329/1381 270/7328/1381 588/7327/1381
f 1375/7332/1382 316/7331/1382 713/7330/1382
f 316/7335/1382 1375/7334/1382 618/7333/1382
f 773/7338/942 1376/7337/942 500/7336/942
f 1376/7341/942 773/7340/942 796/7339/942
f 773/7344/942 752/7343/942 796/7342/942
f 477/7347/741 1354/7346/741 478/7345/741
f 1354/7350/741 1377/7349/741 478/7348/741
f 1354/7353/741 704/7352/741 1377/7351/741
f 704/7356/741 1353/7355/741 1377/7354/741
f 752/7359/943 773/7358/943 1378/7357/943
f 773/7362/943 1379/7361/943 1378/7360/943
f 1379/7365/943 773/7364/943 605/7363/943
f 1378/7368/741 1379/7367/741 820/7366/741
f 1379/7371/741 1380/7370/741 820/7369/741
f 820/7374/741 1380/7373/741 488/7372/741
f 1379/7377/741 605/7376/741 1380/7375/741
f 1380/7380/741 489/7379/741 488/7378/741
f 605/7383/741 804/7382/741 1380/7381/741
f 697/7386/741 489/7385/741 1380/7384/741
f 804/7389/741 697/7388/741 1380/7387/741
f 176/7392/1383 1250/7391/1383 1350/7390/1383
f 1250/7395/1383 1381/7394/1383 1350/7393/1383
f 1381/7398/1383 1250/7397/1383 1367/7396/1383
f 1250/7401/1383 174/7400/1383 1367/7399/1383
f 191/7404/1384 258/7403/1384 710/7402/1384
f 258/7407/1385 1374/7406/1385 710/7405/1385
f 174/7410/1260 1250/7409/1260 1346/7408/1260
f 1250/7413/1260 1382/7412/1260 1346/7411/1260
f 1382/7416/1260 1250/7415/1260 1348/7414/1260
f 1250/7419/1260 176/7418/1260 1348/7417/1260
f 749/7422/1386 258/7421/1386 1312/7420/1386
f 258/7425/1387 581/7424/1387 1312/7423/1387
f 440/7428/1388 49/7427/1388 1335/7426/1388
f 49/7431/1389 689/7430/1389 1335/7429/1389
f 1383/7434/1390 1309/7433/1390 565/7432/1390
f 1310/7437/1391 1309/7436/1391 1383/7435/1391
f 823/7440/1392 1310/7439/1392 1383/7438/1392
f 811/7443/1265 1384/7442/1265 707/7441/1265
f 1384/7446/1265 1371/7445/1265 707/7444/1265
f 1384/7449/1265 1365/7448/1265 1371/7447/1265
f 1365/7452/1265 629/7451/1265 1371/7450/1265
f 1346/7455/741 1382/7454/741 1347/7453/741
f 1382/7458/741 1385/7457/741 1347/7456/741
f 1382/7461/741 1348/7460/741 1385/7459/741
f 1348/7464/741 1349/7463/741 1385/7462/741
f 116/7467/1393 125/7466/1393 825/7465/1393
f 125/7470/1394 1356/7469/1394 825/7468/1394
f 152/7473/1395 123/7472/1395 705/7471/1395
f 123/7476/1395 586/7475/1395 705/7474/1395
f 158/7479/1396 201/7478/1396 1386/7477/1396
f 201/7482/1397 543/7481/1397 1386/7480/1397
f 229/7485/1398 341/7484/1398 1330/7483/1398
f 341/7488/1399 694/7487/1399 1330/7486/1399
f 462/7491/741 661/7490/741 848/7489/741
f 462/7494/741 848/7493/741 1387/7492/741
f 462/7497/741 1387/7496/741 690/7495/741
f 1387/7500/741 848/7499/741 523/7498/741
f 499/7503/741 690/7502/741 1387/7501/741
f 498/7506/1400 1387/7505/1400 523/7504/1400
f 504/7509/741 499/7508/741 1387/7507/741
f 504/7512/1401 1387/7511/1401 498/7510/1401
f 497/7515/1402 504/7514/1402 498/7513/1402
f 677/7518/741 678/7517/741 503/7516/741
f 677/7521/741 503/7520/741 1388/7519/741
f 677/7524/741 1388/7523/741 789/7522/741
f 1388/7527/741 503/7526/741 502/7525/741
f 479/7530/741 789/7529/741 1388/7528/741
f 493/7533/741 1388/7532/741 502/7531/741
f 480/7536/741 479/7535/741 1388/7534/741
f 1388/7539/741 493/7538/741 492/7537/741
f 480/7542/741 1388/7541/741 492/7540/741
f 1330/7545/741 694/7544/741 1329/7543/741
f 694/7548/741 1389/7547/741 1329/7546/741
f 1389/7551/741 717/7550/741 1329/7549/741
f 717/7554/741 1323/7553/741 1329/7552/741
f 529/7557/741 717/7556/741 1389/7555/741
f 530/7560/741 529/7559/741 1389/7558/741
f 683/7563/741 530/7562/741 1389/7561/741
f 683/7566/741 1389/7565/741 694/7564/741
f 683/7569/741 694/7568/741 682/7567/741
f 1386/7572/741 543/7571/741 1390/7570/741
f 543/7575/741 1391/7574/741 1390/7573/741
f 1390/7578/741 1391/7577/741 562/7576/741
f 543/7581/741 536/7580/741 1391/7579/741
f 1391/7584/741 716/7583/741 562/7582/741
f 536/7587/741 700/7586/741 1391/7585/741
f 633/7590/741 716/7589/741 1391/7588/741
f 700/7593/741 633/7592/741 1391/7591/741
f 234/7596/1403 233/7595/1403 1372/7594/1403
f 233/7599/1404 1373/7598/1404 1372/7597/1404
f 111/7602/738 67/7601/738 582/7600/738
f 67/7605/1405 1392/7604/1405 582/7603/1405
f 1392/7608/1260 67/7607/1260 1344/7606/1260
f 67/7611/1260 286/7610/1260 1344/7609/1260
f 1361/7614/1265 1393/7613/1265 706/7612/1265
f 1393/7617/1265 1370/7616/1265 706/7615/1265
f 1393/7620/1265 1362/7619/1265 1370/7618/1265
f 1362/7623/1265 635/7622/1265 1370/7621/1265
f 582/7626/741 1392/7625/741 583/7624/741
f 1392/7629/741 1394/7628/741 583/7627/741
f 1392/7632/741 1344/7631/741 1394/7630/741
f 1344/7635/741 1345/7634/741 1394/7633/741
f 150/7638/1406 55/7637/1406 1332/7636/1406
f 55/7641/1407 691/7640/1407 1332/7639/1407
f 494/7644/741 505/7643/741 495/7642/741
f 505/7647/741 1395/7646/741 495/7645/741
f 495/7650/741 1395/7649/741 486/7648/741
f 505/7653/741 496/7652/741 1395/7651/741
f 1395/7656/741 487/7655/741 486/7654/741
f 496/7659/741 1328/7658/741 1395/7657/741
f 642/7662/741 487/7661/741 1395/7660/741
f 1328/7665/741 642/7664/741 1395/7663/741
f 364/7668/1408 256/7667/1408 1314/7666/1408
f 256/7671/1409 603/7670/1409 1314/7669/1409
f 100/7674/1367 367/7673/1367 1359/7672/1367
f 367/7677/1367 1396/7676/1367 1359/7675/1367
f 1396/7680/1367 367/7679/1367 1357/7678/1367
f 367/7683/1367 366/7682/1367 1357/7681/1367
f 270/7686/1260 361/7685/1260 1341/7684/1260
f 361/7689/1410 688/7688/1410 1341/7687/1410
f 1358/7692/1265 1397/7691/1265 1357/7690/1265
f 1397/7695/1265 1396/7694/1265 1357/7693/1265
f 1397/7698/1265 1360/7697/1265 1396/7696/1265
f 1360/7701/1265 1359/7700/1265 1396/7699/1265
f 271/7704/1411 136/7703/1411 1321/7702/1411
f 136/7707/1412 552/7706/1412 1321/7705/1412
f 732/7710/1413 212/7709/1413 1333/7708/1413
f 212/7713/1413 551/7712/1413 1333/7711/1413
f 663/7716/1414 664/7715/1414 509/7714/1414
f 663/7719/1415 509/7718/1415 1318/7717/1415
f 663/7722/1416 1318/7721/1416 793/7720/1416
f 1318/7725/1417 509/7724/1417 798/7723/1417
f 509/7728/1418 508/7727/1418 798/7726/1418
f 799/7731/1419 654/7730/1419 701/7729/1419
f 654/7734/1420 799/7733/1420 648/7732/1420
f 241/7737/1421 268/7736/1421 616/7735/1421
f 268/7740/1422 1317/7739/1422 616/7738/1422
f 318/7743/1423 423/7742/1423 659/7741/1423
f 423/7746/1424 817/7745/1424 659/7744/1424
f 1399/7749/1425 1398/7748/1425 754/7747/1425
f 1398/7752/1425 375/7751/1425 754/7750/1425
f 375/7755/1426 1398/7754/1426 757/7753/1426
f 1398/7758/1426 1400/7757/1426 757/7756/1426
f 757/7761/1427 1400/7760/1427 372/7759/1427
f 1400/7764/1427 1401/7763/1427 372/7762/1427
f 372/7767/1427 1401/7766/1427 425/7765/1427
f 1401/7770/1427 1402/7769/1427 425/7768/1427
f 425/7773/1427 1402/7772/1427 380/7771/1427
f 1402/7776/1427 1294/7775/1427 380/7774/1427
f 370/7779/1428 1403/7778/1428 754/7777/1428
f 1403/7782/1428 1399/7781/1428 754/7780/1428
f 170/7785/1427 1308/7784/1427 171/7783/1427
f 1308/7788/1427 1404/7787/1427 171/7786/1427
f 171/7791/1429 1404/7790/1429 214/7789/1429
f 1404/7794/1430 1405/7793/1430 214/7792/1430
f 214/7797/1431 1405/7796/1431 429/7795/1431
f 1405/7800/1431 1406/7799/1431 429/7798/1431
f 1406/7803/1432 1403/7802/1432 429/7801/1432
f 1403/7806/1433 370/7805/1433 429/7804/1433
f 1273/7809/741 1407/7808/741 1308/7807/741
f 1407/7812/741 1404/7811/741 1308/7810/741
f 1407/7815/1434 1408/7814/1434 1404/7813/1434
f 1408/7818/1434 1405/7817/1434 1404/7816/1434
f 1408/7821/741 1409/7820/741 1405/7819/741
f 1409/7824/741 1406/7823/741 1405/7822/741
f 1409/7827/1435 1410/7826/1435 1406/7825/1435
f 1410/7830/1435 1403/7829/1435 1406/7828/1435
f 1403/7833/741 1410/7832/741 1399/7831/741
f 1410/7836/741 1411/7835/741 1399/7834/741
f 1411/7839/741 1412/7838/741 1399/7837/741
f 1412/7842/741 1398/7841/741 1399/7840/741
f 1398/7845/741 1412/7844/741 1400/7843/741
f 1412/7848/741 1413/7847/741 1400/7846/741
f 1400/7851/741 1413/7850/741 1401/7849/741
f 1413/7854/741 1414/7853/741 1401/7852/741
f 1401/7857/741 1414/7856/741 1402/7855/741
f 1414/7860/741 1415/7859/741 1402/7858/741
f 1402/7863/741 1415/7862/741 1294/7861/741
f 1415/7866/741 1272/7865/741 1294/7864/741
f 1364/7869/741 721/7868/741 720/7867/741
f 1373/7872/741 1364/7871/741 720/7870/741
f 1373/7875/741 720/7874/741 1372/7873/741
f 720/7878/741 729/7877/741 1372/7876/741
f 593/7881/741 813/7880/741 733/7879/741
f 594/7884/741 593/7883/741 733/7882/741
f 594/7887/741 733/7886/741 644/7885/741
f 733/7890/741 731/7889/741 644/7888/741
f 1363/7893/741 637/7892/741 1416/7891/741
f 1417/7896/741 1363/7895/741 1416/7894/741
f 667/7899/741 1363/7898/741 1417/7897/741
f 1417/7902/741 1416/7901/741 657/7900/741
f 1416/7905/741 564/7904/741 657/7903/741
f 657/7908/741 809/7907/741 1417/7906/741
f 1417/7911/741 809/7910/741 638/7909/741
f 718/7914/741 1417/7913/741 638/7912/741
f 667/7917/741 1417/7916/741 718/7915/741
f 667/7920/741 718/7919/741 666/7918/741
f 627/7923/741 715/7922/741 631/7921/741
f 814/7926/741 627/7925/741 631/7924/741
f 595/7929/741 814/7928/741 631/7927/741
f 596/7932/741 595/7931/741 631/7930/741
f 596/7935/741 631/7934/741 628/7933/741
f 631/7938/741 632/7937/741 628/7936/741
f 807/7941/741 618/7940/741 1375/7939/741
f 1418/7944/741 807/7943/741 1375/7942/741
f 1418/7947/741 1375/7946/741 713/7945/741
f 577/7950/741 807/7949/741 1418/7948/741
f 815/7953/741 1418/7952/741 713/7951/741
f 578/7956/741 577/7955/741 1418/7954/741
f 1418/7959/741 815/7958/741 816/7957/741
f 578/7962/741 1418/7961/741 816/7960/741
f 1351/7965/741 1350/7964/741 1381/7963/741
f 1419/7968/741 1351/7967/741 1381/7966/741
f 1352/7971/741 1351/7970/741 1419/7969/741
f 1374/7974/741 1352/7973/741 1419/7972/741
f 1374/7977/741 1419/7976/741 710/7975/741
f 1419/7980/741 709/7979/741 710/7978/741
f 1419/7983/741 1381/7982/741 709/7981/741
f 1381/7986/741 1367/7985/741 709/7984/741
f 818/7989/1436 74/7988/1436 612/7987/1436
f 74/7992/1436 301/7991/1436 612/7990/1436
f 176/7995/1437 752/7994/1437 1378/7993/1437
f 820/7998/1437 176/7997/1437 1378/7996/1437
f 178/8001/1302 289/8000/1302 609/7999/1302
f 821/8004/1302 178/8003/1302 609/8002/1302
f 675/8007/1434 691/8006/1434 674/8005/1434
f 675/8010/741 1420/8009/741 691/8008/741
f 691/8013/741 1420/8012/741 1332/8011/741
f 675/8016/1438 800/8015/1438 1420/8014/1438
f 1420/8019/741 702/8018/741 1332/8017/741
f 800/8022/1439 640/8021/1439 1420/8020/1439
f 702/8025/741 1420/8024/741 544/8023/741
f 640/8028/1439 545/8027/1439 1420/8026/1439
f 1420/8031/741 545/8030/741 544/8029/741
f 230/8034/1440 158/8033/1440 1386/8032/1440
f 1390/8037/1440 230/8036/1440 1386/8035/1440
f 230/8040/1440 1390/8039/1440 562/8038/1440
f 564/8043/1441 1416/8042/1441 233/8041/1441
f 233/8046/1441 1416/8045/1441 637/8044/1441
f 53/8049/1442 1383/8048/1442 565/8047/1442
f 1383/8052/1442 53/8051/1442 823/8050/1442
f 749/8055/1443 1312/8054/1443 1311/8053/1443
f 161/8058/1444 749/8057/1444 1311/8056/1444
f 161/8061/1445 1311/8060/1445 576/8059/1445
f 656/8064/741 723/8063/741 655/8062/741
f 656/8067/741 1421/8066/741 723/8065/741
f 723/8070/741 1421/8069/741 568/8068/741
f 656/8073/741 827/8072/741 1421/8071/741
f 827/8076/741 646/8075/741 1421/8074/741
f 1421/8079/741 569/8078/741 568/8077/741
f 646/8082/741 1337/8081/741 1421/8080/741
f 1421/8085/741 1337/8084/741 569/8083/741
f 1337/8088/741 563/8087/741 569/8086/741
f 669/8091/741 689/8090/741 668/8089/741
f 669/8094/741 1422/8093/741 689/8092/741
f 689/8097/741 1422/8096/741 1335/8095/741
f 669/8100/741 1336/8099/741 1422/8098/741
f 1336/8103/741 630/8102/741 1422/8101/741
f 1422/8106/741 1334/8105/741 1335/8104/741
f 630/8109/741 574/8108/741 1422/8107/741
f 1422/8112/741 574/8111/741 1334/8110/741
f 574/8115/741 573/8114/741 1334/8113/741
f 826/8118/1446 271/8117/1446 1314/8116/1446
f 271/8121/1446 364/8120/1446 1314/8119/1446
f 276/8124/1447 1369/8123/1447 592/8122/1447
f 1369/8127/1447 276/8126/1447 1339/8125/1447
f 276/8130/1448 447/8129/1448 1339/8128/1448
f 659/8133/741 693/8132/741 624/8131/741
f 659/8136/741 1423/8135/741 693/8134/741
f 693/8139/741 1423/8138/741 623/8137/741
f 659/8142/741 817/8141/741 1423/8140/741
f 817/8145/741 526/8144/741 1423/8143/741
f 1423/8148/741 524/8147/741 623/8146/741
f 526/8151/741 696/8150/741 1423/8149/741
f 1423/8154/741 696/8153/741 524/8152/741
f 696/8157/741 525/8156/741 524/8155/741
f 672/8160/741 692/8159/741 671/8158/741
f 672/8163/741 1424/8162/741 692/8161/741
f 692/8166/741 1424/8165/741 622/8164/741
f 672/8169/741 673/8168/741 1424/8167/741
f 1424/8172/741 801/8171/741 622/8170/741
f 673/8175/741 619/8174/741 1424/8173/741
f 801/8178/741 1424/8177/741 541/8176/741
f 619/8181/741 542/8180/741 1424/8179/741
f 1424/8184/741 542/8183/741 541/8182/741
f 521/8187/741 1324/8186/741 790/8185/741
f 1425/8190/741 521/8189/741 790/8188/741
f 1425/8193/741 790/8192/741 626/8191/741
f 522/8196/741 521/8195/741 1425/8194/741
f 714/8199/741 1425/8198/741 626/8197/741
f 822/8202/741 522/8201/741 1425/8200/741
f 714/8205/741 587/8204/741 1425/8203/741
f 587/8208/741 822/8207/741 1425/8206/741
f 1327/8211/741 520/8210/741 491/8209/741
f 1426/8214/741 1327/8213/741 491/8212/741
f 1426/8217/741 491/8216/741 490/8215/741
f 641/8220/741 1327/8219/741 1426/8218/741
f 482/8223/741 1426/8222/741 490/8221/741
f 695/8226/741 641/8225/741 1426/8224/741
f 482/8229/741 481/8228/741 1426/8227/741
f 481/8232/741 695/8231/741 1426/8230/741
f 722/8235/1449 588/8234/1449 826/8233/1449
f 1313/8238/1450 722/8237/1450 826/8236/1450
f 1313/8241/1451 826/8240/1451 1314/8239/1451
f 551/8244/741 550/8243/741 698/8242/741
f 1427/8247/741 551/8246/741 698/8245/741
f 1427/8250/741 698/8249/741 649/8248/741
f 1333/8253/741 551/8252/741 1427/8251/741
f 549/8256/741 1427/8255/741 649/8254/741
f 699/8259/741 1333/8258/741 1427/8257/741
f 549/8262/741 531/8261/741 1427/8260/741
f 531/8265/741 699/8264/741 1427/8263/741
f 669/8268/1452 461/8267/1452 50/8266/1452
f 50/8271/1452 1336/8270/1452 669/8269/1452
f 614/8274/741 537/8273/741 538/8272/741
f 538/8277/741 1428/8276/741 614/8275/741
f 1428/8280/741 712/8279/741 614/8278/741
f 538/8283/741 557/8282/741 1428/8281/741
f 712/8286/741 1428/8285/741 558/8284/741
f 557/8289/741 1325/8288/741 1428/8287/741
f 1428/8292/741 559/8291/741 558/8290/741
f 1325/8295/741 607/8294/741 1428/8293/741
f 607/8298/741 559/8297/741 1428/8296/741
f 447/8301/741 120/8300/741 276/8299/741
f 163/8304/741 120/8303/741 447/8302/741
f 1187/8307/1453 419/8306/1453 763/8305/1453
f 1187/8310/1454 185/8309/1454 419/8308/1454
f 764/8313/1455 185/8312/1455 1187/8311/1455
f 1322/8316/1456 185/8315/1456 806/8314/1456
f 1322/8319/1457 419/8318/1457 185/8317/1457
f 805/8322/1458 419/8321/1458 1322/8320/1458
f 36/8325/964 828/8324/964 949/8323/964
f 828/8328/964 8/8327/964 949/8326/964
f 828/8331/964 37/8330/964 1165/8329/964
f 960/8334/964 828/8333/964 1165/8332/964
f 959/8337/964 828/8336/964 960/8335/964
f 828/8340/964 959/8339/964 958/8338/964
f 828/8343/964 958/8342/964 962/8341/964
f 7/8346/964 828/8345/964 962/8344/964
f 1429/8349/359 970/8348/359 964/8347/359
f 1429/8352/359 964/8351/359 965/8350/359
f 972/8355/359 970/8354/359 1429/8353/359
f 1429/8358/359 965/8357/359 834/8356/359
f 972/8361/359 1429/8360/359 976/8359/359
f 1429/8364/359 834/8363/359 829/8362/359
f 830/8367/359 976/8366/359 1429/8365/359
f 830/8370/359 1429/8369/359 829/8368/359
f 1430/8373/359 840/8372/359 838/8371/359
f 1430/8376/359 838/8375/359 1013/8374/359
f 844/8379/359 840/8378/359 1430/8377/359
f 1430/8382/359 1013/8381/359 1022/8380/359
f 844/8385/359 1430/8384/359 1017/8383/359
f 1430/8388/359 1022/8387/359 1025/8386/359
f 1016/8391/359 1017/8390/359 1430/8389/359
f 1016/8394/359 1430/8393/359 1025/8392/359
f 1431/8397/359 1059/8396/359 1053/8395/359
f 1431/8400/359 1053/8399/359 1054/8398/359
f 1061/8403/359 1059/8402/359 1431/8401/359
f 1431/8406/359 1054/8405/359 1069/8404/359
f 1061/8409/359 1431/8408/359 1065/8407/359
f 1431/8412/359 1069/8411/359 15/8410/359
f 16/8415/359 1065/8414/359 1431/8413/359
f 16/8418/359 1431/8417/359 15/8416/359
f 1432/8421/359 1078/8420/359 1072/8419/359
f 1432/8424/359 1072/8423/359 1073/8422/359
f 1080/8427/359 1078/8426/359 1432/8425/359
f 1432/8430/359 1073/8429/359 1092/8428/359
f 1080/8433/359 1432/8432/359 1084/8431/359
f 1432/8436/359 1092/8435/359 1090/8434/359
f 1087/8439/359 1084/8438/359 1432/8437/359
f 1087/8442/359 1432/8441/359 1090/8440/359
f 911/8445/1459 1433/8444/1459 912/8443/1459
f 1433/8448/1459 913/8447/1459 912/8446/1459
f 911/8451/1459 914/8450/1459 1433/8449/1459
f 1162/8454/1459 913/8453/1459 1433/8452/1459
f 914/8457/1459 3/8456/1459 1433/8455/1459
f 3/8460/1459 1162/8459/1459 1433/8458/1459
f 975/8463/741 1434/8462/741 968/8461/741
f 968/8466/741 1434/8465/741 969/8464/741
f 975/8469/741 974/8468/741 1434/8467/741
f 969/8472/741 1434/8471/741 836/8470/741
f 1434/8475/741 974/8474/741 978/8473/741
f 836/8478/741 1434/8477/741 832/8476/741
f 978/8481/741 833/8480/741 1434/8479/741
f 1434/8484/741 833/8483/741 832/8482/741
f 999/8487/788 1435/8486/788 994/8485/788
f 1435/8490/788 991/8489/788 994/8488/788
f 1167/8493/788 1435/8492/788 999/8491/788
f 1435/8496/788 989/8495/788 991/8494/788
f 1167/8499/788 988/8498/788 1435/8497/788
f 988/8502/788 989/8501/788 1435/8500/788
f 1436/8505/9 13/8504/9 1000/8503/9
f 1001/8508/9 1436/8507/9 1000/8506/9
f 1436/8511/9 12/8510/9 13/8509/9
f 1001/8514/9 1437/8513/9 1436/8512/9
f 1436/8517/9 739/8516/9 12/8515/9
f 1437/8520/9 1170/8519/9 1436/8518/9
f 739/8523/9 1436/8522/9 41/8521/9
f 1436/8526/9 1170/8525/9 1169/8524/9
f 41/8529/9 1436/8528/9 43/8527/9
f 43/8532/9 1436/8531/9 1169/8530/9
f 842/8535/741 1438/8534/741 841/8533/741
f 841/8538/741 1438/8537/741 1015/8536/741
f 842/8541/741 845/8540/741 1438/8539/741
f 1015/8544/741 1438/8543/741 1024/8542/741
f 1438/8547/741 845/8546/741 1021/8545/741
f 1024/8550/741 1438/8549/741 1027/8548/741
f 1021/8553/741 1020/8552/741 1438/8551/741
f 1438/8556/741 1020/8555/741 1027/8554/741
f 1064/8559/741 1439/8558/741 1057/8557/741
f 1057/8562/741 1439/8561/741 1058/8560/741
f 1064/8565/741 1063/8564/741 1439/8563/741
f 1058/8568/741 1439/8567/741 1071/8566/741
f 1439/8571/741 1063/8570/741 1067/8569/741
f 1071/8574/741 1439/8573/741 18/8572/741
f 1067/8577/741 19/8576/741 1439/8575/741
f 1439/8580/741 19/8579/741 18/8578/741
f 1083/8583/741 1440/8582/741 1076/8581/741
f 1076/8586/741 1440/8585/741 1077/8584/741
f 1083/8589/741 1082/8588/741 1440/8587/741
f 1077/8592/741 1440/8591/741 1094/8590/741
f 1440/8595/741 1082/8594/741 1086/8593/741
f 1094/8598/741 1440/8597/741 1095/8596/741
f 1086/8601/741 1089/8600/741 1440/8599/741
f 1440/8604/741 1089/8603/741 1095/8602/741
f 780/8607/359 1441/8606/359 302/8605/359
f 1441/8610/359 147/8609/359 302/8608/359
f 1441/8613/359 780/8612/359 69/8611/359
f 146/8616/359 147/8615/359 1441/8614/359
f 70/8619/359 1441/8618/359 69/8617/359
f 168/8622/359 146/8621/359 1441/8620/359
f 70/8625/359 167/8624/359 1441/8623/359
f 167/8628/359 168/8627/359 1441/8626/359
f 778/8631/359 1442/8630/359 373/8629/359
f 1442/8634/359 135/8633/359 373/8632/359
f 1442/8637/359 778/8636/359 89/8635/359
f 134/8640/359 135/8639/359 1442/8638/359
f 90/8643/359 1442/8642/359 89/8641/359
f 745/8646/359 134/8645/359 1442/8644/359
f 90/8649/359 377/8648/359 1442/8647/359
f 377/8652/359 745/8651/359 1442/8650/359
f 750/8655/359 1443/8654/359 321/8653/359
f 1443/8658/359 237/8657/359 321/8656/359
f 1443/8661/359 750/8660/359 751/8659/359
f 236/8664/359 237/8663/359 1443/8662/359
f 1245/8667/359 1443/8666/359 751/8665/359
f 119/8670/359 236/8669/359 1443/8668/359
f 1245/8673/359 118/8672/359 1443/8671/359
f 118/8676/359 119/8675/359 1443/8674/359
f 768/8679/359 1444/8678/359 437/8677/359
f 1444/8682/359 266/8681/359 437/8680/359
f 1444/8685/359 768/8684/359 1224/8683/359
f 263/8688/359 266/8687/359 1444/8686/359
f 1225/8691/359 1444/8690/359 1224/8689/359
f 783/8694/359 263/8693/359 1444/8692/359
f 1225/8697/359 784/8696/359 1444/8695/359
f 784/8700/359 783/8699/359 1444/8698/359
f 183/8703/359 1445/8702/359 182/8701/359
f 1445/8706/359 205/8705/359 182/8704/359
f 1445/8709/359 183/8708/359 207/8707/359
f 186/8712/359 205/8711/359 1445/8710/359
f 208/8715/359 1445/8714/359 207/8713/359
f 760/8718/359 186/8717/359 1445/8716/359
f 208/8721/359 189/8720/359 1445/8719/359
f 189/8724/359 760/8723/359 1445/8722/359
f 740/8727/359 1446/8726/359 379/8725/359
f 1446/8730/359 87/8729/359 379/8728/359
f 1446/8733/359 740/8732/359 128/8731/359
f 86/8736/359 87/8735/359 1446/8734/359
f 129/8739/359 1446/8738/359 128/8737/359
f 741/8742/359 86/8741/359 1446/8740/359
f 129/8745/359 376/8744/359 1446/8743/359
f 376/8748/359 741/8747/359 1446/8746/359
f 744/8751/359 1447/8750/359 307/8749/359
f 1447/8754/359 75/8753/359 307/8752/359
f 1447/8757/359 744/8756/359 137/8755/359
f 72/8760/359 75/8759/359 1447/8758/359
f 138/8763/359 1447/8762/359 137/8761/359
f 777/8766/359 72/8765/359 1447/8764/359
f 138/8769/359 306/8768/359 1447/8767/359
f 306/8772/359 777/8771/359 1447/8770/359
f 195/8775/359 1448/8774/359 194/8773/359
f 1448/8778/359 216/8777/359 194/8776/359
f 1448/8781/359 195/8780/359 217/8779/359
f 215/8784/359 216/8783/359 1448/8782/359
f 218/8787/359 1448/8786/359 217/8785/359
f 1200/8790/359 215/8789/359 1448/8788/359
f 218/8793/359 298/8792/359 1448/8791/359
f 298/8796/359 1200/8795/359 1448/8794/359
f 753/8799/359 1449/8798/359 305/8797/359
f 1449/8802/359 141/8801/359 305/8800/359
f 1449/8805/359 753/8804/359 143/8803/359
f 140/8808/359 141/8807/359 1449/8806/359
f 144/8811/359 1449/8810/359 143/8809/359
f 1194/8814/359 140/8813/359 1449/8812/359
f 144/8817/359 303/8816/359 1449/8815/359
f 303/8820/359 1194/8819/359 1449/8818/359
f 1207/8823/359 1450/8822/359 240/8821/359
f 1450/8826/359 244/8825/359 240/8824/359
f 1450/8829/359 1207/8828/359 224/8827/359
f 243/8832/359 244/8831/359 1450/8830/359
f 225/8835/359 1450/8834/359 224/8833/359
f 766/8838/359 243/8837/359 1450/8836/359
f 225/8841/359 320/8840/359 1450/8839/359
f 320/8844/359 766/8843/359 1450/8842/359
f 761/8847/359 1451/8846/359 248/8845/359
f 1451/8850/359 283/8849/359 248/8848/359
f 1451/8853/359 761/8852/359 273/8851/359
f 282/8856/359 283/8855/359 1451/8854/359
f 59/8859/359 1451/8858/359 273/8857/359
f 459/8862/359 282/8861/359 1451/8860/359
f 59/8865/359 274/8864/359 1451/8863/359
f 1451/8868/359 274/8867/359 459/8866/359
f 1452/8871/788 1189/8870/788 1214/8869/788
f 1264/8874/788 1452/8873/788 1214/8872/788
f 1189/8877/788 1452/8876/788 1345/8875/788
f 1452/8880/788 1264/8879/788 260/8878/788
f 1452/8883/788 1394/8882/788 1345/8881/788
f 261/8886/788 1452/8885/788 260/8884/788
f 1394/8889/788 1452/8888/788 583/8887/788
f 1452/8892/788 261/8891/788 583/8890/788
f 1453/8895/788 175/8894/788 1218/8893/788
f 1255/8898/788 1453/8897/788 1218/8896/788
f 175/8901/788 1453/8900/788 1349/8899/788
f 1453/8904/788 1255/8903/788 1216/8902/788
f 1453/8907/788 1385/8906/788 1349/8905/788
f 343/8910/788 1453/8909/788 1216/8908/788
f 1385/8913/788 1453/8912/788 1347/8911/788
f 1453/8916/788 343/8915/788 1347/8914/788
f 1454/8919/9 345/8918/9 769/8917/9
f 1254/8922/9 1454/8921/9 769/8920/9
f 345/8925/9 1454/8924/9 811/8923/9
f 1454/8928/9 1254/8927/9 1234/8926/9
f 1454/8931/9 1384/8930/9 811/8929/9
f 329/8934/9 1454/8933/9 1234/8932/9
f 1384/8937/9 1454/8936/9 1365/8935/9
f 1454/8940/9 329/8939/9 1365/8938/9
f 1455/8943/9 101/8942/9 1230/8941/9
f 1263/8946/9 1455/8945/9 1230/8944/9
f 101/8949/9 1455/8948/9 1361/8947/9
f 1455/8952/9 1263/8951/9 1231/8950/9
f 1455/8955/9 1393/8954/9 1361/8953/9
f 153/8958/9 1455/8957/9 1231/8956/9
f 1393/8961/9 1455/8960/9 1362/8959/9
f 1455/8964/9 153/8963/9 1362/8962/9
f 1456/8967/9 381/8966/9 1227/8965/9
f 1267/8970/9 1456/8969/9 1227/8968/9
f 381/8973/9 1456/8972/9 1358/8971/9
f 1456/8976/9 1267/8975/9 1229/8974/9
f 1456/8979/9 1397/8978/9 1358/8977/9
f 151/8982/9 1456/8981/9 1229/8980/9
f 1397/8985/9 1456/8984/9 1360/8983/9
f 1456/8988/9 151/8987/9 1360/8986/9
f 1457/8991/788 1212/8990/788 1211/8989/788
f 378/8994/788 1457/8993/788 1211/8992/788
f 1212/8997/788 1457/8996/788 460/8995/788
f 1457/9000/788 378/8999/788 1342/8998/788
f 1457/9003/788 359/9002/788 460/9001/788
f 1343/9006/788 1457/9005/788 1342/9004/788
f 359/9009/788 1457/9008/788 728/9007/788
f 1457/9012/788 1343/9011/788 728/9010/788
f 1458/9015/741 821/9014/741 609/9013/741
f 519/9018/741 1458/9017/741 609/9016/741
f 821/9021/741 1458/9020/741 473/9019/741
f 519/9024/741 518/9023/741 1458/9022/741
f 1458/9027/741 474/9026/741 473/9025/741
f 518/9030/741 528/9029/741 1458/9028/741
f 527/9033/741 474/9032/741 1458/9031/741
f 528/9036/741 527/9035/741 1458/9034/741
f 1459/9039/741 819/9038/741 650/9037/741
f 511/9042/741 1459/9041/741 650/9040/741
f 819/9045/741 1459/9044/741 484/9043/741
f 511/9048/741 510/9047/741 1459/9046/741
f 1459/9051/741 485/9050/741 484/9049/741
f 510/9054/741 792/9053/741 1459/9052/741
f 653/9057/741 485/9056/741 1459/9055/741
f 792/9060/741 653/9059/741 1459/9058/741
f 1460/9063/741 795/9062/741 621/9061/741
f 567/9066/741 1460/9065/741 621/9064/741
f 795/9069/741 1460/9068/741 796/9067/741
f 567/9072/741 566/9071/741 1460/9070/741
f 1460/9075/741 1376/9074/741 796/9073/741
f 566/9078/741 501/9077/741 1460/9076/741
f 500/9081/741 1376/9080/741 1460/9079/741
f 501/9084/741 500/9083/741 1460/9082/741
f 1461/9087/741 810/9086/741 705/9085/741
f 586/9090/741 1461/9089/741 705/9088/741
f 810/9093/741 1461/9092/741 1355/9091/741
f 586/9096/741 585/9095/741 1461/9094/741
f 1461/9099/741 1356/9098/741 1355/9097/741
f 585/9102/741 824/9101/741 1461/9100/741
f 825/9105/741 1356/9104/741 1461/9103/741
f 824/9108/741 825/9107/741 1461/9106/741
f 1462/9111/741 533/9110/741 532/9109/741
f 546/9114/741 1462/9113/741 532/9112/741
f 533/9117/741 1462/9116/741 547/9115/741
f 546/9120/741 534/9119/741 1462/9118/741
f 1462/9123/741 548/9122/741 547/9121/741
f 534/9126/741 802/9125/741 1462/9124/741
f 535/9129/741 548/9128/741 1462/9127/741
f 802/9132/741 535/9131/741 1462/9130/741
f 1463/9135/741 787/9134/741 457/9133/741
f 458/9138/741 1463/9137/741 457/9136/741
f 787/9141/741 1463/9140/741 506/9139/741
f 458/9144/741 483/9143/741 1463/9142/741
f 1463/9147/741 507/9146/741 506/9145/741
f 483/9150/741 788/9149/741 1463/9148/741
f 652/9153/741 507/9152/741 1463/9151/741
f 788/9156/741 652/9155/741 1463/9154/741
f 1464/9159/741 791/9158/741 613/9157/741
f 476/9162/741 1464/9161/741 613/9160/741
f 791/9165/741 1464/9164/741 512/9163/741
f 476/9168/741 475/9167/741 1464/9166/741
f 1464/9171/741 513/9170/741 512/9169/741
f 475/9174/741 818/9173/741 1464/9172/741
f 612/9177/741 513/9176/741 1464/9175/741
f 818/9180/741 612/9179/741 1464/9178/741
f 1465/9183/741 540/9182/741 539/9181/741
f 554/9186/741 1465/9185/741 539/9184/741
f 540/9189/741 1465/9188/741 555/9187/741
f 554/9192/741 553/9191/741 1465/9190/741
f 1465/9195/741 556/9194/741 555/9193/741
f 553/9198/741 1331/9197/741 1465/9196/741
f 608/9201/741 556/9200/741 1465/9199/741
f 1331/9204/741 608/9203/741 1465/9202/741
f 1466/9207/741 797/9206/741 611/9205/741
f 515/9210/741 1466/9209/741 611/9208/741
f 797/9213/741 1466/9212/741 516/9211/741
f 515/9216/741 514/9215/741 1466/9214/741
f 1466/9219/741 517/9218/741 516/9217/741
f 514/9222/741 1326/9221/741 1466/9220/741
f 610/9225/741 517/9224/741 1466/9223/741
f 1326/9228/741 610/9227/741 1466/9226/741
f 1467/9231/741 1338/9230/741 570/9229/741
f 572/9234/741 1467/9233/741 570/9232/741
f 1338/9237/741 1467/9236/741 560/9235/741
f 572/9240/741 571/9239/741 1467/9238/741
f 1467/9243/741 561/9242/741 560/9241/741
f 571/9246/741 808/9245/741 1467/9244/741
f 620/9249/741 561/9248/741 1467/9247/741
f 808/9252/741 620/9251/741 1467/9250/741
f 1468/9255/9 308/9254/9 1316/9253/9
f 1315/9258/9 1468/9257/9 1316/9256/9
f 308/9261/9 1468/9260/9 1181/9259/9
f 1468/9264/9 1315/9263/9 1317/9262/9
f 1468/9267/9 1180/9266/9 1181/9265/9
f 1468/9270/9 1317/9269/9 268/9268/9
f 1180/9273/9 1468/9272/9 1182/9271/9
f 1182/9276/9 1468/9275/9 268/9274/9
f 1469/9279/788 177/9278/788 1222/9277/788
f 1246/9282/788 1469/9281/788 1222/9280/788
f 177/9285/788 1469/9284/788 1353/9283/788
f 1246/9288/788 78/9287/788 1469/9286/788
f 1469/9291/788 1377/9290/788 1353/9289/788
f 79/9294/788 1469/9293/788 78/9292/788
f 478/9297/788 1377/9296/788 1469/9295/788
f 1469/9300/788 79/9299/788 478/9298/788
f 1470/9303/741 803/9302/741 575/9301/741
f 598/9306/741 1470/9305/741 575/9304/741
f 803/9309/741 1470/9308/741 590/9307/741
f 598/9312/741 597/9311/741 1470/9310/741
f 1470/9315/741 465/9314/741 590/9313/741
f 597/9318/741 727/9317/741 1470/9316/741
f 591/9321/741 465/9320/741 1470/9319/741
f 591/9324/741 1470/9323/741 727/9322/741
f 361/9327/1460 108/9326/1460 685/9325/1460
f 108/9330/1461 361/9329/1461 413/9328/1461

